image_id,p_180
test_00000,0.003986999087528152
test_00001,0.9999998055687938
test_00002,0.9999571498095072
test_00003,0.013119960136253503
test_00004,0.9798786978519353
test_00005,0.008673518694716633
test_00006,0.9945398257274967
test_00007,0.9988859702542368
test_00008,0.9999927834326032
test_00009,0.0015306504841086695
test_00010,0.999999960878082
test_00011,6.687387697936647e-07
test_00012,0.0005607755562551653
test_00013,0.9999962252143509
test_00014,0.9546014767367557
test_00015,0.9999999887812555
test_00016,0.999999970514647
test_00017,1.4590456083956152e-05
test_00018,5.2004386917165095e-06
test_00019,1.82735598304856e-07
test_00020,1.7509265169954894e-10
test_00021,0.0004028601544075929
test_00022,0.9964648886107189
test_00023,0.00033346469676087985
test_00024,0.027032591462945177
test_00025,0.9999956485851977
test_00026,0.9997972623506328
test_00027,0.009143893132787177
test_00028,0.9918758658523465
test_00029,0.9999977252102676
test_00030,1.5085095710005138e-12
test_00031,0.9984768610690566
test_00032,0.9945160727047707
test_00033,0.8533065771166481
test_00034,0.9873599343686417
test_00035,0.999999993815982
test_00036,0.2361165103622831
test_00037,0.11991847256974006
test_00038,0.01459840727451281
test_00039,0.003492251449210773
test_00040,7.504609874894744e-07
test_00041,0.14509639968460522
test_00042,0.9895135108776406
test_00043,9.359303074815121e-11
test_00044,0.29693514027185264
test_00045,0.9994229008824966
test_00046,5.783255991674172e-07
test_00047,0.9998132033473983
test_00048,0.9420132435328139
test_00049,0.9855483725415332
test_00050,0.9582729889924984
test_00051,2.7941063065547334e-05
test_00052,3.2517687322378773e-12
test_00053,0.43336030073240184
test_00054,0.004273426308219959
test_00055,0.9025851970823149
test_00056,3.956148741561471e-06
test_00057,0.6281692397916646
test_00058,0.027520296786423662
test_00059,0.24857138395194733
test_00060,0.9795781034917421
test_00061,0.007866821108028162
test_00062,7.607336544424025e-05
test_00063,1.5896601421997922e-05
test_00064,1.0389206628772118e-05
test_00065,0.9999999996893374
test_00066,0.5651736622996542
test_00067,9.743577619311283e-06
test_00068,0.0001889679944402236
test_00069,0.4929924846359281
test_00070,0.9822106071461498
test_00071,0.9993965175241598
test_00072,0.9996452668441889
test_00073,0.999980509815124
test_00074,0.9912515210629881
test_00075,0.878932829055863
test_00076,0.0003094456208012219
test_00077,0.9987106988129584
test_00078,0.9999770449534342
test_00079,0.07304154030913636
test_00080,0.02848063141333045
test_00081,0.9999957046198954
test_00082,0.8590155709536084
test_00083,2.0953175582953546e-05
test_00084,0.9999999999973956
test_00085,0.99999987491928
test_00086,0.9999999988107988
test_00087,0.9999999940086794
test_00088,1.3764732543628662e-11
test_00089,0.9991354180155518
test_00090,0.04543393530138814
test_00091,6.120599844979483e-14
test_00092,0.9945048064763115
test_00093,0.0010977746911219571
test_00094,0.9992993591342669
test_00095,0.9999994966154503
test_00096,0.2943488108452009
test_00097,0.0002660263935413968
test_00098,1.6879521286259741e-07
test_00099,3.5227265241434055e-05
test_00100,0.030012324562518733
test_00101,3.7487248634861576e-05
test_00102,1.554716829488613e-05
test_00103,1.0
test_00104,0.9999998895373183
test_00105,7.661889187238615e-12
test_00106,0.11288357673372271
test_00107,0.9708879888633899
test_00108,7.746516699615846e-06
test_00109,4.0533246266730644e-08
test_00110,0.9999990108717545
test_00111,0.731536899631192
test_00112,0.999574806878089
test_00113,3.425601273477582e-10
test_00114,0.9999556163553907
test_00115,0.0002814140266370415
test_00116,1.942421197965596e-08
test_00117,0.8272154774910424
test_00118,0.9999999814517444
test_00119,0.5890084483437126
test_00120,0.00028288316810998854
test_00121,0.9999972134676456
test_00122,0.9999998175644449
test_00123,0.5077747548329621
test_00124,0.15573043931269734
test_00125,0.03488435276427123
test_00126,1.379801101773062e-05
test_00127,0.9999998548143894
test_00128,0.0018709770941368047
test_00129,0.003618991394528074
test_00130,0.9999899424960286
test_00131,4.185621953405274e-07
test_00132,0.9999959996211736
test_00133,0.9999163568090974
test_00134,1.6729202329152062e-07
test_00135,0.25214896112166063
test_00136,5.769643984036512e-10
test_00137,0.9942150004467937
test_00138,0.9999966640851549
test_00139,1.3434134937043106e-08
test_00140,0.9995912662424312
test_00141,0.00020148485247521605
test_00142,0.9979585172064133
test_00143,0.8678954898872444
test_00144,8.259497440275828e-06
test_00145,5.264320219886951e-09
test_00146,6.584746320017668e-13
test_00147,0.9999352842725554
test_00148,0.9999999994940714
test_00149,0.9993648536394784
test_00150,0.09650110305924049
test_00151,0.9999999997555378
test_00152,0.0018287152296566599
test_00153,0.005654316149691603
test_00154,0.761315829876711
test_00155,0.9999999998616068
test_00156,0.9999892921850895
test_00157,0.0002914339645387493
test_00158,0.9999999996700051
test_00159,0.9999819808697178
test_00160,0.9998688627283128
test_00161,0.339419754228876
test_00162,0.007837658457021814
test_00163,0.9821000828997578
test_00164,0.00915064193903365
test_00165,0.9575351315692238
test_00166,0.7320018841907816
test_00167,0.8361065732641809
test_00168,7.214489051172994e-06
test_00169,4.0231329093460324e-14
test_00170,0.9999662792270232
test_00171,0.9998431884996635
test_00172,0.991994671382098
test_00173,0.000378113613988118
test_00174,8.095472296221132e-11
test_00175,0.9999999999943485
test_00176,0.9999998929797576
test_00177,0.025275551040234115
test_00178,4.46008034686052e-07
test_00179,0.8199200730516036
test_00180,2.3087782287658788e-06
test_00181,0.9999962756957732
test_00182,0.9999999405223579
test_00183,0.9999999984891628
test_00184,0.9797338687414996
test_00185,0.5502108659489799
test_00186,0.07805307239350373
test_00187,0.9999999999999696
test_00188,0.999924652958171
test_00189,0.999994677037964
test_00190,0.00027022452206793663
test_00191,0.9927704067514879
test_00192,1.204558641973473e-12
test_00193,0.9534814777975902
test_00194,1.5240402812150925e-07
test_00195,1.3338941826091085e-05
test_00196,0.13073338557396472
test_00197,0.9925190527347783
test_00198,0.04380834409210316
test_00199,0.9999963372342457
test_00200,0.999999998328934
test_00201,0.9999993390948851
test_00202,0.9999084329405021
test_00203,0.999603171083967
test_00204,0.9991400991404251
test_00205,0.0006479958125350581
test_00206,4.9152514551443696e-05
test_00207,2.1799050656790517e-07
test_00208,0.0008875640645757161
test_00209,3.747641183071188e-05
test_00210,0.12206602385170377
test_00211,0.9999999934636161
test_00212,0.9437171174538355
test_00213,0.920938740717987
test_00214,0.9999999701179749
test_00215,0.0004591652808883124
test_00216,0.00034501843310333
test_00217,0.06518306858801245
test_00218,0.0648518831402928
test_00219,0.9948545294174147
test_00220,0.9999994383676124
test_00221,0.9958394082543803
test_00222,3.944991866312854e-06
test_00223,0.9976038035978905
test_00224,0.42385765472716697
test_00225,0.9996482832543903
test_00226,4.0418801423754093e-07
test_00227,0.0005145696349469909
test_00228,0.9999928958829161
test_00229,0.00010809407620376424
test_00230,0.0002151122412509862
test_00231,0.9993763461627226
test_00232,0.8256100847825172
test_00233,0.991790606293337
test_00234,0.00724393817404705
test_00235,0.9891842934331058
test_00236,4.542521285838061e-08
test_00237,3.4054939395249113e-07
test_00238,0.9994766677266353
test_00239,8.477570150830816e-06
test_00240,2.0548145465914134e-11
test_00241,3.4891679617371486e-10
test_00242,3.663023207137588e-09
test_00243,0.9564573996592557
test_00244,0.9999999999668985
test_00245,0.9999978708763659
test_00246,0.0003104698539334033
test_00247,0.9997082515888108
test_00248,0.9998007819323523
test_00249,0.9998493256940282
test_00250,0.9999977920275605
test_00251,1.1889152432489086e-09
test_00252,0.5678046630075718
test_00253,0.9999999998763534
test_00254,4.794389598919957e-09
test_00255,6.959799288401782e-10
test_00256,2.0226687945637244e-05
test_00257,2.1453621219314407e-12
test_00258,0.4893012454901995
test_00259,0.19983712278936952
test_00260,0.00042836016767027125
test_00261,0.3183796068001235
test_00262,0.9935923111482471
test_00263,0.46261707064368507
test_00264,0.9999464321669249
test_00265,0.8476662072173731
test_00266,0.00014881928180842174
test_00267,0.5363127915596597
test_00268,0.007270968972818204
test_00269,0.9999999617373718
test_00270,0.9167839271867008
test_00271,0.3555666602054518
test_00272,0.999999999917216
test_00273,1.4674506731685172e-05
test_00274,0.9802449939004579
test_00275,6.000334740239105e-12
test_00276,0.09779173414906313
test_00277,0.9997371702030063
test_00278,0.004209070039956923
test_00279,0.6918677872235319
test_00280,0.9939905180413513
test_00281,0.9244429056455258
test_00282,0.9994852937361753
test_00283,0.7257344987640837
test_00284,0.04821363448084455
test_00285,0.005302020739734047
test_00286,0.00034966966867954
test_00287,0.9999959048225155
test_00288,0.9847001567948397
test_00289,0.9999994452695558
test_00290,0.999947179385974
test_00291,0.9999969462198435
test_00292,0.5001452613793311
test_00293,1.698683908277902e-05
test_00294,0.9999890473950984
test_00295,0.9909097976182566
test_00296,0.9931393332262991
test_00297,0.5981706597553398
test_00298,0.20692116346892953
test_00299,0.9999994967535728
test_00300,0.0007610293021410093
test_00301,0.9999999999999671
test_00302,2.1863095054655175e-10
test_00303,0.33848409383787037
test_00304,0.00016829491220351513
test_00305,0.9738318961859662
test_00306,0.9999978942111566
test_00307,2.5715971307195105e-06
test_00308,7.048392219143903e-08
test_00309,0.4987560938046411
test_00310,0.9999991215771651
test_00311,0.9568649323197986
test_00312,0.0011612792881654456
test_00313,0.9999999998996743
test_00314,3.2977307588924786e-06
test_00315,0.9285350133620686
test_00316,0.9990726114675132
test_00317,1.68434938651211e-08
test_00318,0.9991116518824341
test_00319,0.9999999670607345
test_00320,0.9999999998159949
test_00321,0.5110601399544836
test_00322,0.9999993778951448
test_00323,0.9999998510178476
test_00324,6.25215058123708e-09
test_00325,0.9996469446110137
test_00326,0.0002824069589068463
test_00327,0.4960343087645448
test_00328,0.3846351697827816
test_00329,0.9991484518667466
test_00330,0.9999984728491442
test_00331,0.9999999968010147
test_00332,0.9999999999984535
test_00333,0.9999848985308986
test_00334,0.9999999999553028
test_00335,0.8765797775580617
test_00336,9.048917842807057e-07
test_00337,0.507048782730481
test_00338,0.05055383946392476
test_00339,0.21964496494730817
test_00340,0.17511919621917282
test_00341,6.153294093270986e-06
test_00342,0.9999986967470688
test_00343,0.976024179870324
test_00344,0.9999999999974061
test_00345,0.8811479498510303
test_00346,2.4667915739151925e-06
test_00347,4.174034573442576e-06
test_00348,0.9992025669277933
test_00349,0.00023465746176083065
test_00350,0.8833812352256609
test_00351,0.2234426551544795
test_00352,0.9987270095370211
test_00353,0.9999477849623728
test_00354,0.00044120802099449435
test_00355,0.9999944940211828
test_00356,1.686798526376184e-05
test_00357,9.183640612742793e-10
test_00358,0.9999949051387493
test_00359,0.9999999999997122
test_00360,0.9866893435156894
test_00361,0.9999980257640351
test_00362,0.9999357216854207
test_00363,0.9999999999988486
test_00364,0.9991140798588258
test_00365,0.9364295488774887
test_00366,0.9999991612175648
test_00367,2.151162816911448e-05
test_00368,0.002466901226997226
test_00369,0.9999977534108118
test_00370,0.0005497923050811629
test_00371,5.644592120436605e-08
test_00372,0.9999999298287334
test_00373,0.036068545889124455
test_00374,0.9999981758913289
test_00375,0.9997798791829442
test_00376,0.0001863211254146383
test_00377,2.967497695814308e-07
test_00378,0.7469778706838828
test_00379,1.2664781800444891e-11
test_00380,0.09758250212169496
test_00381,0.9974091113218461
test_00382,1.4676678505263828e-05
test_00383,0.009300127514489047
test_00384,0.9999999999649295
test_00385,0.038597654787996254
test_00386,0.9999997724596119
test_00387,0.9999563423896287
test_00388,0.9080915099300348
test_00389,0.9999999999585851
test_00390,0.9999957633924623
test_00391,3.1665910307410295e-06
test_00392,0.8977303765503402
test_00393,0.9999975507213821
test_00394,1.794185655482425e-05
test_00395,0.0015305365225624697
test_00396,0.2666561808393687
test_00397,0.9977294004967996
test_00398,0.00028034718705247845
test_00399,0.5116793431505647
test_00400,0.9999999949538503
test_00401,0.9166970605738136
test_00402,0.4534727245674911
test_00403,9.28699497355806e-06
test_00404,6.104031350410676e-06
test_00405,0.999999981272251
test_00406,0.9158067837396149
test_00407,2.2203382232392533e-10
test_00408,0.9952258266068208
test_00409,0.9865513932494807
test_00410,2.0553440204383406e-08
test_00411,9.745479268838392e-07
test_00412,1.8377684327057344e-08
test_00413,0.43342770537904235
test_00414,0.9217462864328143
test_00415,0.9901162802780626
test_00416,1.3911706520467674e-20
test_00417,2.5363981036059924e-09
test_00418,0.9999854411133059
test_00419,0.9999999999984661
test_00420,2.4851650272171767e-08
test_00421,0.9957403958572889
test_00422,0.999999999999983
test_00423,7.605016476423497e-15
test_00424,0.10670218948520292
test_00425,2.85044785041955e-07
test_00426,0.9992378368877425
test_00427,0.0002174746974638471
test_00428,0.1523288893200252
test_00429,0.9999999997606558
test_00430,0.999999999998453
test_00431,0.999996312761114
test_00432,0.9999999991946519
test_00433,0.03592704681322936
test_00434,1.2551310747688011e-06
test_00435,0.10080451200075483
test_00436,0.9999254829890045
test_00437,0.3379509872356494
test_00438,0.9996739648026165
test_00439,0.9963207829380056
test_00440,0.8112932108037318
test_00441,0.00012838883242471814
test_00442,0.9998155798421189
test_00443,0.6972914434769885
test_00444,0.999999999999662
test_00445,0.003584039079618656
test_00446,2.5118554621635018e-11
test_00447,1.9253557848710828e-11
test_00448,0.9999990539793504
test_00449,6.94600928747909e-05
test_00450,8.40622406651991e-12
test_00451,0.999999449985269
test_00452,0.9857677208583328
test_00453,0.012730772107533277
test_00454,0.5790826133943618
test_00455,0.9999534695191605
test_00456,0.999999743326792
test_00457,0.0032603919060499222
test_00458,0.9999647878244478
test_00459,0.9892563572948443
test_00460,0.3008342172839985
test_00461,0.9999999999999094
test_00462,0.00029361945212968824
test_00463,0.9999999805291047
test_00464,1.736867475345723e-12
test_00465,0.21419930825357078
test_00466,0.9999987456289218
test_00467,0.6150064175431244
test_00468,0.7821902589841826
test_00469,2.1070046956079123e-06
test_00470,0.0167186737503593
test_00471,5.421537553816513e-10
test_00472,2.2370319168955507e-06
test_00473,0.008266160222238503
test_00474,0.00022874476280422546
test_00475,3.3854831529268134e-14
test_00476,0.16403082165947652
test_00477,0.14440410388261726
test_00478,1.703653458564254e-11
test_00479,0.9999786498554369
test_00480,0.9999982913311953
test_00481,5.720963154263386e-06
test_00482,0.20954640135270017
test_00483,0.9982679352822662
test_00484,9.625133850533902e-15
test_00485,0.0010932378951052798
test_00486,0.0009499131625480808
test_00487,0.9983990039887034
test_00488,8.946323474647733e-07
test_00489,0.9999998558849715
test_00490,0.9948883217609121
test_00491,0.4622349638073092
test_00492,0.1927613504949136
test_00493,0.999999632814976
test_00494,0.9995111172744576
test_00495,0.9999921285155291
test_00496,0.48347951222282654
test_00497,0.9996391319508272
test_00498,0.5773358168304225
test_00499,2.9928739687250396e-09
test_00500,0.9999999998703566
test_00501,1.3882339228467162e-05
test_00502,0.9694282702646367
test_00503,0.04951996318121291
test_00504,0.9999988991393883
test_00505,0.5543729475471064
test_00506,0.9999273080440627
test_00507,7.308503141086849e-08
test_00508,0.9761761427152031
test_00509,0.014603607863724869
test_00510,0.9988419250255354
test_00511,0.7707651867470016
test_00512,0.9987012886117426
test_00513,0.9968680597868859
test_00514,5.633928323305748e-12
test_00515,0.001765419290498736
test_00516,0.0027014062893891064
test_00517,0.0010163438495158282
test_00518,0.005881833728173455
test_00519,0.9999999213551093
test_00520,5.69800898354444e-06
test_00521,0.9999999250278551
test_00522,0.9999993237363625
test_00523,3.4810248721903816e-10
test_00524,0.9999994379700996
test_00525,0.9523967580875674
test_00526,0.24978656672839814
test_00527,0.00010857326687221166
test_00528,0.09986880764815957
test_00529,0.9999999999993878
test_00530,0.002142574720052682
test_00531,0.7517847287775472
test_00532,0.11592277021055883
test_00533,3.1065130638412558e-09
test_00534,0.9999842904700258
test_00535,0.01710302730358089
test_00536,5.580050532688345e-11
test_00537,0.0034535109163739666
test_00538,0.9999998902441651
test_00539,0.005177077328542894
test_00540,0.8558453016973744
test_00541,0.00017691986342688727
test_00542,0.026643067431879632
test_00543,0.9999996045087802
test_00544,0.9995999611774316
test_00545,3.598001961426302e-05
test_00546,0.06910979533548671
test_00547,0.9999950028277045
test_00548,5.290570059373462e-05
test_00549,0.19258933087410218
test_00550,0.0006058514581439425
test_00551,2.0451152408153373e-06
test_00552,2.532299487282912e-09
test_00553,0.6452100969730565
test_00554,0.9495309163902831
test_00555,0.34597697240753084
test_00556,0.995487782297175
test_00557,0.9911887523549237
test_00558,3.7190767433169965e-05
test_00559,3.232311882561853e-09
test_00560,0.989528384840797
test_00561,0.3908206862066397
test_00562,0.6082774572296463
test_00563,2.55431962155105e-10
test_00564,0.9997612232302727
test_00565,0.999996608704028
test_00566,4.155405849831067e-12
test_00567,0.9814012116933684
test_00568,5.220800825760553e-09
test_00569,0.009176964457630051
test_00570,0.011560126942838186
test_00571,0.01968215448119998
test_00572,2.0357549922160677e-07
test_00573,0.002161760059600216
test_00574,4.660762167378094e-06
test_00575,0.249342353950517
test_00576,0.9604285667825849
test_00577,0.8922448182809981
test_00578,0.00019207426510077855
test_00579,0.8461851897848315
test_00580,0.9999999999784184
test_00581,0.9999999999959772
test_00582,0.06707974784105838
test_00583,0.992556506808568
test_00584,6.626883268944612e-07
test_00585,0.01220688245818628
test_00586,0.9999683589959439
test_00587,0.9999993781111004
test_00588,0.04816402899003525
test_00589,0.00012125158425551899
test_00590,8.594137901301678e-10
test_00591,5.801912078239559e-06
test_00592,5.200942621277903e-11
test_00593,0.45156524616071897
test_00594,0.9287425140413325
test_00595,0.4746680477388394
test_00596,0.0007983871602117922
test_00597,0.0018412963363794988
test_00598,0.9999997533141652
test_00599,0.02543816233540921
test_00600,0.30393961494671273
test_00601,0.9999999998513562
test_00602,0.8595315125825274
test_00603,0.03194343105766593
test_00604,0.8144000512903453
test_00605,0.7730541264731186
test_00606,0.9999999995801823
test_00607,0.4387964805493957
test_00608,0.10308192873687173
test_00609,2.6466232168317498e-09
test_00610,0.9999989624589924
test_00611,0.41585955262675633
test_00612,0.19363467387499675
test_00613,0.0015720527776029243
test_00614,0.7863884417553977
test_00615,0.999999999973243
test_00616,8.471206507478834e-05
test_00617,0.9628270477376012
test_00618,0.012263848357249243
test_00619,0.9999881860932293
test_00620,0.9999999638178629
test_00621,0.03426153971741003
test_00622,0.9999998157068113
test_00623,0.9994501729225674
test_00624,0.0002776220626299214
test_00625,0.002667906450558797
test_00626,0.7626472043402348
test_00627,0.044372901425901105
test_00628,0.0003733288215554111
test_00629,0.0078112295181418925
test_00630,0.9999999999831062
test_00631,0.9734422327733807
test_00632,0.9983717816339488
test_00633,0.8690521198428429
test_00634,0.9999999998643634
test_00635,4.973921142166137e-17
test_00636,0.14711293020461905
test_00637,0.3661873097253115
test_00638,4.860635309331143e-06
test_00639,0.9999951400036782
test_00640,0.0005265446865246733
test_00641,0.9999999997127687
test_00642,0.20794150151285276
test_00643,5.012239301991954e-06
test_00644,0.9990703643806353
test_00645,0.9999999935601585
test_00646,1.3514836147981257e-05
test_00647,0.0001964488383785632
test_00648,0.9899733327763298
test_00649,0.9937081876034752
test_00650,2.5908369626503017e-08
test_00651,0.39825821756585056
test_00652,0.020794912360365035
test_00653,0.999999999117523
test_00654,0.9993624148311937
test_00655,0.5734388292939285
test_00656,0.0008315716544750843
test_00657,0.5761974787432836
test_00658,0.985876788307662
test_00659,0.6508905230156614
test_00660,0.01158929396151706
test_00661,4.076556140934981e-09
test_00662,3.645267824572163e-06
test_00663,0.6979277521734415
test_00664,3.66735259762973e-06
test_00665,0.05277137607459628
test_00666,0.8737419965830941
test_00667,0.3179220501013901
test_00668,1.0535836368992857e-11
test_00669,0.002195956556648533
test_00670,0.5771275046453654
test_00671,0.999999750893169
test_00672,0.9999992024194749
test_00673,0.9999999999381404
test_00674,0.9994937205220205
test_00675,0.9950671716502318
test_00676,8.734105687387105e-05
test_00677,0.1580336346383669
test_00678,0.9999434974925039
test_00679,2.1382260003625637e-11
test_00680,0.10458978238190472
test_00681,0.9999840877946691
test_00682,0.9999994555629654
test_00683,0.9999053887631748
test_00684,0.9471514663411857
test_00685,0.9997354982100426
test_00686,0.9999303810600921
test_00687,0.304815375049309
test_00688,2.659331688599693e-05
test_00689,0.9999815187897829
test_00690,9.907563476299686e-06
test_00691,0.9999999765436864
test_00692,0.9999630934092845
test_00693,0.9999005562634345
test_00694,6.273594315978021e-06
test_00695,0.010601285766718677
test_00696,0.14509368834260164
test_00697,0.9999999882627899
test_00698,7.310542544108302e-05
test_00699,2.636236969414079e-09
test_00700,0.9965504428721784
test_00701,0.99572608753134
test_00702,0.9361582742063979
test_00703,4.4133129991621256e-07
test_00704,0.0004079718461496286
test_00705,0.9997614733349287
test_00706,5.742107170276023e-10
test_00707,0.9997204506502378
test_00708,2.0676736439340016e-19
test_00709,0.9681886210526425
test_00710,0.16586487771061886
test_00711,0.9997634391314456
test_00712,0.8604546771429928
test_00713,0.10428041836561673
test_00714,0.028323752283693673
test_00715,0.9999999999933475
test_00716,0.998763820258963
test_00717,0.7290668756986816
test_00718,0.00033892541896328264
test_00719,0.00010993519206620343
test_00720,0.9999998806915564
test_00721,1.4982055237908867e-06
test_00722,2.526138933794296e-07
test_00723,0.9999993515079388
test_00724,0.9787581448996676
test_00725,0.9816793095089439
test_00726,1.863618580054534e-05
test_00727,0.0003775239602235786
test_00728,0.999999999999972
test_00729,0.9999999999996991
test_00730,0.9968992613502548
test_00731,0.2633077718691964
test_00732,2.1600010922204313e-05
test_00733,0.01136043122808972
test_00734,0.9972237104291676
test_00735,0.07687609312199743
test_00736,0.25413181441143406
test_00737,0.9999975541668604
test_00738,5.422077992766434e-05
test_00739,0.9999999999962139
test_00740,0.003456183696232371
test_00741,0.9999999999947056
test_00742,0.9984468678254146
test_00743,0.7552687133898761
test_00744,0.0005787842755056471
test_00745,0.9766460308725453
test_00746,2.219170722748772e-06
test_00747,0.2381526379103757
test_00748,0.9999973678950337
test_00749,6.521492217938845e-11
test_00750,0.5620513191171578
test_00751,0.9999999995472658
test_00752,1.1292803334106707e-08
test_00753,1.0177793849439377e-05
test_00754,0.44943785098074884
test_00755,0.9921280492375975
test_00756,1.5349071246216268e-11
test_00757,3.0010987715920295e-07
test_00758,5.831364075504352e-08
test_00759,0.00014123805409095238
test_00760,0.9999998516251924
test_00761,0.9941983626226926
test_00762,0.0008346776226354694
test_00763,0.9981670298429624
test_00764,0.7613224831364678
test_00765,0.9999920397558568
test_00766,6.48807198253462e-11
test_00767,0.9988686403830687
test_00768,1.9242360632135894e-09
test_00769,1.159827924983963e-09
test_00770,0.999999999997647
test_00771,0.19855696903874293
test_00772,1.1978982144114405e-07
test_00773,0.9922756545481254
test_00774,0.9914528624343613
test_00775,0.9999999990757906
test_00776,0.9999999992164296
test_00777,0.00010502724708212513
test_00778,0.00022725174488597867
test_00779,0.008879940950277807
test_00780,0.9564622748306919
test_00781,0.0008632596105119852
test_00782,0.49518641969537497
test_00783,0.9270236562986522
test_00784,0.9701915951538009
test_00785,0.9994296109568426
test_00786,0.9999977698559421
test_00787,1.822166228800898e-09
test_00788,0.9995583058764357
test_00789,0.9999999928656926
test_00790,0.974700486368357
test_00791,0.9999992665375737
test_00792,0.9999920389914551
test_00793,4.681645470416983e-10
test_00794,0.9958332351407979
test_00795,0.00019537460139226558
test_00796,1.0744760760492044e-10
test_00797,0.00046305993100206254
test_00798,0.9833862294975022
test_00799,0.9951536204879768
test_00800,6.346519568312863e-05
test_00801,6.37510769956651e-06
test_00802,1.1007917784116119e-05
test_00803,6.70121461381737e-05
test_00804,0.2157252752658654
test_00805,0.040575750343840276
test_00806,0.9999999998103466
test_00807,0.9985877905964183
test_00808,0.0005036505344202882
test_00809,0.41728831974482605
test_00810,0.825036380755923
test_00811,0.9999999999736805
test_00812,0.9118646636762848
test_00813,0.15544662815889237
test_00814,0.5801122971670687
test_00815,0.05502032968833226
test_00816,0.0014950151847217014
test_00817,0.0001431768734402653
test_00818,1.3462414324264308e-09
test_00819,0.998518862158327
test_00820,0.01523508388060175
test_00821,3.1915478595437046e-05
test_00822,0.7601688875473124
test_00823,1.147113099398577e-05
test_00824,1.1265412939166841e-08
test_00825,0.999992841751868
test_00826,0.9999997721810374
test_00827,0.999318651630996
test_00828,0.9996778946020042
test_00829,0.9996631557899754
test_00830,0.9999997918072314
test_00831,0.9997663815652411
test_00832,1.1028484989708511e-10
test_00833,8.311763527300491e-07
test_00834,0.00026395698987609893
test_00835,0.07240048875526653
test_00836,0.9999997171197832
test_00837,0.9999799146563477
test_00838,1.1260842291371474e-11
test_00839,3.662004083030709e-11
test_00840,0.004650580823207434
test_00841,0.15670216734352796
test_00842,0.9995183936680286
test_00843,0.9999999999999718
test_00844,0.00022547571566676236
test_00845,4.43850735525299e-07
test_00846,0.9999215515263524
test_00847,0.09243260974933079
test_00848,4.718201536585873e-05
test_00849,0.2192073460047445
test_00850,0.0017489931706651132
test_00851,0.9458234412224041
test_00852,0.9990338408247207
test_00853,0.9999994249780677
test_00854,0.18804802051317954
test_00855,0.4206193624846974
test_00856,0.9913943421863585
test_00857,0.0037467890863920423
test_00858,4.5599700862512483e-07
test_00859,0.9968078490761412
test_00860,0.5575521557710739
test_00861,0.9999998150457226
test_00862,0.0008154981134286764
test_00863,0.9999999999980113
test_00864,0.003433699605825148
test_00865,5.392339793099233e-05
test_00866,0.045906747757110136
test_00867,0.04925611918355654
test_00868,0.9071515053718118
test_00869,0.08949683624461263
test_00870,0.5705168355472339
test_00871,6.979246212914909e-08
test_00872,2.6518130658898213e-06
test_00873,0.9992911254907035
test_00874,3.6099030370705585e-05
test_00875,0.7772537471688947
test_00876,0.06928311828765228
test_00877,0.0002764307192695611
test_00878,5.743359382607993e-10
test_00879,0.9999999984696883
test_00880,0.02043659882797206
test_00881,0.9999996493464705
test_00882,0.8603261296053659
test_00883,0.9974652756584339
test_00884,0.9086306177211267
test_00885,0.9187908248312003
test_00886,0.016810122191684783
test_00887,0.3395235618610026
test_00888,3.7796770549041744e-08
test_00889,0.9999795435942089
test_00890,0.7091495477589916
test_00891,0.9999999751632285
test_00892,0.026954515326952352
test_00893,0.99999929092212
test_00894,0.9999306888081453
test_00895,0.9941719987447927
test_00896,0.9999999993224565
test_00897,0.8683419423859082
test_00898,0.9765832537869297
test_00899,0.0003281343792354158
test_00900,9.637120617276998e-07
test_00901,0.9999999997761857
test_00902,0.34349814647712407
test_00903,0.9999999978332923
test_00904,0.9999999999999993
test_00905,0.0027463859017505202
test_00906,0.019780003130530688
test_00907,0.970939873511377
test_00908,1.1354849042258304e-10
test_00909,0.9997402111918952
test_00910,1.1799131206590078e-08
test_00911,0.9999999977144078
test_00912,0.8823442403990966
test_00913,0.005534479781536495
test_00914,0.45304070093805426
test_00915,0.7839553959372716
test_00916,0.00040869986267999704
test_00917,0.9999999980503294
test_00918,5.9054605852671716e-05
test_00919,1.4627224356976012e-09
test_00920,3.706428241844824e-11
test_00921,4.578680746885332e-08
test_00922,0.43606420121216605
test_00923,5.350854765478706e-09
test_00924,0.9999956930793986
test_00925,0.9999999999980629
test_00926,0.9943795346274442
test_00927,0.00010522310983283932
test_00928,0.9823527353731959
test_00929,0.16670838605413382
test_00930,5.917600687934632e-11
test_00931,0.9999999756985557
test_00932,0.00026611729404544995
test_00933,0.9998794433521503
test_00934,0.9999999976715306
test_00935,1.0908650311690872e-05
test_00936,0.9973659824066698
test_00937,0.999984237392266
test_00938,0.006226441815841506
test_00939,0.9999999999957383
test_00940,0.9997803798625826
test_00941,0.9999999815338141
test_00942,0.9999985090587198
test_00943,0.0008859527396437666
test_00944,1.9031188562706327e-05
test_00945,0.3744699847255176
test_00946,0.9987924010469631
test_00947,0.04751869142881597
test_00948,0.00029440225471081253
test_00949,2.037716182273831e-07
test_00950,3.6734075115208583e-09
test_00951,0.6348497528646146
test_00952,0.16109004782527853
test_00953,0.999093058414147
test_00954,0.034505510829383156
test_00955,0.9999999952680725
test_00956,0.9999998576492313
test_00957,0.8301821355819023
test_00958,0.011570454670513113
test_00959,0.5382480061925534
test_00960,1.08402002947214e-06
test_00961,0.9996423102649973
test_00962,0.0030341617030935413
test_00963,0.9999999998861578
test_00964,0.9999895243084654
test_00965,0.9999809404345263
test_00966,0.5321787858633393
test_00967,1.6294298520079082e-10
test_00968,0.09612999873982178
test_00969,0.9878805681395257
test_00970,0.99935373164259
test_00971,0.999999989435779
test_00972,0.4120890408661396
test_00973,4.025776800612102e-05
test_00974,0.0009517385579675601
test_00975,0.9991216758426247
test_00976,0.9999770764026319
test_00977,0.9834640499466385
test_00978,0.0009595667543209529
test_00979,0.6854735138318864
test_00980,0.9999999999944065
test_00981,0.996387549842497
test_00982,0.47254039931338304
test_00983,0.02130629695078436
test_00984,0.4757400284495909
test_00985,0.9901809264592838
test_00986,0.00047105367909033483
test_00987,0.004518975783652198
test_00988,0.5176117771096626
test_00989,0.9886491895282289
test_00990,0.009990692320027264
test_00991,0.8423865310000955
test_00992,1.510635083891458e-11
test_00993,9.931868264231522e-05
test_00994,0.025775953624232698
test_00995,7.191314326503742e-06
test_00996,0.9995886519384516
test_00997,0.9999999997118014
test_00998,2.6301827008635505e-08
test_00999,1.252261882940487e-07
test_01000,0.003000494396882289
test_01001,0.9515174981010792
test_01002,0.07708661402107424
test_01003,0.7720502828495179
test_01004,0.17342121529285065
test_01005,1.276394671174469e-09
test_01006,0.056023286595658986
test_01007,7.779434107917923e-05
test_01008,0.9358548992433122
test_01009,0.9999999948636844
test_01010,0.9714034743787023
test_01011,0.96809299454427
test_01012,0.6128639378813134
test_01013,0.04029391864491039
test_01014,2.334495880297354e-10
test_01015,0.9999995607921315
test_01016,0.9997621353212067
test_01017,0.00883614846828321
test_01018,0.999999999999895
test_01019,0.9998362407524859
test_01020,0.9947121376630456
test_01021,0.9998822922848598
test_01022,0.17520997928120816
test_01023,0.9466225400956565
test_01024,0.0009282900988965661
test_01025,0.7468477654446202
test_01026,0.9996862755596749
test_01027,0.00015183688718990168
test_01028,0.0009729788530170385
test_01029,0.9999999999188773
test_01030,0.9999994252533644
test_01031,0.6801163753661259
test_01032,8.51512242381568e-13
test_01033,0.999999995115596
test_01034,0.20217129262412953
test_01035,0.00022516833466652877
test_01036,0.9983476823887598
test_01037,0.9999999959942207
test_01038,0.9450353166550756
test_01039,0.9999970302137904
test_01040,0.9325996736642641
test_01041,0.9998192572284381
test_01042,0.9999338100333439
test_01043,0.9335368715841261
test_01044,0.9999999999999998
test_01045,0.7692930881578651
test_01046,3.9186739328433784e-07
test_01047,0.9990906629242502
test_01048,0.999999999865764
test_01049,2.00935640869832e-05
test_01050,0.0002372471873064436
test_01051,0.8992196765845519
test_01052,0.9996438741052622
test_01053,1.7782529438938735e-09
test_01054,0.5265630998844413
test_01055,0.00011370769594742816
test_01056,8.466955162796033e-07
test_01057,8.591960010418339e-10
test_01058,0.9999999978487664
test_01059,0.8612689774622918
test_01060,0.9195997319828491
test_01061,0.9892231301601503
test_01062,0.5525153629197583
test_01063,3.887005987836154e-10
test_01064,0.07475550433000605
test_01065,0.28504471474002024
test_01066,0.027174980739393076
test_01067,0.34765729995193284
test_01068,0.999999999999127
test_01069,0.00012179961833726265
test_01070,0.9999951505231965
test_01071,0.9999999999924964
test_01072,0.9965961305739379
test_01073,0.999999999993022
test_01074,0.7417751439077261
test_01075,0.0007996142702448423
test_01076,0.0029938246352376836
test_01077,0.9835647452316982
test_01078,1.1081860024893186e-09
test_01079,0.9999999999983568
test_01080,0.9999999977636562
test_01081,0.9999994070199925
test_01082,0.9983591507733179
test_01083,0.999580290834607
test_01084,0.106850760781608
test_01085,0.6203193709406023
test_01086,0.9930605189944279
test_01087,0.04182095789861017
test_01088,0.017013498118707636
test_01089,0.9999042881025861
test_01090,0.9999998846662774
test_01091,0.9999690435137198
test_01092,0.5143551285240704
test_01093,4.912519237896357e-08
test_01094,2.438540785575536e-08
test_01095,0.999999921181215
test_01096,0.05774120441495407
test_01097,0.9999972645312504
test_01098,0.999999971383516
test_01099,0.4079884568908791
test_01100,3.691445589547689e-07
test_01101,5.290759723210548e-07
test_01102,0.9999994379589968
test_01103,0.0197781076724841
test_01104,0.030273511982551314
test_01105,0.8527164705173147
test_01106,1.2285750954048106e-05
test_01107,0.9999368520353793
test_01108,0.8846389151079719
test_01109,0.007323086256375803
test_01110,0.9999999999972478
test_01111,1.0258405440081047e-15
test_01112,0.29253015561697726
test_01113,0.6418341931642317
test_01114,1.485329422231811e-07
test_01115,1.1714443972679773e-09
test_01116,0.6115696254242131
test_01117,0.9999999999811957
test_01118,1.1889738867083267e-05
test_01119,0.043118615210236855
test_01120,0.005560585169005525
test_01121,0.999999988717043
test_01122,0.5529232996966753
test_01123,0.36686646868354666
test_01124,0.0001349718704201522
test_01125,0.8735192161413592
test_01126,0.9999999919437812
test_01127,1.584490213928876e-07
test_01128,0.4667149286709056
test_01129,0.619902080622475
test_01130,0.9999976361550396
test_01131,0.0007462699907520793
test_01132,4.54511431018812e-06
test_01133,1.0146953489996159e-10
test_01134,1.0926947205687746e-08
test_01135,0.7388460308145032
test_01136,0.5269833017923662
test_01137,0.999180301119992
test_01138,0.5394393448806809
test_01139,1.8858418523519245e-05
test_01140,0.6450356505360921
test_01141,0.9999999879605659
test_01142,0.7840476660549066
test_01143,0.9999978944269896
test_01144,0.9999990803737404
test_01145,0.9568000600768946
test_01146,0.9942914945598846
test_01147,0.012444176114136368
test_01148,0.9999999740648822
test_01149,0.4454648755300122
test_01150,0.9999999921317377
test_01151,0.0005735154897170945
test_01152,0.010940657038289427
test_01153,0.999998991309432
test_01154,0.9997280920456102
test_01155,0.041605347349839165
test_01156,8.68437563746393e-14
test_01157,2.5370440628164112e-05
test_01158,0.08394456867039415
test_01159,4.0687486402525244e-05
test_01160,9.911424782311627e-11
test_01161,0.0009378370687948211
test_01162,1.1883480634262554e-10
test_01163,0.9999693775377843
test_01164,1.0629968013449725e-09
test_01165,8.32066057604351e-06
test_01166,0.9999949488233213
test_01167,0.999999024427345
test_01168,0.31770845159359357
test_01169,0.013384932299437062
test_01170,0.10008399518099341
test_01171,0.9999767547839866
test_01172,0.9999775582145104
test_01173,0.0017791770253687599
test_01174,0.9980863732394394
test_01175,4.0925584740735084e-14
test_01176,3.579682654517503e-07
test_01177,0.999999892531196
test_01178,0.8237164434357851
test_01179,0.020589062594622204
test_01180,3.2811860238856223e-11
test_01181,0.017855506431168917
test_01182,0.8764772660071165
test_01183,0.9977193106759212
test_01184,0.9999988844522512
test_01185,9.22392190121758e-06
test_01186,0.29503271380369345
test_01187,0.03447864009429986
test_01188,2.717181075187299e-09
test_01189,5.8892377811944e-10
test_01190,0.049629924976559776
test_01191,0.03811091804802599
test_01192,0.9999992815782383
test_01193,0.0008625047964159007
test_01194,0.9998539674885231
test_01195,0.9999726524954679
test_01196,0.7410991841662202
test_01197,0.577563438446892
test_01198,0.13189021441846618
test_01199,3.2804504474215926e-11
test_01200,0.9999999998990394
test_01201,3.069256794472025e-05
test_01202,0.9999999969957003
test_01203,0.9584295988796152
test_01204,0.0025985949087832024
test_01205,2.0691970096188825e-08
test_01206,0.9560981711758885
test_01207,6.171332323424513e-08
test_01208,0.9993345015965307
test_01209,0.3336453799144171
test_01210,0.9999999999308529
test_01211,0.8131280032140568
test_01212,0.00491019161243211
test_01213,0.9938379415999751
test_01214,0.5327125771185901
test_01215,6.912187780523433e-08
test_01216,0.99999995937194
test_01217,9.428772883462567e-06
test_01218,2.5796837279115523e-06
test_01219,0.0032235384489746684
test_01220,0.9999999989373733
test_01221,0.9999999999678184
test_01222,1.5884354955555355e-06
test_01223,0.9996400623373036
test_01224,0.9999993180555218
test_01225,0.35903486268474366
test_01226,0.0011303514101989333
test_01227,0.9990258355363226
test_01228,3.0184124915160485e-07
test_01229,0.999951425382309
test_01230,0.9999999604945987
test_01231,0.9410198406429695
test_01232,2.1608159815768435e-10
test_01233,0.9995021914558466
test_01234,0.2806834450849255
test_01235,0.9989334875162843
test_01236,0.9999584373808947
test_01237,8.089247985085155e-08
test_01238,3.726917397590391e-05
test_01239,0.9999999717288188
test_01240,0.9997774726634117
test_01241,0.9582632371979829
test_01242,0.021272035874829148
test_01243,0.16252851436764632
test_01244,3.5604242853102986e-09
test_01245,0.9999999999853572
test_01246,0.9997097800363623
test_01247,0.9958649895518007
test_01248,0.0023729690095345593
test_01249,0.9999997265205796
test_01250,0.5322001026802542
test_01251,0.9636504314734295
test_01252,0.0795380328422398
test_01253,0.6113168088747005
test_01254,0.9999980585049761
test_01255,0.9999842062205384
test_01256,0.9876409820395922
test_01257,0.28685359615635153
test_01258,4.249096925452701e-07
test_01259,0.289970363652036
test_01260,0.05957863322505343
test_01261,0.999999977087491
test_01262,0.43776112718478555
test_01263,0.9999999372311484
test_01264,0.023919995838050122
test_01265,0.9999999929318464
test_01266,9.930616313834181e-05
test_01267,6.499763677168917e-08
test_01268,1.554755137746762e-05
test_01269,0.7508614544964505
test_01270,0.9421878262552209
test_01271,1.187261868989358e-09
test_01272,2.8039355187683975e-13
test_01273,8.372877166368663e-06
test_01274,0.0014559174143451586
test_01275,0.9999694540978379
test_01276,4.363834460710535e-11
test_01277,0.21860901165466423
test_01278,0.4415436209003503
test_01279,0.00030906840402740557
test_01280,0.4155554524522213
test_01281,0.9875382185805041
test_01282,0.9996082609384909
test_01283,0.99991660983762
test_01284,3.3408683693189314e-10
test_01285,0.09994710400455788
test_01286,0.9579650299566109
test_01287,0.9611425485637493
test_01288,0.4673349037162252
test_01289,0.9996084736142603
test_01290,0.9999861508956137
test_01291,1.4787409149620009e-08
test_01292,0.6117118517597968
test_01293,7.310246378233096e-08
test_01294,0.9999999954602454
test_01295,0.990729547106203
test_01296,0.9737328638961691
test_01297,0.9955163318369489
test_01298,0.3804870860555818
test_01299,0.9999927701135671
test_01300,3.914017143571177e-12
test_01301,0.9999999295442725
test_01302,0.8696722221514759
test_01303,0.08474404354135563
test_01304,0.2119802273159958
test_01305,0.0005561784204656918
test_01306,0.0009505535800433864
test_01307,0.9999997744799655
test_01308,0.9999999669464131
test_01309,4.139275053221504e-06
test_01310,0.9999996384392749
test_01311,3.091392638972647e-08
test_01312,0.9999999999959537
test_01313,1.3333493573452905e-08
test_01314,0.9999943339671936
test_01315,0.04796895522274859
test_01316,0.3931475999327487
test_01317,0.9999999995925147
test_01318,3.5479960021879103e-06
test_01319,0.03410605160360673
test_01320,0.32152491136576
test_01321,0.007221602198151794
test_01322,0.9965791086800546
test_01323,1.995951266557886e-06
test_01324,7.772429225928155e-15
test_01325,0.9962876168825998
test_01326,0.0010250759414266613
test_01327,0.2040862690819296
test_01328,0.9999999968170847
test_01329,0.999999788118171
test_01330,0.999999996256832
test_01331,3.7108828321196045e-07
test_01332,0.6282346199228016
test_01333,0.9697440183670436
test_01334,0.3674493659927953
test_01335,0.9999985053227709
test_01336,0.8960858321679273
test_01337,0.9999999979249508
test_01338,0.9999848604596433
test_01339,0.9933298813328101
test_01340,2.965409946247694e-06
test_01341,0.9995446716631956
test_01342,0.4629807783799334
test_01343,0.9697967818939709
test_01344,0.9999999944301552
test_01345,0.7630469643547979
test_01346,0.015473751921839956
test_01347,0.9999999999290277
test_01348,1.558149974324149e-10
test_01349,0.5142415764012048
test_01350,0.9899646233790971
test_01351,0.9999999715947434
test_01352,0.9999861835365929
test_01353,2.244600898752759e-07
test_01354,0.9955625825560417
test_01355,0.6697992115189528
test_01356,0.017289684807600538
test_01357,0.19790449763835083
test_01358,0.9999969025329851
test_01359,0.4164316958106259
test_01360,4.46104414151881e-11
test_01361,0.9999999889439182
test_01362,6.161265739003709e-14
test_01363,0.9999999916064926
test_01364,0.9192020719832192
test_01365,0.41301811758245877
test_01366,0.0245536152249042
test_01367,0.9994031526239764
test_01368,0.4725540597217892
test_01369,0.00030838880666623483
test_01370,9.296266958352036e-07
test_01371,5.058404588876061e-08
test_01372,0.10644330572139445
test_01373,0.9999999989926773
test_01374,0.9999646634863335
test_01375,1.4110101540832167e-07
test_01376,0.0005305909320820431
test_01377,7.459628984346931e-06
test_01378,3.458763363490373e-07
test_01379,1.9343065242399565e-09
test_01380,0.006682030566825384
test_01381,0.00018333045828730879
test_01382,0.9852225681981973
test_01383,0.9605651089881946
test_01384,0.9999150552363061
test_01385,0.9998735143878583
test_01386,0.37054487038094847
test_01387,0.00013352198312839878
test_01388,0.005240332278796674
test_01389,3.0153798096480534e-13
test_01390,3.3879203888740917e-07
test_01391,1.100396539751069e-06
test_01392,0.9529508818687944
test_01393,0.9996131377606803
test_01394,4.228727570600831e-08
test_01395,0.9999999989153479
test_01396,0.9999997896285817
test_01397,0.9011926819687248
test_01398,0.07169355166810071
test_01399,0.02540655259993573
test_01400,0.751831524372629
test_01401,7.752075747727877e-05
test_01402,0.003608275602390415
test_01403,0.8134799855101116
test_01404,0.9964879936303139
test_01405,0.9995135409815947
test_01406,0.13048240109289683
test_01407,0.7194093063161233
test_01408,0.9999998965001211
test_01409,0.9997184598090738
test_01410,0.9987569231020141
test_01411,0.04728603793961566
test_01412,4.0444511698134735e-08
test_01413,0.00010155272028880293
test_01414,0.006626864896464255
test_01415,0.9635466665944925
test_01416,0.9999999979508102
test_01417,3.1581124129215274e-06
test_01418,0.9989378640629609
test_01419,0.0624287654293647
test_01420,8.005518168002576e-10
test_01421,0.05199552688919333
test_01422,0.002757749026320028
test_01423,0.9999985870855252
test_01424,0.9978029264682744
test_01425,0.9999725418919414
test_01426,0.6718757954910606
test_01427,0.014685194174802864
test_01428,0.9999998708399525
test_01429,0.6637523712995116
test_01430,0.07291589218776162
test_01431,2.4271530573295713e-09
test_01432,0.9998668823247681
test_01433,0.9364046912926887
test_01434,0.9996945796705621
test_01435,3.0728715555098144e-11
test_01436,3.1697596180917205e-06
test_01437,0.00037753435199946875
test_01438,3.961634302470461e-07
test_01439,0.951829134363624
test_01440,0.9247730726769368
test_01441,0.3724369746766433
test_01442,0.9999988325720648
test_01443,0.14311908620605585
test_01444,0.2751235159534175
test_01445,0.9999998448291765
test_01446,0.0003078262195948809
test_01447,0.6206297329150572
test_01448,0.9999999999192832
test_01449,0.9940655705487369
test_01450,0.9926695441652302
test_01451,0.20953398128854583
test_01452,0.9999999989497419
test_01453,0.9999995662360179
test_01454,0.9421226880753599
test_01455,0.999866216805311
test_01456,0.7630555047272183
test_01457,0.9999302523361202
test_01458,0.98247269072816
test_01459,0.9999999999999559
test_01460,1.10185225484541e-07
test_01461,9.344399641420815e-07
test_01462,1.0565304011020626e-08
test_01463,0.9950002192183633
test_01464,2.0034274406584395e-07
test_01465,0.7256464416497554
test_01466,0.9999999995613897
test_01467,0.9999233485485599
test_01468,0.9595475082605722
test_01469,5.486761889073583e-06
test_01470,0.4003534786187149
test_01471,0.7209264514448489
test_01472,0.9413044850205041
test_01473,3.862365769124161e-07
test_01474,0.9312596672652012
test_01475,1.1720451457321178e-09
test_01476,0.0018128642749468665
test_01477,2.0145854981337117e-11
test_01478,0.021017922339275363
test_01479,0.15458462340057952
test_01480,0.9999999999924031
test_01481,0.7270206872390235
test_01482,4.2884713488566295e-05
test_01483,0.562482396188949
test_01484,9.50417332669268e-09
test_01485,0.4113600511030838
test_01486,0.9999998474205125
test_01487,4.6027733345229585e-12
test_01488,0.9999999955641776
test_01489,0.16787826250831747
test_01490,0.5309191955971235
test_01491,0.0001944590067455099
test_01492,2.1732195840763216e-06
test_01493,0.0001077063592626394
test_01494,1.662443361499574e-05
test_01495,2.1203046088097067e-05
test_01496,0.9989912936826036
test_01497,0.8106539575498344
test_01498,0.508132017675505
test_01499,2.4023761283453836e-08
test_01500,0.3063824744028839
test_01501,0.5280827905849991
test_01502,0.35888981100904427
test_01503,0.9199181344170917
test_01504,0.9999993035459549
test_01505,0.09882391231627675
test_01506,0.984359356374196
test_01507,0.9998461825218177
test_01508,0.9443243995449431
test_01509,0.9999999147540162
test_01510,0.5970508030207561
test_01511,0.9999997149865629
test_01512,0.9999999882061595
test_01513,0.9998531028140099
test_01514,2.9045257544666417e-05
test_01515,0.9999691803430457
test_01516,0.0395667380299964
test_01517,0.32197888111327294
test_01518,0.999999892723453
test_01519,0.28522362404412516
test_01520,0.9999999999993312
test_01521,0.8682531030036006
test_01522,0.9973001252180523
test_01523,0.998484738857563
test_01524,0.9992165531768546
test_01525,0.9900530464375624
test_01526,8.525137773176628e-13
test_01527,0.9999013131071729
test_01528,0.9999251608432952
test_01529,5.2077998489764605e-08
test_01530,0.9997611276468391
test_01531,0.10778265905256719
test_01532,0.9176787465258438
test_01533,0.7842290474352226
test_01534,0.0010408955163241492
test_01535,0.10495305131496838
test_01536,4.257283412731387e-09
test_01537,1.0
test_01538,8.729396143057607e-09
test_01539,0.9999999999971484
test_01540,0.492501317892125
test_01541,0.1883221997618234
test_01542,0.8302486206958152
test_01543,0.9999999747235195
test_01544,1.0555974017000033e-07
test_01545,0.99999999798147
test_01546,0.9772853157687971
test_01547,0.4876136323589031
test_01548,3.450101813500359e-07
test_01549,0.9999999999960072
test_01550,0.9999993891115104
test_01551,0.0020148129145017906
test_01552,0.8945834014803304
test_01553,0.9704929080478986
test_01554,8.786138632184603e-06
test_01555,0.6674502465394202
test_01556,0.999952827755588
test_01557,0.9999999996500618
test_01558,0.9999997696024205
test_01559,8.814152133429191e-07
test_01560,0.9957858919685716
test_01561,0.41952560008525674
test_01562,2.5485712284186647e-05
test_01563,0.9999999999069584
test_01564,2.5957853012941504e-11
test_01565,0.9999686771215606
test_01566,0.9999587293218983
test_01567,0.14353980934596805
test_01568,9.705141278874254e-07
test_01569,2.1443731351120616e-09
test_01570,2.2546176249447514e-10
test_01571,0.9993034364108073
test_01572,0.9986883089076424
test_01573,0.8373754970763991
test_01574,0.04522743213244892
test_01575,4.0208726914299425e-08
test_01576,0.9999985190279364
test_01577,0.0007216510199746789
test_01578,0.9381284607194957
test_01579,0.9072902978438357
test_01580,0.5804160819599719
test_01581,0.999999000625948
test_01582,0.00046932178200419147
test_01583,4.321377264997184e-07
test_01584,0.7572287905636361
test_01585,5.895289360203219e-05
test_01586,0.9999999999940179
test_01587,0.8743220789282213
test_01588,4.788526138135157e-05
test_01589,0.4432196473561104
test_01590,0.9999981027059119
test_01591,0.9999999703080962
test_01592,3.2044778736420766e-05
test_01593,0.0034040916007363146
test_01594,0.9980985086170797
test_01595,0.9999999995214162
test_01596,3.548213283384294e-06
test_01597,1.9034518843389483e-10
test_01598,3.20542375636554e-07
test_01599,0.8980707037416393
test_01600,1.3503123037666555e-05
test_01601,0.9999944322958924
test_01602,0.00024609091080489903
test_01603,0.9999935617314304
test_01604,0.9999999999304374
test_01605,4.659407262198496e-10
test_01606,0.001216426741166492
test_01607,0.998572792332268
test_01608,0.9999617801924455
test_01609,0.9999964722374053
test_01610,0.9999851063160448
test_01611,0.10993894605984386
test_01612,0.9999900254645319
test_01613,0.034869542106732376
test_01614,0.167944201662404
test_01615,0.912852333163649
test_01616,0.001777093471946466
test_01617,0.540278949484853
test_01618,0.999956698041806
test_01619,0.00019275047807994008
test_01620,1.5140571117756364e-12
test_01621,0.3826894478599867
test_01622,0.9999929970664319
test_01623,0.9773358622601533
test_01624,0.5091820507776668
test_01625,0.6212280519639332
test_01626,0.8614289434202763
test_01627,0.5811778269168765
test_01628,0.013466639835495887
test_01629,0.9838603870257236
test_01630,0.9908422831857953
test_01631,0.9999999959958881
test_01632,2.6023752399959503e-15
test_01633,0.9999767089959821
test_01634,0.00030647013921940633
test_01635,0.9550061552018394
test_01636,0.9353252500561331
test_01637,0.0018637203753458776
test_01638,0.787377460423005
test_01639,0.44223745722312857
test_01640,1.0279294370213383e-06
test_01641,0.010787671612787205
test_01642,0.9947743086236622
test_01643,9.387476586311648e-06
test_01644,0.9708099161705362
test_01645,0.9991095215235364
test_01646,0.07339592382872959
test_01647,0.9999880760051348
test_01648,0.9997186251384172
test_01649,0.0005034958282566804
test_01650,0.19500680447758678
test_01651,0.15002856539749157
test_01652,0.9999999847078651
test_01653,0.0024017109385151064
test_01654,0.8658760144662898
test_01655,0.9999969763867385
test_01656,0.9999995607352388
test_01657,3.2171197661102113e-05
test_01658,0.11761429797433041
test_01659,5.354910567301684e-06
test_01660,0.9999999999999758
test_01661,1.9057941167643105e-08
test_01662,0.9996624271745662
test_01663,2.5349084821885037e-10
test_01664,0.05547926249220531
test_01665,0.9824785104117424
test_01666,0.0002439121548248012
test_01667,1.1747727592838353e-11
test_01668,0.9997471140288305
test_01669,0.01744740933933133
test_01670,0.5590936301910381
test_01671,0.999983705465276
test_01672,0.9999873733188149
test_01673,0.0444683251390934
test_01674,0.0005149831982435476
test_01675,1.4348295954659008e-06
test_01676,0.999999877569103
test_01677,0.0896811573789974
test_01678,0.4994672349365392
test_01679,0.9982834961662055
test_01680,4.0727458869589155e-05
test_01681,0.8144592458935145
test_01682,0.9999999984350105
test_01683,0.0003191067217324374
test_01684,0.9861580681152874
test_01685,0.9997281440957659
test_01686,0.721589994549364
test_01687,0.2801685878277901
test_01688,0.0032672111172044136
test_01689,0.0008538511136843947
test_01690,0.9999998972388825
test_01691,0.007909360018397468
test_01692,8.818751170958867e-06
test_01693,0.2898902292607855
test_01694,0.00015831412826800746
test_01695,0.015442479677575421
test_01696,0.9996932638563205
test_01697,0.999999981531011
test_01698,0.999218559153072
test_01699,9.409396243140466e-06
test_01700,0.9999999999999657
test_01701,0.0010582768031071536
test_01702,0.0005394882449033884
test_01703,0.9999999492923877
test_01704,2.1061519728764657e-09
test_01705,0.5437863362570938
test_01706,0.9993878603737212
test_01707,0.8344727934136452
test_01708,0.9985310622668984
test_01709,0.9999584285251757
test_01710,0.9912832593059168
test_01711,0.00010001151286325762
test_01712,0.004578614020614444
test_01713,0.011183932517920476
test_01714,0.004666179936393634
test_01715,0.9998901601596479
test_01716,0.999999766407379
test_01717,0.9999999999982767
test_01718,1.1663839600527512e-11
test_01719,1.3832340649237892e-09
test_01720,0.994282061282656
test_01721,7.728266348402536e-07
test_01722,0.9999999991426063
test_01723,0.0036706331995006174
test_01724,3.440492166928759e-05
test_01725,0.0005524661798558286
test_01726,1.9716505080570208e-05
test_01727,0.9999999971714646
test_01728,0.018219610664469345
test_01729,0.9997902227166157
test_01730,0.04868024711374073
test_01731,0.0025462405487819864
test_01732,0.046919784833237964
test_01733,0.9999999993450734
test_01734,0.9603954734623901
test_01735,0.9999999347564332
test_01736,0.9967769808644013
test_01737,0.999999916304094
test_01738,0.9999564948460531
test_01739,0.528300547972172
test_01740,0.49685957375394885
test_01741,3.945799712251813e-14
test_01742,1.5165640658808807e-14
test_01743,0.9888730596381258
test_01744,0.7925217316572156
test_01745,0.08689341686211895
test_01746,0.7486032234869637
test_01747,0.9999999889131881
test_01748,0.09682600488606055
test_01749,0.9576872032829544
test_01750,0.9994808998490163
test_01751,0.5869785225633225
test_01752,6.672702181155479e-07
test_01753,0.8576082471657165
test_01754,0.029083002774977537
test_01755,0.7744406428512611
test_01756,0.5885802034797218
test_01757,0.7030581495655824
test_01758,1.408856650715115e-05
test_01759,0.5497610329774919
test_01760,0.9999673082760747
test_01761,1.0501954417472717e-06
test_01762,1.0927550469035014e-08
test_01763,4.9169351307441995e-08
test_01764,0.9999608658679559
test_01765,0.9907341810058691
test_01766,2.1827067088948208e-12
test_01767,0.0022701317462445543
test_01768,0.0208265352845804
test_01769,0.9980077368631275
test_01770,0.45274012076679293
test_01771,1.6747117141200085e-05
test_01772,0.00022166543823010833
test_01773,0.9995560009581728
test_01774,0.9999983138919617
test_01775,0.993694574603208
test_01776,0.999999347755185
test_01777,0.9988726317754576
test_01778,0.9999999999975734
test_01779,0.062066908995017614
test_01780,0.0034235578744867753
test_01781,0.829695508579921
test_01782,2.3551617329315956e-08
test_01783,0.9995716803411747
test_01784,1.1458938673554697e-08
test_01785,0.9994087941411374
test_01786,0.8889202052732568
test_01787,0.3935727286984134
test_01788,0.9999999857530792
test_01789,0.36183875138704313
test_01790,1.373881686970772e-06
test_01791,0.9981135624588011
test_01792,0.04609429161401595
test_01793,0.01594384901369376
test_01794,0.9999459161170696
test_01795,0.00022122357799119182
test_01796,1.1073150601107817e-06
test_01797,0.00045581089739215626
test_01798,0.9069681846083008
test_01799,0.5940140167387812
test_01800,0.9958747179312126
test_01801,0.9999999999739292
test_01802,0.001991372359573204
test_01803,0.9963985280409906
test_01804,0.9902465058922791
test_01805,1.2622969613016894e-12
test_01806,9.807096797519843e-07
test_01807,0.9999999999999984
test_01808,0.9999905075358322
test_01809,0.9999999999991444
test_01810,0.9996223777926065
test_01811,0.9999998092989659
test_01812,0.9999999999999998
test_01813,0.03967087110053526
test_01814,4.0985542712290154e-11
test_01815,0.9999999999997975
test_01816,0.8487201367023325
test_01817,0.002049632403230593
test_01818,0.9999999802826849
test_01819,0.9967832880591292
test_01820,0.014527399750601421
test_01821,0.9999999891024338
test_01822,0.7836816059767815
test_01823,7.947815417647869e-09
test_01824,0.8485345695551134
test_01825,0.31570656079242276
test_01826,0.970445610120654
test_01827,2.8263605472583385e-11
test_01828,0.9999270924473629
test_01829,6.533182092461536e-05
test_01830,0.9999998101010878
test_01831,5.4571763432369855e-05
test_01832,1.5066768625141505e-05
test_01833,0.00037898207972707264
test_01834,0.10687216961016117
test_01835,0.9320791295855727
test_01836,0.00031226033137727807
test_01837,0.9999998042032345
test_01838,2.575204928154622e-07
test_01839,0.9999999996197104
test_01840,0.00034643453205671277
test_01841,0.8799663884269685
test_01842,0.6293660751935456
test_01843,1.800519552316016e-05
test_01844,0.992892184899322
test_01845,0.9999903856600452
test_01846,0.9999999471029309
test_01847,0.9999741132317352
test_01848,9.75282481111227e-05
test_01849,0.9982476941998893
test_01850,0.6583412058360744
test_01851,0.9999045915988967
test_01852,0.000291035128765548
test_01853,0.32709977255966605
test_01854,3.5517347461732874e-05
test_01855,9.157012489406042e-08
test_01856,0.924870074029836
test_01857,6.387724745531778e-23
test_01858,0.9997439380289656
test_01859,0.3973950811279055
test_01860,0.9999998632732584
test_01861,0.06300802253949891
test_01862,0.7279343283959105
test_01863,0.5847885806055926
test_01864,3.647306559808405e-10
test_01865,0.9998793343782226
test_01866,0.1473238673090051
test_01867,0.00031406457667829444
test_01868,6.770233466841325e-11
test_01869,0.9999997840798003
test_01870,0.0003319552999364406
test_01871,0.9998856711627452
test_01872,0.003166987862534089
test_01873,0.999261580667803
test_01874,0.9666912298842011
test_01875,4.628607332731396e-05
test_01876,0.9996196997554788
test_01877,0.999999999999946
test_01878,0.020070455465765524
test_01879,0.9999999575644285
test_01880,0.9999665309444258
test_01881,0.9999999325804914
test_01882,1.4263620637417522e-06
test_01883,0.46420352532329107
test_01884,9.724593483722444e-11
test_01885,0.28217415324395934
test_01886,0.006631504022752046
test_01887,0.4710981832926215
test_01888,0.3578211898733148
test_01889,0.0023704214053748333
test_01890,0.9999999590085483
test_01891,0.076222183365487
test_01892,0.13592845313338364
test_01893,0.9960307112198452
test_01894,0.048373619139097226
test_01895,0.0007805062316043074
test_01896,0.999971467440797
test_01897,0.014930971217688365
test_01898,0.8978062538096954
test_01899,0.2768130424108951
test_01900,0.9992526053621205
test_01901,0.8329986086285298
test_01902,0.9999999833800548
test_01903,0.0008051646952001707
test_01904,0.002858989938503581
test_01905,0.982422057460841
test_01906,1.07098375061121e-05
test_01907,0.999964591377
test_01908,0.9988087611834251
test_01909,0.012221522541289932
test_01910,8.109392218078374e-10
test_01911,1.2168336906110228e-08
test_01912,0.9999999999590994
test_01913,0.0009285448659008811
test_01914,0.9970620740674598
test_01915,5.022044630694061e-06
test_01916,0.9999999999981083
test_01917,0.9999959534479154
test_01918,0.9996513662825881
test_01919,0.620170978047583
test_01920,0.9999998421695431
test_01921,2.0432600930818794e-07
test_01922,0.7844467613720529
test_01923,0.5503322828409644
test_01924,0.9999999993377233
test_01925,0.9999999822619284
test_01926,1.1647590426898132e-07
test_01927,0.994991486583058
test_01928,5.616265974685556e-09
test_01929,0.7931319875099747
test_01930,0.9999990410492174
test_01931,1.1775169958186627e-07
test_01932,0.9999999999980731
test_01933,0.9999958552861805
test_01934,0.9972138002879434
test_01935,0.00012295470582914577
test_01936,5.067258531100849e-09
test_01937,0.999980811177653
test_01938,0.4242622259195535
test_01939,0.9999999288349624
test_01940,3.5080868367507535e-05
test_01941,0.9999999999862326
test_01942,0.9999994896628588
test_01943,0.0014830472898847572
test_01944,0.9961113684319507
test_01945,1.5838949586321032e-07
test_01946,0.17162236874383288
test_01947,0.007544646573505658
test_01948,0.026329385994510818
test_01949,0.03644901105275182
test_01950,0.8827813307498289
test_01951,0.0076987054691066165
test_01952,0.9999879508393568
test_01953,0.004575757449948365
test_01954,0.9999999976017087
test_01955,0.21078503353518424
test_01956,0.9999999999999969
test_01957,0.9999960718350461
test_01958,0.011940291816637147
test_01959,2.9164222385853173e-06
test_01960,0.9997582357688135
test_01961,0.986976334163576
test_01962,2.4063681798181166e-10
test_01963,0.14770085351534626
test_01964,0.007617503440788757
test_01965,0.9996578279963702
test_01966,1.0533298226866474e-09
test_01967,0.07536684073632138
test_01968,0.9999999999999736
test_01969,2.664409532270413e-16
test_01970,0.03456771017223915
test_01971,0.999676959749467
test_01972,0.9973050136225399
test_01973,2.6915594633816394e-06
test_01974,0.47602408291547604
test_01975,0.9986991527165161
test_01976,0.9999999999984643
test_01977,2.5732868051841965e-05
test_01978,0.9999567864162946
test_01979,0.05311721363944693
test_01980,1.3553480263664956e-06
test_01981,0.014674558978679524
test_01982,2.5682953675897836e-08
test_01983,0.5598179701328638
test_01984,0.945527500812088
test_01985,0.9994775132361178
test_01986,0.8991159537812534
test_01987,0.00476977107679568
test_01988,7.322662143117635e-08
test_01989,0.5442583152701166
test_01990,0.0017729870265195725
test_01991,0.9999999999628391
test_01992,0.17899619152775195
test_01993,0.8954928105920155
test_01994,0.04305567781540539
test_01995,0.9999999767805579
test_01996,0.9999118385055745
test_01997,0.9911050921201495
test_01998,0.0035985239139869484
test_01999,0.0003494442199990293
test_02000,0.9999999996615956
test_02001,1.6223386956627916e-07
test_02002,5.440962315761739e-08
test_02003,0.9597771007910852
test_02004,9.340163972691407e-10
test_02005,0.9254543767388699
test_02006,0.0008938229162011782
test_02007,0.31637137747230015
test_02008,0.39286947508539544
test_02009,0.5454460686021064
test_02010,0.9999994197289717
test_02011,0.9999999998228675
test_02012,0.6878931903190343
test_02013,0.9999998499334509
test_02014,6.30482152784057e-09
test_02015,2.652718917527402e-05
test_02016,0.9989704189475853
test_02017,1.0020340572767192e-08
test_02018,0.9999957640551256
test_02019,0.9878078148755913
test_02020,2.434720903253143e-08
test_02021,0.9999998957793816
test_02022,0.005273829025244414
test_02023,0.5815374997191366
test_02024,5.387440372998393e-10
test_02025,0.9999999316641088
test_02026,0.999999966990274
test_02027,0.539176151153198
test_02028,0.9999999999999786
test_02029,0.9999975714019576
test_02030,0.9999999926804105
test_02031,0.375344600524178
test_02032,0.0011574102107399066
test_02033,7.136532719439859e-11
test_02034,0.00033816127356881166
test_02035,0.9999995370228858
test_02036,0.002054537292329681
test_02037,0.0005283904933513388
test_02038,0.7830204928767656
test_02039,0.9994887908461083
test_02040,0.9515222534529117
test_02041,0.9999999930668362
test_02042,5.704616282707749e-05
test_02043,5.626301606730542e-07
test_02044,0.2746697242270546
test_02045,0.9998979564143053
test_02046,4.099097527466903e-05
test_02047,0.017714599647405987
test_02048,0.9999942566468489
test_02049,0.30931244011648373
test_02050,0.9790323313718821
test_02051,0.9999999982765341
test_02052,0.21367388223770728
test_02053,0.8869328253157309
test_02054,0.8403253456674231
test_02055,0.9900771104839028
test_02056,0.9992565856127509
test_02057,0.9995148631713051
test_02058,0.8753726264307808
test_02059,0.9999999956454326
test_02060,0.9999487453690032
test_02061,0.9174013595027719
test_02062,0.004168054977823946
test_02063,1.5581869153574817e-11
test_02064,0.9606825984413798
test_02065,0.9997713425292507
test_02066,0.99999966560464
test_02067,2.2057197749058695e-07
test_02068,0.0018121049463782743
test_02069,0.9997596973460556
test_02070,0.00038435545180113574
test_02071,0.003466737090068219
test_02072,0.9999980857026793
test_02073,0.002146807336305236
test_02074,0.9999996053701237
test_02075,0.974190541346721
test_02076,0.1208675067936732
test_02077,0.006121996790054433
test_02078,0.9999949341776279
test_02079,0.01427208588087785
test_02080,0.9999999945127929
test_02081,1.646494904902189e-11
test_02082,0.9821014228096838
test_02083,0.0004588449816932578
test_02084,0.0003429557659573543
test_02085,0.34131498336554855
test_02086,0.3779636318002985
test_02087,1.6999704121053186e-14
test_02088,1.930153040615712e-10
test_02089,3.653373107852705e-05
test_02090,0.5379366733203809
test_02091,7.041575564894569e-08
test_02092,1.5844297657800157e-08
test_02093,3.0342078789734424e-11
test_02094,0.9999999999998794
test_02095,4.751976249982954e-05
test_02096,0.0014448184095275111
test_02097,0.04520754779083434
test_02098,0.9881742176445494
test_02099,0.9999892635255606
test_02100,0.9999999999956473
test_02101,0.5465489933384892
test_02102,0.999999481171447
test_02103,0.001056602866216214
test_02104,0.005531720370761709
test_02105,0.9985917133295742
test_02106,0.9999927515336214
test_02107,1.6716990190033288e-08
test_02108,1.1644947764789605e-07
test_02109,8.828049581858262e-05
test_02110,0.9999999694247084
test_02111,1.4526566334233214e-06
test_02112,0.09593823786099545
test_02113,0.999999999771045
test_02114,0.9999999999749987
test_02115,1.523406766132333e-06
test_02116,0.999994784820073
test_02117,0.004512458834023083
test_02118,0.8540390591775142
test_02119,0.6934745382620614
test_02120,0.6420636035835424
test_02121,0.9985187240557574
test_02122,8.826679175294428e-06
test_02123,0.00686034545098539
test_02124,0.23640333536370658
test_02125,0.992623963888549
test_02126,0.03043496287588433
test_02127,2.7555230827336393e-11
test_02128,7.309696784740246e-05
test_02129,0.7699659626671824
test_02130,0.9999999999796942
test_02131,0.994575627674776
test_02132,0.9999939793501301
test_02133,0.9980813993465307
test_02134,1.2567867694999998e-09
test_02135,0.9999991600640235
test_02136,0.1656158342334807
test_02137,0.004574100284013164
test_02138,0.9821164162149565
test_02139,0.976692808913977
test_02140,7.144436413140161e-10
test_02141,0.9999999999999716
test_02142,0.999999999275735
test_02143,6.8164783220221e-08
test_02144,0.5709120172427841
test_02145,4.693908582010647e-05
test_02146,0.00010192475924433706
test_02147,0.29717347128853366
test_02148,0.970960785501077
test_02149,1.7945438156829989e-10
test_02150,0.9999999905444998
test_02151,5.5067035628823974e-05
test_02152,0.01674844685082929
test_02153,0.9953389935754613
test_02154,0.9999006685954266
test_02155,0.9999999996939339
test_02156,0.34414377876625846
test_02157,7.193834007696546e-05
test_02158,0.003974136424200185
test_02159,0.9905979272462571
test_02160,0.9999989211809891
test_02161,0.9999998477971758
test_02162,0.999969739312915
test_02163,0.00014498965861774462
test_02164,1.0369997569868191e-08
test_02165,0.7142212778694375
test_02166,0.01787481820201022
test_02167,0.11894469008814931
test_02168,0.02058221081233588
test_02169,5.384196371749416e-05
test_02170,0.9930906035214728
test_02171,0.05802609387582866
test_02172,0.9918787465784336
test_02173,5.324680961365916e-05
test_02174,0.9029712324703094
test_02175,0.9280153353913831
test_02176,0.007173478569837783
test_02177,0.9461596315781085
test_02178,0.0021916659129233977
test_02179,0.49683318286518413
test_02180,0.9999999999984681
test_02181,0.9999987727616606
test_02182,0.13823857560080532
test_02183,1.1795977399128447e-08
test_02184,2.2272828716574123e-07
test_02185,0.9999999940748403
test_02186,1.319371185454919e-08
test_02187,0.9944626051231047
test_02188,0.2636361343118089
test_02189,0.9998154631637242
test_02190,0.9999948553421748
test_02191,0.9999999992109493
test_02192,5.143660107969073e-05
test_02193,4.925222542189575e-06
test_02194,0.9779756000592028
test_02195,0.6596936373654722
test_02196,1.93933893956508e-06
test_02197,0.9867213749800182
test_02198,0.19473267255039153
test_02199,0.008286677011292177
test_02200,9.5905711446066e-06
test_02201,0.06271066609678302
test_02202,3.2744358898307026e-05
test_02203,7.873953176556804e-07
test_02204,0.3845856761844818
test_02205,0.02826922512622795
test_02206,0.9999859226547092
test_02207,0.49735255967579545
test_02208,0.9634132400475639
test_02209,0.8230293907076325
test_02210,1.1063687729380716e-05
test_02211,8.755145693215347e-06
test_02212,0.038455696022400954
test_02213,0.9999999860335642
test_02214,0.9999902758682706
test_02215,1.9193062481045052e-10
test_02216,0.000540002135777769
test_02217,0.00038037054623780124
test_02218,0.8176895303714293
test_02219,0.0009163454192055219
test_02220,0.0922090946589934
test_02221,0.3356558793875136
test_02222,0.9999997970843265
test_02223,4.6612423500518e-08
test_02224,0.9999884021969688
test_02225,2.948955689644708e-09
test_02226,4.827472686834596e-10
test_02227,0.620552983040216
test_02228,0.9999874055402032
test_02229,0.9999999962197135
test_02230,5.514695883528357e-13
test_02231,0.7018443735576725
test_02232,0.9999389235778355
test_02233,0.9999996705502949
test_02234,4.377881958610985e-08
test_02235,0.9999846335352967
test_02236,0.22731437888692627
test_02237,0.9865833133249698
test_02238,0.08145961545054052
test_02239,0.9999017074445345
test_02240,0.776526165261632
test_02241,0.9999999985255752
test_02242,0.002162115834759913
test_02243,1.649088943858781e-07
test_02244,0.9999997710606161
test_02245,0.002399566279306863
test_02246,0.9999969033042799
test_02247,0.9937551081750153
test_02248,0.9999088523582027
test_02249,0.9508269382099934
test_02250,0.9999999999030671
test_02251,6.430803312451854e-05
test_02252,0.9999990994832031
test_02253,0.9764467280427707
test_02254,0.00013370379715591096
test_02255,0.9934782148310826
test_02256,0.007408867756805731
test_02257,0.9853818256733553
test_02258,0.009160713359406422
test_02259,0.842188910094185
test_02260,0.9305394883900558
test_02261,4.756333940619582e-06
test_02262,0.013149262020700093
test_02263,0.9848217946488638
test_02264,3.521237197782975e-05
test_02265,0.9999999923213699
test_02266,0.999365126050148
test_02267,1.3930212816026665e-06
test_02268,0.13983797019225386
test_02269,0.9968495847583677
test_02270,0.9999829588259745
test_02271,4.336255147826999e-13
test_02272,0.00037167045828684304
test_02273,0.9999944159428589
test_02274,0.7438241916263693
test_02275,0.9999999997053965
test_02276,0.9993231671172722
test_02277,0.9999999656258608
test_02278,0.9999999449480074
test_02279,0.9999563037746433
test_02280,3.288052046734746e-07
test_02281,0.4391050597993419
test_02282,0.007713085352078621
test_02283,0.941934740763263
test_02284,3.5132461595376896e-08
test_02285,0.8691865881910088
test_02286,0.000908683680044739
test_02287,1.3252512611153438e-05
test_02288,6.632939141853321e-10
test_02289,1.7531928189177865e-07
test_02290,0.6204724245088865
test_02291,0.0009893398520299172
test_02292,0.001556750757872098
test_02293,2.287330461316689e-05
test_02294,0.9999898984423949
test_02295,0.8881558917944149
test_02296,0.9999999807071699
test_02297,0.9976438137543682
test_02298,0.9985156444828795
test_02299,0.9983060882064799
test_02300,7.329566551994881e-11
test_02301,0.2805422365139981
test_02302,0.9999999999641085
test_02303,0.9999990395696448
test_02304,2.394499323076769e-08
test_02305,0.9999999886843685
test_02306,0.9996702654879812
test_02307,0.5729202478848502
test_02308,3.4570731659611946e-10
test_02309,0.003042117834925848
test_02310,0.99999904397358
test_02311,0.809297829896399
test_02312,2.0264187085206383e-09
test_02313,1.7733507081141633e-06
test_02314,0.0004606238555888937
test_02315,0.3045182234225595
test_02316,0.40826520209406425
test_02317,1.0521979687625273e-06
test_02318,0.9999747616640364
test_02319,0.9999999616777171
test_02320,0.4576696367438508
test_02321,0.9725473002471875
test_02322,0.9999130769352159
test_02323,8.601559910497242e-08
test_02324,0.999999354956481
test_02325,0.9999999888063238
test_02326,0.03970822430221011
test_02327,0.6476346550377707
test_02328,0.22514099474471658
test_02329,2.082264836365389e-06
test_02330,1.719334753371879e-07
test_02331,0.0001232993244670272
test_02332,7.726150452428048e-06
test_02333,5.377661619046506e-07
test_02334,0.990290528743429
test_02335,0.9999459763417182
test_02336,0.9999999999999949
test_02337,7.522137217124387e-05
test_02338,0.11000163951192007
test_02339,0.9651495014840914
test_02340,0.9999200400325023
test_02341,0.5901260696536392
test_02342,0.0004374982643000574
test_02343,0.6913734965854463
test_02344,2.5627686829795284e-11
test_02345,1.0002621924263289e-08
test_02346,0.5523107850519522
test_02347,0.9998776559684435
test_02348,0.9999984886535088
test_02349,0.9999999999998854
test_02350,6.776720915561452e-05
test_02351,8.09721933755935e-08
test_02352,0.026760326230371036
test_02353,0.0005654985550283413
test_02354,0.9999866108552733
test_02355,0.9878336490040467
test_02356,0.9552300265095479
test_02357,2.3417330579078613e-06
test_02358,0.9998890023298179
test_02359,0.9997875057397425
test_02360,3.958862431372306e-10
test_02361,0.7222933466812627
test_02362,0.9935890314391809
test_02363,0.9999963999759929
test_02364,0.9999999865490103
test_02365,0.9999999999865022
test_02366,0.00907976077388916
test_02367,0.9999999999973641
test_02368,0.019122747561907006
test_02369,8.3305702923154e-08
test_02370,0.9999999999959734
test_02371,0.9956981086573445
test_02372,0.0001039557018254806
test_02373,5.827826294304148e-05
test_02374,0.9999841256809516
test_02375,0.9999937509113619
test_02376,0.5295906289128753
test_02377,0.7154868708009026
test_02378,0.619210871912911
test_02379,0.0003464094078180854
test_02380,0.9955931333992207
test_02381,0.9997972627754377
test_02382,0.9989926943470943
test_02383,1.2437272157766548e-07
test_02384,1.3713078443100903e-07
test_02385,0.9145324051379959
test_02386,0.00037069175745410056
test_02387,0.9999999780209539
test_02388,2.0273369068751768e-06
test_02389,2.8990798109568738e-06
test_02390,0.8799264906937818
test_02391,0.06226542343587882
test_02392,0.9986153885353024
test_02393,7.78041102313458e-05
test_02394,3.431499464762952e-08
test_02395,0.9999999946353559
test_02396,5.332299063452273e-16
test_02397,0.9321221750858466
test_02398,0.9999989652297829
test_02399,0.003631648420104129
test_02400,0.9999948559149879
test_02401,0.9973859331851083
test_02402,0.9992540013721081
test_02403,0.22974695900755707
test_02404,0.9999871276458714
test_02405,0.7736568940701305
test_02406,0.8016118528209364
test_02407,0.9999998713238457
test_02408,0.10872150582952866
test_02409,6.506267012740658e-05
test_02410,5.974623353910529e-13
test_02411,0.9930421781903784
test_02412,0.9396661668468469
test_02413,0.9999617970490278
test_02414,0.9999999812466912
test_02415,0.9999999374340065
test_02416,5.858321654833451e-12
test_02417,0.9967106290243202
test_02418,1.1249777674433673e-12
test_02419,2.8497081631131175e-06
test_02420,3.24309226799802e-09
test_02421,0.9881489891328159
test_02422,5.3639655350474164e-08
test_02423,0.9995951881782126
test_02424,1.5559049248432562e-09
test_02425,6.98920887089753e-06
test_02426,0.9999999999816032
test_02427,0.9999999821739661
test_02428,9.34615184380382e-07
test_02429,3.785945901987792e-07
test_02430,0.9995929523049185
test_02431,3.183480771574099e-05
test_02432,0.7354101190773611
test_02433,0.9999999398560225
test_02434,0.9999999997411633
test_02435,0.15221848876226599
test_02436,5.7335396042171814e-05
test_02437,0.9428618677504548
test_02438,0.9999975652457408
test_02439,0.999999958838927
test_02440,0.9425083227043016
test_02441,0.06490793047723353
test_02442,0.020992585056568328
test_02443,0.9961166149686946
test_02444,0.42535193265415383
test_02445,0.33211965032366797
test_02446,0.0763586069957361
test_02447,0.2954556921571031
test_02448,0.9977382796263359
test_02449,4.2279463359953615e-08
test_02450,0.9999489306590756
test_02451,0.999999955574356
test_02452,5.5536454035189476e-06
test_02453,0.914770069768142
test_02454,0.9883690230134887
test_02455,0.0006631402696443366
test_02456,7.072354332556208e-10
test_02457,0.0007234336341050779
test_02458,0.25983666544604644
test_02459,0.1067573821662812
test_02460,0.5404258677005613
test_02461,0.9999998939034369
test_02462,0.9999999601493053
test_02463,1.8644159168714631e-07
test_02464,0.9999999373458937
test_02465,0.0003035957786009084
test_02466,0.011198802035809158
test_02467,0.0009816240983150195
test_02468,0.9999891202375436
test_02469,1.1446502163861114e-11
test_02470,0.570183690430687
test_02471,0.999999999993278
test_02472,2.7543732837987546e-05
test_02473,0.9983809588413791
test_02474,4.546509329722185e-10
test_02475,0.06469868206590383
test_02476,5.354513157114079e-09
test_02477,0.9939421946428212
test_02478,0.992352630336561
test_02479,0.999997398539392
test_02480,0.9999769404862925
test_02481,0.9999802277403629
test_02482,0.8636202058161415
test_02483,5.7404704411080214e-05
test_02484,0.6148615082122175
test_02485,6.195333336984037e-08
test_02486,0.9998232820314885
test_02487,1.1436691568595925e-07
test_02488,0.00013369683991608426
test_02489,0.9998351431696435
test_02490,0.9999999772317572
test_02491,0.5101470488281872
test_02492,0.03280563566250299
test_02493,1.8127348172075402e-06
test_02494,0.9890372011401676
test_02495,0.0003434562021412754
test_02496,0.9952542419457582
test_02497,1.0773375602435278e-06
test_02498,0.8674104040669539
test_02499,0.13662970535226215
test_02500,0.9999999999714786
test_02501,0.011038596503362634
test_02502,0.04656606577218427
test_02503,0.6622228637795373
test_02504,0.9999388946667737
test_02505,1.9165898636698197e-05
test_02506,1.806564397956001e-05
test_02507,0.9999999991209503
test_02508,1.7095079045404645e-09
test_02509,0.9991633360491297
test_02510,0.01402718747149632
test_02511,0.9999971788098736
test_02512,0.9997559248406305
test_02513,0.9999999999552867
test_02514,1.97988639098614e-11
test_02515,0.9995563929155029
test_02516,0.9918778760207203
test_02517,0.3274338395904879
test_02518,0.09581617963402808
test_02519,0.7114444250443355
test_02520,7.970208504149303e-09
test_02521,0.0013454944004583742
test_02522,0.9980386914824266
test_02523,9.267236337069384e-10
test_02524,0.9551263111301415
test_02525,0.9999999999185607
test_02526,0.7688274214379722
test_02527,0.9999999998950293
test_02528,0.9994419405887287
test_02529,0.49786397591338355
test_02530,0.9999998459471326
test_02531,0.9953264910073056
test_02532,0.03589644269876875
test_02533,0.9999846295909585
test_02534,1.6120300327085925e-05
test_02535,0.9999999641784942
test_02536,0.9998435572496676
test_02537,0.9775025655024174
test_02538,0.9470684049914496
test_02539,0.9999999997048921
test_02540,9.198368403855314e-05
test_02541,0.005056737019811191
test_02542,0.6964936047333052
test_02543,0.9808246302926272
test_02544,0.6898388739904413
test_02545,0.9999997051474041
test_02546,7.035197516404691e-06
test_02547,0.9999999962150629
test_02548,0.17778217720275874
test_02549,0.9994844930565194
test_02550,0.9999997429544436
test_02551,0.004513086938169532
test_02552,0.9886297990178766
test_02553,0.9999767611310985
test_02554,0.9931221341598069
test_02555,0.9720174362895844
test_02556,0.5702052512261605
test_02557,0.7932796367506538
test_02558,0.9999009924976163
test_02559,1.9942088175592297e-07
test_02560,0.049425782732475596
test_02561,0.9999998275356112
test_02562,9.12537684588311e-08
test_02563,0.9985567683787151
test_02564,0.4658505115520335
test_02565,0.9505710139206356
test_02566,0.2517486367277757
test_02567,0.7887332549747486
test_02568,0.0007312423901284055
test_02569,0.025422642705839823
test_02570,0.999999880606673
test_02571,0.0009477089746799819
test_02572,0.737385066418322
test_02573,0.11963255753440051
test_02574,0.999999604444582
test_02575,0.5569026734896039
test_02576,0.9996295850564998
test_02577,0.862071784800515
test_02578,0.9999830985174292
test_02579,7.240997153986459e-07
test_02580,0.027703313874823512
test_02581,0.5701404555202929
test_02582,1.1683896985477652e-13
test_02583,0.46988499301730524
test_02584,0.9999999999998377
test_02585,3.361381076022691e-10
test_02586,0.9999984331535793
test_02587,2.53497404542771e-07
test_02588,0.31381126496938305
test_02589,0.004007842001050194
test_02590,0.989831620752948
test_02591,0.999989933608576
test_02592,0.022247167995323627
test_02593,0.9761225711786516
test_02594,0.9999999976738103
test_02595,0.9993366746292168
test_02596,0.0005515811660718934
test_02597,0.9686974089776705
test_02598,0.993844152831221
test_02599,0.8799934521976511
test_02600,0.30880808309893365
test_02601,0.00010788527894683777
test_02602,0.015501793118092392
test_02603,6.684367145395021e-07
test_02604,1.2620663494481018e-06
test_02605,1.3802305925251532e-06
test_02606,0.990499246094896
test_02607,0.9999999740956147
test_02608,0.8986794718689669
test_02609,0.9999899969973277
test_02610,0.0003955901525747012
test_02611,0.9513904391132415
test_02612,0.035222704305513435
test_02613,0.0015899363051155618
test_02614,0.04841849964248301
test_02615,7.195663423500245e-12
test_02616,0.8079367333159091
test_02617,0.999998997907815
test_02618,0.2581422847070477
test_02619,0.999959344560309
test_02620,6.565769383315182e-11
test_02621,0.9999987637829826
test_02622,0.018149172125677838
test_02623,0.780861173823117
test_02624,0.9999966841119772
test_02625,0.11545686062233271
test_02626,0.9994873700149719
test_02627,0.9999996020901842
test_02628,0.0036842323598061323
test_02629,4.248796502043737e-05
test_02630,0.9999999997691932
test_02631,0.029415116261231843
test_02632,0.3211668435525115
test_02633,0.9999999413146556
test_02634,2.2832350830925078e-06
test_02635,0.021346049484231428
test_02636,0.04329814528771165
test_02637,0.9999999999999988
test_02638,0.9424016055970107
test_02639,0.09714619581593513
test_02640,0.9999999955549963
test_02641,0.9999999972033772
test_02642,0.0003972050411917172
test_02643,0.9999993492788934
test_02644,5.926835770480361e-08
test_02645,0.026789215643133805
test_02646,0.004854389537917002
test_02647,0.00030233449033065685
test_02648,1.3443950675535527e-12
test_02649,0.9999996830315936
test_02650,3.325157468146034e-06
test_02651,0.986981100814099
test_02652,0.3499434678512427
test_02653,0.8384381008190103
test_02654,0.9829257747830814
test_02655,5.76265682596191e-05
test_02656,1.311444545846248e-10
test_02657,0.0817776185360043
test_02658,0.9985697128070476
test_02659,0.9903875453509556
test_02660,0.42141677040299413
test_02661,0.9999812422053274
test_02662,1.1272381564908974e-07
test_02663,0.005369544059067635
test_02664,0.9999999374080346
test_02665,0.9999808443435358
test_02666,0.9999994970009012
test_02667,0.997944415341256
test_02668,0.9986740254143237
test_02669,0.31188694176299797
test_02670,0.9999974224350321
test_02671,2.6394829671135155e-10
test_02672,0.9805542392721599
test_02673,0.9999995687471872
test_02674,0.6639370568652512
test_02675,0.8945407117163893
test_02676,0.9999340917583499
test_02677,0.04646626899249052
test_02678,0.9999990042815077
test_02679,0.994179083898133
test_02680,0.012850290652805355
test_02681,0.30787489527551487
test_02682,0.002622030073326409
test_02683,0.6336865774085748
test_02684,0.0033513905696747172
test_02685,0.7591922725736326
test_02686,0.9999997482103925
test_02687,3.4779809852432204e-07
test_02688,1.0
test_02689,0.8960842092390937
test_02690,0.002418781593364647
test_02691,0.21137894173229796
test_02692,0.9999993391564437
test_02693,0.999999944855576
test_02694,0.9994721501746235
test_02695,0.9981644276992636
test_02696,0.9988017218115791
test_02697,1.563958880895886e-13
test_02698,8.495376047786588e-06
test_02699,0.9999790318106131
test_02700,0.0002550582994344799
test_02701,8.934092516065201e-09
test_02702,0.6233068287962222
test_02703,0.40236807676278014
test_02704,1.747874718782302e-05
test_02705,0.9999988230641894
test_02706,8.1038772240364e-11
test_02707,0.999996692717783
test_02708,0.9253572323509853
test_02709,0.9845465661454165
test_02710,0.9999424031392657
test_02711,4.1381482329229393e-10
test_02712,0.999863372590527
test_02713,0.13783594495804508
test_02714,1.2287283923044536e-06
test_02715,0.9990518481310642
test_02716,1.896105937445329e-09
test_02717,0.9999975950884072
test_02718,4.4373852010967015e-09
test_02719,0.9089161665841294
test_02720,0.0006021912180289511
test_02721,8.131426144787844e-08
test_02722,0.0004444214747883381
test_02723,0.9999979587132133
test_02724,0.00016872116116612332
test_02725,7.684656385332157e-08
test_02726,0.9999758378555429
test_02727,0.004533348562188795
test_02728,0.16903075561472156
test_02729,0.14023683540071868
test_02730,0.9999999934837338
test_02731,8.964475525221213e-05
test_02732,0.9744456832573846
test_02733,0.922037701926846
test_02734,3.776865940270955e-07
test_02735,0.9999999920290553
test_02736,5.238100416505169e-09
test_02737,0.9999999998647207
test_02738,0.987397915698988
test_02739,0.7862034031295146
test_02740,0.9999956788027802
test_02741,1.206587410441819e-09
test_02742,2.6660330420749118e-06
test_02743,5.199897345213547e-05
test_02744,1.1575657734509398e-09
test_02745,0.9999923918787612
test_02746,0.5230249344853306
test_02747,0.009460751924758117
test_02748,0.189871176501412
test_02749,0.998123362740599
test_02750,0.9999999999973779
test_02751,0.674055979999876
test_02752,0.999779509520752
test_02753,0.999991056860331
test_02754,4.572007094663716e-09
test_02755,0.9886183987258937
test_02756,0.9994335175979064
test_02757,0.0008259743328478093
test_02758,0.6777486111153401
test_02759,0.49663813343397406
test_02760,1.0460608362784488e-06
test_02761,0.9999999999955542
test_02762,1.5965496865857183e-17
test_02763,0.00709974675020955
test_02764,0.9994275599765434
test_02765,0.00020531481401210138
test_02766,0.31071013098439804
test_02767,6.164493739205492e-11
test_02768,0.12678891087701982
test_02769,3.9293495564229423e-11
test_02770,7.11576551931919e-07
test_02771,0.9993972736014758
test_02772,0.9162291448570969
test_02773,0.0021217517973438444
test_02774,0.9999999998203636
test_02775,0.9982001003078976
test_02776,0.9928119883309104
test_02777,0.999999792133319
test_02778,0.032883821590738514
test_02779,0.001510514864835657
test_02780,0.999992391868237
test_02781,0.9806547543118437
test_02782,0.5775597894777024
test_02783,0.005015444465110476
test_02784,1.2294831041553787e-05
test_02785,0.9999999999975859
test_02786,0.0016174923603763031
test_02787,7.453952148355462e-08
test_02788,0.9996785218125661
test_02789,0.12482641799212141
test_02790,0.2785040837835612
test_02791,9.385820594474067e-06
test_02792,0.35326100269398764
test_02793,0.5014559660009772
test_02794,0.0005917651412479016
test_02795,0.999999874104847
test_02796,0.9999999989921106
test_02797,0.007060323357595991
test_02798,0.9999998909195004
test_02799,0.9962280188001
test_02800,0.0007252966361022958
test_02801,3.281031386017378e-07
test_02802,3.279071222108375e-10
test_02803,0.13854494702273457
test_02804,0.20581790492277563
test_02805,0.029621836130847096
test_02806,0.99999999756079
test_02807,1.882007343895806e-07
test_02808,0.05275969539925595
test_02809,0.4697671017352303
test_02810,1.1626352437272002e-05
test_02811,2.0692420696573617e-08
test_02812,0.240494011201571
test_02813,0.8058251638353955
test_02814,0.9999999663565414
test_02815,0.01773987829527116
test_02816,0.6245160511085082
test_02817,7.197817648642636e-06
test_02818,0.007497793863427644
test_02819,0.7209482704597248
test_02820,6.916259780725231e-06
test_02821,0.9836136437817604
test_02822,0.9921246454922417
test_02823,0.8514618237140436
test_02824,7.542024610931275e-06
test_02825,0.9999999953473153
test_02826,0.9999991909909104
test_02827,0.8304141926159496
test_02828,0.9999999995624901
test_02829,0.9996673459813625
test_02830,0.9999999999992186
test_02831,0.999999903952825
test_02832,0.004669637945683231
test_02833,0.05732672503649576
test_02834,0.7466364019425116
test_02835,1.0520073686588822e-11
test_02836,0.9999910051661011
test_02837,0.9999997353257588
test_02838,0.000883267960901715
test_02839,0.9987445973129523
test_02840,0.9997847322192938
test_02841,0.9999999999286557
test_02842,0.9999959305225925
test_02843,1.3191994290051173e-07
test_02844,6.995464864839849e-12
test_02845,0.0001658625961362067
test_02846,0.9998933112882271
test_02847,0.9999999987603299
test_02848,0.004194538767569978
test_02849,0.5869374589141706
test_02850,8.366199934914975e-05
test_02851,0.9999924675012022
test_02852,1.1167127268100333e-05
test_02853,2.502531535221763e-05
test_02854,0.19949766195930482
test_02855,0.9959745395775077
test_02856,0.12488271304716723
test_02857,0.999811782302549
test_02858,0.9991636340670553
test_02859,0.9999987454284058
test_02860,0.4309181227800635
test_02861,0.9999999998248348
test_02862,0.002880024152495289
test_02863,0.4205549350771045
test_02864,0.9970995378127734
test_02865,0.9990369386623451
test_02866,0.9999997972409899
test_02867,0.9999997260465752
test_02868,2.1632464882905575e-09
test_02869,0.9962711115986258
test_02870,0.8711361825706585
test_02871,0.9999125596933159
test_02872,6.452580809265254e-05
test_02873,0.9999999990942299
test_02874,0.9999776106293123
test_02875,0.9999906787945984
test_02876,0.8658616075243926
test_02877,0.02068141469960922
test_02878,3.379954948673316e-07
test_02879,0.00035284177505817064
test_02880,0.9999999054410273
test_02881,0.4980601214893625
test_02882,0.001352281389195788
test_02883,0.9999999999834239
test_02884,0.39183908395373684
test_02885,0.9443953739960196
test_02886,3.685912425978353e-10
test_02887,2.430629953662653e-08
test_02888,2.284707528359355e-06
test_02889,1.59983069622752e-06
test_02890,2.949246456845474e-10
test_02891,0.0013454042892609823
test_02892,0.11969707387628224
test_02893,0.0006351284608090434
test_02894,0.030047306567649694
test_02895,0.7064454658780217
test_02896,0.7072758735053989
test_02897,0.0020468936425107036
test_02898,0.9996705634590741
test_02899,0.9999999282809416
test_02900,0.8024263622035407
test_02901,0.9534989084586583
test_02902,0.004163167081047236
test_02903,2.143324119749655e-08
test_02904,0.5200529757196518
test_02905,0.9999561513263449
test_02906,0.9940168483940353
test_02907,0.9879613716658308
test_02908,0.00010170970860418013
test_02909,6.191870409356816e-06
test_02910,1.901997967014891e-07
test_02911,1.1301373074503376e-07
test_02912,0.9999999995541309
test_02913,2.7196024449995736e-11
test_02914,0.9999932912344247
test_02915,0.9999844076190676
test_02916,0.9997358879373746
test_02917,0.00010676385816573684
test_02918,1.1969141941176484e-05
test_02919,0.000811437225064608
test_02920,6.657958391202389e-06
test_02921,0.9999992894914019
test_02922,0.9999999955706506
test_02923,4.441335941291478e-05
test_02924,0.4583688297131745
test_02925,0.0005407120090404808
test_02926,0.9999999912796657
test_02927,0.5804611911915326
test_02928,0.9999996031228405
test_02929,2.8922172099465934e-07
test_02930,0.9999999999826938
test_02931,0.9935265203306425
test_02932,0.9937832411488005
test_02933,0.1236917203271091
test_02934,0.5604367593128344
test_02935,0.16984571737873322
test_02936,0.9999999082150068
test_02937,0.0010009257758340688
test_02938,0.3083935097910963
test_02939,0.9999999999999999
test_02940,2.724564350295898e-06
test_02941,0.9993509341599061
test_02942,3.87742400637566e-06
test_02943,0.8577231567755217
test_02944,0.001575773296074886
test_02945,0.9999964592035111
test_02946,4.156728833745155e-09
test_02947,0.41554548042178435
test_02948,0.00016412335022564968
test_02949,0.802830545254491
test_02950,0.2786032642990582
test_02951,0.43479569447587274
test_02952,0.9065993211679915
test_02953,0.9890966509050699
test_02954,0.9999933037115711
test_02955,0.1889550363843507
test_02956,2.54343072745467e-06
test_02957,3.7407601744633713e-14
test_02958,0.7523829249824264
test_02959,0.00014865223629705529
test_02960,0.09972592137527432
test_02961,0.034643004449839795
test_02962,0.9999997047824579
test_02963,2.0628634251263852e-07
test_02964,0.9999998979604547
test_02965,4.187466399200308e-10
test_02966,0.02025414733541025
test_02967,3.536106370477636e-05
test_02968,0.9999999986990393
test_02969,0.9999997999888923
test_02970,0.2592579308847681
test_02971,0.9999999999657766
test_02972,0.9999977429681552
test_02973,6.285706475188111e-05
test_02974,0.8331375263380525
test_02975,4.726020503364496e-07
test_02976,0.8967740467984266
test_02977,0.985488908563547
test_02978,0.9999997709731723
test_02979,0.9999972088593854
test_02980,0.0003033312741356291
test_02981,0.9999894828329942
test_02982,0.611646896915398
test_02983,0.9416566471779265
test_02984,0.999999938786807
test_02985,1.920455091040898e-05
test_02986,0.17057782300729174
test_02987,0.015788322229498702
test_02988,6.627444403064603e-09
test_02989,0.37987725757889457
test_02990,0.9999999999999492
test_02991,0.9998691445192178
test_02992,3.933999395792764e-06
test_02993,1.8279616757747e-05
test_02994,0.9959924271420098
test_02995,6.61088634670231e-10
test_02996,0.25125417155823915
test_02997,0.77192658278595
test_02998,0.00032322458364885206
test_02999,0.9993642407713356
test_03000,0.9999999634796117
test_03001,0.9995407977186251
test_03002,0.9999986972789359
test_03003,0.732428741567281
test_03004,0.029214752205693424
test_03005,1.1047319545587221e-08
test_03006,0.46182898883643825
test_03007,0.6133994960336522
test_03008,0.0262770408948092
test_03009,0.30225150139781626
test_03010,0.9990975561190354
test_03011,0.9999999996825837
test_03012,9.000130514980019e-06
test_03013,0.9999999999910606
test_03014,0.9999999997703585
test_03015,0.0003900119583765717
test_03016,9.36679351870997e-08
test_03017,0.9998153680907719
test_03018,9.581184502544824e-07
test_03019,1.220217361591944e-12
test_03020,0.7563050892500074
test_03021,3.987915861997543e-08
test_03022,0.9999999960941697
test_03023,0.19847773141858707
test_03024,0.9947477752872299
test_03025,2.130319713819685e-09
test_03026,6.989145780070434e-08
test_03027,8.338426763557334e-07
test_03028,1.8270554932801322e-10
test_03029,4.670543215918623e-07
test_03030,0.021424198012922117
test_03031,0.008928012075889965
test_03032,0.011079773259977086
test_03033,0.8390073631707038
test_03034,0.29216760224638827
test_03035,1.895933467357009e-05
test_03036,0.10919031981052588
test_03037,3.3046001455111464e-09
test_03038,1.6341555287470903e-11
test_03039,5.484241958166293e-06
test_03040,0.9999999914974715
test_03041,0.9999998613214334
test_03042,0.9999476731565067
test_03043,0.999989324115343
test_03044,0.9999995735643123
test_03045,0.7196790736685982
test_03046,0.9991542991597574
test_03047,0.9998378509366088
test_03048,6.998905156853862e-06
test_03049,0.9999923059544225
test_03050,6.718374560458673e-09
test_03051,2.1456877127569248e-10
test_03052,0.004021340192652813
test_03053,0.04569199581556739
test_03054,0.24706012109785308
test_03055,0.9996111454459432
test_03056,0.9999999998209657
test_03057,2.267854583340957e-12
test_03058,0.2172279273268365
test_03059,0.9999999999074733
test_03060,0.9930469419716523
test_03061,0.9999998490170939
test_03062,0.9999999999983589
test_03063,0.025376489925620943
test_03064,0.9999997153905624
test_03065,0.0021385550775592918
test_03066,0.9923617616274036
test_03067,0.9470436747903108
test_03068,0.6927145147193181
test_03069,0.9999999096293339
test_03070,0.9999823833693088
test_03071,0.9999999997041673
test_03072,0.6772233191458004
test_03073,6.61367830890029e-07
test_03074,0.9921481534347141
test_03075,0.9991450859256705
test_03076,0.003523998562969803
test_03077,0.5627179747015258
test_03078,6.561088287142427e-08
test_03079,0.0024302198478665495
test_03080,0.013092708964418812
test_03081,0.7304858400426468
test_03082,0.9997500428425321
test_03083,0.993540654764757
test_03084,0.6755187615245051
test_03085,0.7627790740113864
test_03086,0.49145288557608074
test_03087,8.992676326704134e-09
test_03088,0.8027588246479964
test_03089,0.000854576065988036
test_03090,0.9948984302326244
test_03091,0.9998760644127742
test_03092,3.531346741708569e-14
test_03093,0.5766882364471995
test_03094,0.9999983947436604
test_03095,0.9308747023930398
test_03096,0.9999990876655807
test_03097,0.0012383156110161088
test_03098,0.007340044004237422
test_03099,0.9999999999023661
test_03100,0.9999999163689086
test_03101,0.7279492042532216
test_03102,0.9999990981115474
test_03103,0.05990792561085781
test_03104,0.6520855666739865
test_03105,4.08406371974158e-06
test_03106,0.00737780259062883
test_03107,0.00033345896923633964
test_03108,0.19022551773412869
test_03109,4.830085568000486e-13
test_03110,2.774468903570228e-09
test_03111,0.00019297778907546143
test_03112,1.827069383415645e-07
test_03113,0.006494974411234572
test_03114,0.0294023178812443
test_03115,0.1874208050616493
test_03116,0.9999717451358183
test_03117,0.002565721188749295
test_03118,0.4619659957576305
test_03119,0.9999973901292762
test_03120,0.0038458672816655344
test_03121,9.896634788173416e-06
test_03122,0.4666000913505067
test_03123,0.9999999997659395
test_03124,0.9999995287857506
test_03125,0.6962149598497904
test_03126,0.9999934676153368
test_03127,0.8375603153505558
test_03128,5.019481709968684e-14
test_03129,0.001351927291425463
test_03130,0.9999999999916617
test_03131,6.882259267831695e-07
test_03132,0.9273062496912774
test_03133,0.11336263491499626
test_03134,0.7038712668684981
test_03135,0.9707659911367896
test_03136,0.07050976424103655
test_03137,0.9090447257287939
test_03138,2.8294106198872196e-05
test_03139,0.02026496935012351
test_03140,0.12860612566845148
test_03141,0.8790756848236443
test_03142,0.9999999999899223
test_03143,0.2448832466954397
test_03144,0.9236082088835458
test_03145,0.9999999986365067
test_03146,5.817265247511258e-08
test_03147,1.0259757340806514e-06
test_03148,6.848149621603421e-12
test_03149,0.44987459448649936
test_03150,0.9999999866508401
test_03151,0.00017756431066356227
test_03152,0.9999989911002827
test_03153,1.263808320902921e-13
test_03154,0.9999999999870264
test_03155,2.2962033363405696e-11
test_03156,0.9999709442726818
test_03157,5.960199523362255e-09
test_03158,0.9999999999912115
test_03159,0.9980418122522381
test_03160,0.0010636597268948796
test_03161,1.4090489015124123e-07
test_03162,0.9993981168784871
test_03163,0.029671974937237524
test_03164,0.9998125146199985
test_03165,3.1023476546785924e-12
test_03166,0.009364354811186509
test_03167,6.152324724096203e-11
test_03168,1.121259111170031e-06
test_03169,1.2553812791374995e-08
test_03170,9.673834583566007e-11
test_03171,0.9039483939727283
test_03172,0.99201061408753
test_03173,0.9902919571931407
test_03174,0.9999999992447355
test_03175,0.9999997003424621
test_03176,0.9999795520366488
test_03177,0.31528752875304716
test_03178,0.9646142020265058
test_03179,0.29818443689399865
test_03180,0.9997178534535214
test_03181,0.9939775733459937
test_03182,5.404244234332448e-07
test_03183,0.9999727925220547
test_03184,0.9999986455069994
test_03185,0.9907679664652582
test_03186,0.002032065212102476
test_03187,0.999995468656276
test_03188,0.8246992617014672
test_03189,0.8962680170228327
test_03190,0.4018429449160178
test_03191,4.2544953503874786e-05
test_03192,0.9843329610196792
test_03193,0.1533743120379961
test_03194,0.9932028391292755
test_03195,9.369893145832147e-08
test_03196,0.9999999995747839
test_03197,8.818346011372127e-07
test_03198,7.585646168681477e-08
test_03199,0.38109431899109514
test_03200,0.002826386780253393
test_03201,0.23546685563941105
test_03202,0.008744419673183072
test_03203,5.2278274436883825e-05
test_03204,0.9999181097259362
test_03205,0.12005699193481273
test_03206,8.01668816220265e-13
test_03207,0.9999999999999469
test_03208,0.02274763146346902
test_03209,0.7950052118751842
test_03210,0.8077750435814899
test_03211,9.258555321709536e-10
test_03212,0.9999941828247689
test_03213,0.9999934452404754
test_03214,4.239798286630447e-10
test_03215,0.9999920631365048
test_03216,0.029252207249106703
test_03217,3.5037250045589393e-09
test_03218,3.3406424721698143e-07
test_03219,0.9999991184069417
test_03220,0.9784428919579431
test_03221,0.9392167919514605
test_03222,0.0003009437697419993
test_03223,0.07533215600284966
test_03224,0.9999999999988176
test_03225,0.9926588278045152
test_03226,1.4688856459378184e-07
test_03227,0.9987157756091329
test_03228,0.9998452423335147
test_03229,5.0957504927613415e-12
test_03230,0.9615639260837394
test_03231,0.9999999996060528
test_03232,0.9997571356342352
test_03233,4.751417899763661e-05
test_03234,0.4461669412508099
test_03235,0.7681576677677552
test_03236,8.109378378494308e-09
test_03237,0.9896184641281194
test_03238,0.12933328519979312
test_03239,9.129387799667141e-05
test_03240,0.0005457436740160296
test_03241,0.3098945936599651
test_03242,0.0025489568938001778
test_03243,1.733555789700497e-15
test_03244,0.5613305736364487
test_03245,0.8535373483575865
test_03246,0.9325295496621747
test_03247,0.7724347233453769
test_03248,0.005627191530555251
test_03249,0.9999943083096248
test_03250,0.001039442617426574
test_03251,4.3114433990359864e-13
test_03252,0.9999490700470256
test_03253,0.9999927164045684
test_03254,0.0014211349830278266
test_03255,0.028810199835019076
test_03256,0.9999999361141108
test_03257,0.9999866665606059
test_03258,1.697437930101631e-06
test_03259,0.9744157449362073
test_03260,6.675225966556674e-07
test_03261,8.013371617258684e-12
test_03262,0.9996693707139195
test_03263,0.5883423300108545
test_03264,0.6344737071141042
test_03265,2.38721101775862e-06
test_03266,0.9999975135579098
test_03267,0.9999251620318403
test_03268,0.9618706343321164
test_03269,0.9999996002847091
test_03270,3.5374632556684645e-09
test_03271,0.0006729721322040095
test_03272,0.9999299296046078
test_03273,4.056924212972434e-05
test_03274,1.4373916183841885e-07
test_03275,9.256334236972925e-05
test_03276,4.5932765405497597e-07
test_03277,3.933575277089265e-05
test_03278,0.9786201745922377
test_03279,0.9484544647238695
test_03280,0.5021948023940733
test_03281,0.9999935124508676
test_03282,0.9799995940012052
test_03283,0.06110087584603673
test_03284,6.670637627382066e-05
test_03285,0.9999999982043704
test_03286,0.9999937313184785
test_03287,0.9999999999430267
test_03288,0.8222030882506834
test_03289,0.996096835642239
test_03290,0.057839819224530735
test_03291,0.707340700766059
test_03292,0.7041528310690733
test_03293,0.9999999999996056
test_03294,0.7916950170971646
test_03295,1.9683214430537563e-05
test_03296,0.00013308260135069902
test_03297,0.9999999928857942
test_03298,3.854962115696961e-13
test_03299,0.99999899298323
test_03300,0.9691419348584689
test_03301,0.04248991529761578
test_03302,0.9999997848194702
test_03303,2.8948898962229853e-05
test_03304,5.848953011781357e-10
test_03305,0.9999879556782771
test_03306,0.9997989544334408
test_03307,0.9987807918687812
test_03308,0.999998350628852
test_03309,0.00856805178906981
test_03310,0.9999999996077235
test_03311,0.0347105996755761
test_03312,0.9468664148858112
test_03313,3.9334018402120466e-11
test_03314,2.972765120584198e-10
test_03315,0.5454822104069299
test_03316,0.9983613671624776
test_03317,0.9946205195035951
test_03318,0.9996314809114555
test_03319,1.3555670191906954e-08
test_03320,0.9999999999992377
test_03321,0.999999554181765
test_03322,0.9999256076585834
test_03323,0.970517095042772
test_03324,0.010505469132768605
test_03325,5.1424837324879965e-05
test_03326,0.6345782029874552
test_03327,0.9999999029072517
test_03328,0.11106963727630878
test_03329,0.002805458293326366
test_03330,0.9912516856849637
test_03331,2.3370751740978823e-07
test_03332,0.9999168996507679
test_03333,0.5619228751984997
test_03334,0.980729939591566
test_03335,0.999999999336498
test_03336,2.503863091333443e-08
test_03337,1.8031869842462704e-11
test_03338,8.361826995320371e-07
test_03339,0.9252804517303956
test_03340,0.6268661985594561
test_03341,7.401798126978137e-05
test_03342,0.00978368378781714
test_03343,0.25299246234715056
test_03344,0.9998819702633159
test_03345,0.00022016792533976847
test_03346,0.0004130862930607065
test_03347,0.01871427965637701
test_03348,2.8407304518398704e-10
test_03349,0.9999988113357811
test_03350,0.8853550858314795
test_03351,0.567291482162111
test_03352,0.9999952296366093
test_03353,0.07149292926881834
test_03354,0.005290275321815642
test_03355,0.9465825013232776
test_03356,0.3346262310714566
test_03357,0.999999524700655
test_03358,6.496462734462476e-11
test_03359,0.9999995974894743
test_03360,0.8802432309118724
test_03361,0.0009624529473262401
test_03362,0.9999969767097148
test_03363,0.9999392354737252
test_03364,0.5246379101390932
test_03365,0.9913198907423374
test_03366,0.015933654266357036
test_03367,0.9005961947693595
test_03368,0.8056236158509338
test_03369,0.4877916242659629
test_03370,0.99999999936972
test_03371,0.999999999999788
test_03372,0.04288993112103415
test_03373,0.5516027074070515
test_03374,0.9315152305293697
test_03375,1.5940919585496696e-08
test_03376,0.9999997124968536
test_03377,0.000368627336401874
test_03378,0.2904617221392889
test_03379,0.9781044199364965
test_03380,0.9999997639315935
test_03381,0.9999990020676153
test_03382,0.9998571070316017
test_03383,7.728670730256857e-05
test_03384,0.634230918326873
test_03385,0.9986978362301306
test_03386,0.5770313316530484
test_03387,0.9999999754601929
test_03388,2.090551031000724e-06
test_03389,0.9999701577712733
test_03390,0.722367499976903
test_03391,0.9997951930001164
test_03392,0.27047702953395886
test_03393,8.791280122089378e-05
test_03394,0.39363146042202773
test_03395,0.14350620428914385
test_03396,0.11326277354786246
test_03397,0.003941729602775056
test_03398,0.9999999999772313
test_03399,0.9999998394698701
test_03400,0.06141713890677615
test_03401,0.5795113379682202
test_03402,0.9573169397744214
test_03403,0.0015294141166323466
test_03404,0.002788078775536233
test_03405,0.8742897858010072
test_03406,1.155910722375403e-06
test_03407,2.7652217142030452e-06
test_03408,0.002190412756039697
test_03409,0.34484422933093184
test_03410,0.6466333673221761
test_03411,0.9746381350669069
test_03412,0.9999999256339362
test_03413,0.10853104928699384
test_03414,1.011598218838328e-06
test_03415,0.9817916747128268
test_03416,1.4140423569485364e-05
test_03417,0.2825928758822869
test_03418,0.044111428132289604
test_03419,5.174358398255126e-09
test_03420,0.999981367545241
test_03421,0.04047090700850564
test_03422,0.9992441462991974
test_03423,3.5239803838569665e-07
test_03424,0.000496640021719795
test_03425,2.004680470564836e-06
test_03426,0.9999448700676975
test_03427,0.9571046891064385
test_03428,1.512848873404142e-06
test_03429,0.6145391719078982
test_03430,0.9999998735937031
test_03431,0.9999999974228411
test_03432,0.15806561172157574
test_03433,0.9992590323757653
test_03434,1.2842756973960831e-09
test_03435,0.9999999999681268
test_03436,6.690979658150129e-06
test_03437,0.7273265301152076
test_03438,2.756795158593318e-07
test_03439,0.9999999197709096
test_03440,0.33085637272539503
test_03441,0.9383892180726688
test_03442,0.9856762718912785
test_03443,0.9868433446768281
test_03444,0.6161126196829452
test_03445,0.12753874241708107
test_03446,0.9986870702915112
test_03447,0.9996601178899303
test_03448,0.6581621298318446
test_03449,0.9999999999731958
test_03450,0.3560033768375311
test_03451,3.360760224509112e-13
test_03452,6.753968008990111e-06
test_03453,0.0015033572379862844
test_03454,0.0037453410247462013
test_03455,3.2043958457130205e-12
test_03456,1.6331391449703223e-13
test_03457,0.5772342303881559
test_03458,0.9999999990530124
test_03459,3.384333910670359e-05
test_03460,0.00020793442825479776
test_03461,0.7924018745525483
test_03462,0.9999999552791823
test_03463,0.002612668398314229
test_03464,0.9998218004130963
test_03465,0.00011922218041502338
test_03466,4.071824531133428e-06
test_03467,0.9981616831230578
test_03468,2.0670299189932025e-07
test_03469,2.8925015767723192e-05
test_03470,3.5540813754162e-15
test_03471,0.10871592267336266
test_03472,0.9999971691964766
test_03473,0.9986198006110539
test_03474,0.9999948552204643
test_03475,0.999988902046748
test_03476,0.0036868483669712585
test_03477,0.1615252100444128
test_03478,3.698515882367315e-11
test_03479,4.443312311006412e-06
test_03480,0.9999966163060018
test_03481,0.9989982773443715
test_03482,0.9999999936887054
test_03483,2.8093244388958105e-14
test_03484,0.9896512776327528
test_03485,0.312074584084746
test_03486,0.9989112861575904
test_03487,0.999783819840198
test_03488,0.9984876884013343
test_03489,1.617907909753387e-05
test_03490,0.9998458091070971
test_03491,0.9993403067189903
test_03492,0.9999924051345727
test_03493,0.9999805688946954
test_03494,1.5874195779539335e-09
test_03495,0.1750233988590959
test_03496,0.15381900679838986
test_03497,0.9999999965831885
test_03498,0.9999997775127383
test_03499,0.9957087690574138
test_03500,0.5418375271814702
test_03501,0.00014675071196992842
test_03502,0.02363141216512995
test_03503,0.012338979273265776
test_03504,0.00027000114173309034
test_03505,0.00023520482832613715
test_03506,0.23861986602211888
test_03507,2.184085553205705e-08
test_03508,0.5353617668428199
test_03509,0.1421098563317683
test_03510,0.913532400195773
test_03511,4.785615647971338e-06
test_03512,0.9956729069904962
test_03513,0.0016696624544493177
test_03514,0.9998827741691922
test_03515,0.6526691552817495
test_03516,0.011894250251932158
test_03517,0.9993820823764403
test_03518,1.4005517215716723e-05
test_03519,0.3806761923259163
test_03520,0.9996117263702868
test_03521,0.9999137672070835
test_03522,0.49710475372719604
test_03523,0.9999993648394537
test_03524,0.018031008702954845
test_03525,0.9999461214757877
test_03526,0.9999999995115187
test_03527,0.5367757732126619
test_03528,0.002052297106291377
test_03529,0.00014049509008795413
test_03530,6.925875572094961e-06
test_03531,6.620836524809662e-05
test_03532,0.9992737636817033
test_03533,0.0014315926564645487
test_03534,0.9148032988519311
test_03535,0.00013472239129239368
test_03536,0.9999999992812545
test_03537,0.5195389674537485
test_03538,1.520057522055369e-11
test_03539,0.38663386005904493
test_03540,0.9999995813019134
test_03541,0.24433831830916755
test_03542,0.21424470812875687
test_03543,0.9964373370368054
test_03544,4.995867011831323e-05
test_03545,3.183747417823133e-07
test_03546,0.5798728535835881
test_03547,0.9999999999953237
test_03548,0.9994670408018342
test_03549,0.016278340008369054
test_03550,0.7136310121401218
test_03551,0.9999999999999998
test_03552,0.7368025443298378
test_03553,0.9999999999999867
test_03554,0.979212854261884
test_03555,7.505556195958454e-05
test_03556,0.12196211241606561
test_03557,0.9966916902805552
test_03558,0.9366952970922349
test_03559,6.792278429379882e-06
test_03560,0.9999775727929296
test_03561,0.9999999901414123
test_03562,0.9985665016046805
test_03563,0.3604812915352728
test_03564,0.9999999158019204
test_03565,0.9999999996733036
test_03566,1.0459333144782539e-11
test_03567,0.8499131269993511
test_03568,1.1490308705232733e-05
test_03569,6.658767868499619e-05
test_03570,0.9999992384258312
test_03571,5.213459755124439e-16
test_03572,0.999994016401222
test_03573,0.9788873407405126
test_03574,0.9959677469797292
test_03575,0.9995655024953709
test_03576,0.9999989770956674
test_03577,6.796612976665699e-11
test_03578,8.716817079838502e-09
test_03579,7.865322119251769e-06
test_03580,0.9992036509573865
test_03581,1.7536996436988567e-09
test_03582,0.9770770074060062
test_03583,0.9999999389824029
test_03584,0.0002301661960816304
test_03585,0.9999625516892623
test_03586,0.007516924337899347
test_03587,0.11012919288401155
test_03588,0.0002833236300624787
test_03589,0.044408135263665396
test_03590,0.0019711781174502415
test_03591,4.00334464836638e-05
test_03592,0.9999999986673362
test_03593,0.9968019140454252
test_03594,3.7876209015465175e-05
test_03595,0.9998986650230717
test_03596,0.9998471287794105
test_03597,4.2027945054106486e-13
test_03598,0.7934636752253226
test_03599,0.9903019600300231
test_03600,0.0074981496891646
test_03601,0.9999999894784806
test_03602,2.7823714806678035e-10
test_03603,0.999999116297136
test_03604,0.9999994498657587
test_03605,0.9999999999969951
test_03606,0.0006659411882231113
test_03607,3.880057961965662e-06
test_03608,0.9999999367247171
test_03609,0.029252127875290954
test_03610,0.645104986987699
test_03611,0.6564064611042241
test_03612,0.9999999408586958
test_03613,0.9998166535787865
test_03614,5.160493074982527e-16
test_03615,0.8516439023178342
test_03616,4.70618888650779e-06
test_03617,1.3845564942748963e-12
test_03618,0.9999999999999247
test_03619,8.06050974292788e-06
test_03620,3.897362392088722e-05
test_03621,0.0737926241637664
test_03622,1.1785791054220617e-05
test_03623,1.4848473813906276e-08
test_03624,0.018963094198319933
test_03625,0.9999999756648994
test_03626,0.598819969461063
test_03627,1.216174429086157e-06
test_03628,3.582468204476863e-09
test_03629,0.998720414108169
test_03630,0.40443940868510514
test_03631,1.0801506817534902e-08
test_03632,0.9093298391855904
test_03633,0.01984735478726327
test_03634,1.2393519078054738e-12
test_03635,0.9997001444557139
test_03636,0.4485574810564512
test_03637,3.761794234660735e-05
test_03638,0.9999222172335425
test_03639,1.120766045536053e-12
test_03640,0.024743954923477838
test_03641,0.8307852541403007
test_03642,0.3616693951796013
test_03643,0.8494648102624829
test_03644,1.180010481580935e-05
test_03645,0.9999999999814977
test_03646,0.993182596167761
test_03647,0.40147096111358394
test_03648,0.585412401363013
test_03649,0.9998908467865641
test_03650,0.9999597907479767
test_03651,0.026104511294444643
test_03652,2.795485250895736e-18
test_03653,0.553734276902231
test_03654,0.9911187221549684
test_03655,0.999969568441395
test_03656,0.825746446468892
test_03657,0.16657217688589585
test_03658,0.8853621196537566
test_03659,0.9999999999919914
test_03660,0.9999999999985114
test_03661,0.020163409855122032
test_03662,0.9999999998512447
test_03663,0.9999874718508212
test_03664,0.9999991906577466
test_03665,0.9999999999999991
test_03666,0.0015901225375300327
test_03667,0.03463754165162208
test_03668,0.9999999979252774
test_03669,0.9999459782297301
test_03670,0.08425046502118251
test_03671,1.756811798961662e-12
test_03672,0.823708344991773
test_03673,0.9870935466147691
test_03674,0.17191687176214715
test_03675,0.9986653810642063
test_03676,0.9999996901883
test_03677,0.9966861247264678
test_03678,0.9668825473872895
test_03679,1.2572357870242473e-10
test_03680,0.9938792646514557
test_03681,0.1341838807486706
test_03682,0.6904517967970549
test_03683,0.999999985211547
test_03684,0.9999999999983591
test_03685,0.9998915982458125
test_03686,0.9999977121030035
test_03687,0.5187479557207475
test_03688,0.9999999991243733
test_03689,7.882121571962434e-11
test_03690,0.9999909809754908
test_03691,0.9999907173437563
test_03692,0.0033715755861462
test_03693,0.9285498573530406
test_03694,0.9918243892493017
test_03695,2.4303891864586452e-09
test_03696,3.635825682769595e-11
test_03697,0.750325032478251
test_03698,0.9999999999971567
test_03699,0.9974750961810956
test_03700,0.9999996677649376
test_03701,0.12873918616951552
test_03702,0.9999999999145222
test_03703,0.9999998897326963
test_03704,4.599690668703358e-07
test_03705,0.04542814169340483
test_03706,1.7725538575094155e-09
test_03707,0.9999999996991508
test_03708,0.03323820142169298
test_03709,0.999999999688717
test_03710,6.968784223560811e-07
test_03711,2.486104573575445e-06
test_03712,0.9999737627293686
test_03713,0.2660970352259532
test_03714,0.0689157499199286
test_03715,0.9999999997691873
test_03716,0.9999999999983334
test_03717,4.2411668589282705e-07
test_03718,4.104559002188365e-12
test_03719,0.9999999999229829
test_03720,1.049404698218267e-05
test_03721,0.006049903550853425
test_03722,0.017252672739805144
test_03723,0.10953994602506596
test_03724,0.9983737345544264
test_03725,1.8349052599421648e-15
test_03726,0.9998047462276229
test_03727,0.00018823293842447177
test_03728,0.06140462456053478
test_03729,1.709637780113496e-08
test_03730,0.9999999402537381
test_03731,0.07078234069680628
test_03732,0.815065544830595
test_03733,0.958895758995393
test_03734,0.9993500005166425
test_03735,0.002622633931566893
test_03736,0.0003236516274798482
test_03737,0.9999945983829619
test_03738,0.7856383159786398
test_03739,0.9999999830299379
test_03740,1.004916275467204e-05
test_03741,0.026943072742597433
test_03742,0.13432364812506395
test_03743,0.9966276938121713
test_03744,0.9716186734687354
test_03745,0.9995046672896781
test_03746,0.0004458647642303982
test_03747,0.6500144710750368
test_03748,0.000933890844382517
test_03749,0.811692509795797
test_03750,0.999999796670338
test_03751,0.9998334254036862
test_03752,0.9870959891414923
test_03753,0.99938110448769
test_03754,0.9999999999958629
test_03755,0.9999995290901273
test_03756,0.9966812628928852
test_03757,9.459573771373533e-05
test_03758,0.9999909283034267
test_03759,9.241168865774225e-06
test_03760,0.31023835962867474
test_03761,7.986206435076915e-10
test_03762,0.9999998747899618
test_03763,0.48900064916904323
test_03764,0.9999812179728473
test_03765,0.48326560669195257
test_03766,0.9997761915574297
test_03767,0.5568394853900541
test_03768,2.4887282014718045e-08
test_03769,2.0892152305959303e-10
test_03770,0.998771767771985
test_03771,0.9958205072955557
test_03772,0.9999997722407155
test_03773,0.00014645790235205084
test_03774,0.9729910244298345
test_03775,0.9999999698930926
test_03776,4.266629504719627e-05
test_03777,0.003584961821975788
test_03778,0.9999996518199672
test_03779,0.0001152561603157962
test_03780,9.773150493931346e-05
test_03781,0.09027792068293343
test_03782,8.533970652623543e-10
test_03783,0.004287995856732057
test_03784,1.7232852106275095e-09
test_03785,0.9999999999999618
test_03786,0.1730276277768099
test_03787,4.9733627292463196e-08
test_03788,8.282322284817333e-16
test_03789,0.48914995084488816
test_03790,0.5615941252242107
test_03791,0.7657194351555994
test_03792,0.99996039618753
test_03793,6.197771467874908e-05
test_03794,0.9999226306503116
test_03795,0.8531729779321442
test_03796,0.9829412245323794
test_03797,6.5097742227807e-07
test_03798,0.8305842183144926
test_03799,3.373834776600473e-05
test_03800,0.9999706957961074
test_03801,5.70138572316e-05
test_03802,0.10881374169569526
test_03803,1.5065251163718203e-09
test_03804,0.0009500062134534528
test_03805,0.9568933882250137
test_03806,1.5328851439281374e-05
test_03807,0.2980164788957274
test_03808,0.9997446410651232
test_03809,2.0538680255833072e-07
test_03810,1.6445315306464903e-13
test_03811,0.015007763668054891
test_03812,3.095530893386027e-05
test_03813,0.999999964021685
test_03814,2.2368136311625426e-06
test_03815,0.42317236776089817
test_03816,0.015534959897238841
test_03817,0.8210264367618891
test_03818,6.864461108401447e-08
test_03819,0.3922110913679587
test_03820,0.9998200667011764
test_03821,0.9996527279776841
test_03822,0.9927787543290234
test_03823,9.800185567904657e-05
test_03824,0.5425344059270258
test_03825,0.7761924487817622
test_03826,0.9999999999985663
test_03827,7.112054485492321e-07
test_03828,0.9999194450011635
test_03829,0.04300070339561398
test_03830,0.9997743140790407
test_03831,0.0006138328461514938
test_03832,2.421125378178935e-06
test_03833,8.306033660566662e-07
test_03834,0.9999835185452313
test_03835,0.9999999999797168
test_03836,1.62229839279523e-12
test_03837,0.07745417842098776
test_03838,3.333650860766335e-07
test_03839,5.984232819253256e-06
test_03840,0.9663755245127734
test_03841,0.9999992442421297
test_03842,1.78898242675605e-05
test_03843,0.9999792187205623
test_03844,0.006951099957361353
test_03845,0.9999999987780657
test_03846,0.9350704884768171
test_03847,9.186087352387183e-09
test_03848,0.9999999468411029
test_03849,0.999898535778208
test_03850,0.13320339401669234
test_03851,0.06735803825864442
test_03852,0.0005699105932484316
test_03853,0.9999999999999969
test_03854,0.9999999896010294
test_03855,0.000671748076809657
test_03856,0.5353605684337194
test_03857,4.061058491447816e-12
test_03858,3.0850512774287765e-08
test_03859,2.7612896289121178e-05
test_03860,0.00029325790499944317
test_03861,0.1493363271152716
test_03862,0.9999999999997611
test_03863,0.8450343898967845
test_03864,0.9999999994469556
test_03865,0.9927101072719462
test_03866,0.9999999783378226
test_03867,0.0021734798172989467
test_03868,2.8085612939784583e-05
test_03869,0.9983315186790775
test_03870,0.9096855880105251
test_03871,1.3508523795638274e-07
test_03872,0.0001491643612851887
test_03873,0.3713174468195505
test_03874,6.236811583129867e-06
test_03875,0.03242575483100284
test_03876,0.9999997800217048
test_03877,0.11239828233779603
test_03878,0.9985564663709585
test_03879,0.9999999999953142
test_03880,0.9999998741168502
test_03881,8.627150981940155e-12
test_03882,0.9900243123031187
test_03883,0.4447507162982663
test_03884,0.9999915209255845
test_03885,7.003551716427904e-07
test_03886,0.003278398413898989
test_03887,6.976980514719835e-11
test_03888,0.9999999956764496
test_03889,1.0982227259569675e-12
test_03890,0.9205647417951666
test_03891,2.0909849029821952e-10
test_03892,0.00841130460810682
test_03893,3.972903739029934e-05
test_03894,1.4913202155910272e-08
test_03895,0.6878413414771063
test_03896,0.981730406669261
test_03897,0.9997556332268666
test_03898,0.3401493247993617
test_03899,0.959577326345858
test_03900,0.3490500738670634
test_03901,3.386008003110881e-05
test_03902,3.7522049559186967e-13
test_03903,0.8623244235707755
test_03904,2.1747775261912583e-06
test_03905,0.9020046806394288
test_03906,0.00044517978656413525
test_03907,0.9999999412753885
test_03908,0.8743569066016812
test_03909,0.9999989144642727
test_03910,3.6116311820945214e-06
test_03911,0.953681635643532
test_03912,0.9999999999155198
test_03913,0.008466770438612785
test_03914,0.36560546848891134
test_03915,2.513073338809123e-06
test_03916,0.9999999999977107
test_03917,0.8407295108312103
test_03918,0.8949885972252014
test_03919,0.9999999991023708
test_03920,0.9598447979558272
test_03921,0.2514095683957626
test_03922,0.00015546275531446623
test_03923,0.9999999403672013
test_03924,0.7148155166887267
test_03925,5.1606311946265725e-08
test_03926,0.9996872066791087
test_03927,0.07287174684734507
test_03928,4.2259428605390963e-07
test_03929,0.9999999994283145
test_03930,0.9885340871928112
test_03931,0.9999991507887156
test_03932,3.8832156573477877e-08
test_03933,2.452360383457856e-07
test_03934,0.9302563982867794
test_03935,2.6576626550941764e-10
test_03936,0.5570949136067682
test_03937,0.16595679674489844
test_03938,0.993809918360868
test_03939,1.678531746021714e-08
test_03940,0.027704849062078783
test_03941,0.20150718645536794
test_03942,0.14112145596683887
test_03943,0.4750863631474462
test_03944,0.9999996715090123
test_03945,0.9999130886640976
test_03946,0.4988625970015365
test_03947,0.6906821399583685
test_03948,0.9992511027169823
test_03949,0.9999449479330076
test_03950,0.843691894660957
test_03951,3.0938596935420243e-13
test_03952,0.3067433590477112
test_03953,0.9999999999417613
test_03954,0.9999987558944793
test_03955,3.1996679860853395e-05
test_03956,3.5056138629919447e-10
test_03957,0.9999999993428876
test_03958,0.9999999983824521
test_03959,0.4839821726344747
test_03960,0.00014555129699372194
test_03961,0.9999997638291225
test_03962,0.9999999999596321
test_03963,2.4351879758826845e-05
test_03964,0.9999986799172168
test_03965,0.00018376484191740032
test_03966,0.009222158488520071
test_03967,2.5983226166706376e-09
test_03968,0.9997284567501171
test_03969,0.7814216358601134
test_03970,0.810699144617572
test_03971,0.48797570819901726
test_03972,0.017493386275589492
test_03973,0.9999907513220132
test_03974,0.35637364509940006
test_03975,0.9999997294131586
test_03976,0.9999999661118081
test_03977,0.9998253117091742
test_03978,0.7567170084215544
test_03979,0.9998447280163173
test_03980,0.47429237267853075
test_03981,0.9999999996596687
test_03982,0.9371418321304134
test_03983,0.9997456019460573
test_03984,0.627642824708422
test_03985,1.5141875632888828e-07
test_03986,8.379993490104725e-07
test_03987,0.9997613012531561
test_03988,0.9999905951861207
test_03989,0.00030084912300079196
test_03990,4.492721022995467e-09
test_03991,1.235730869633125e-11
test_03992,0.5421513620931484
test_03993,4.162459350557276e-05
test_03994,0.08237218641617103
test_03995,0.011293071121624563
test_03996,0.9999999993200955
test_03997,0.5453690006206973
test_03998,0.9999999993457116
test_03999,0.99999999832782
test_04000,0.9999999998314508
test_04001,0.3613834351147913
test_04002,0.9999999998706304
test_04003,0.4248227167853361
test_04004,0.24536771610063934
test_04005,7.810925247406415e-08
test_04006,0.5100127815962108
test_04007,1.5726496365981453e-06
test_04008,0.9999997804258793
test_04009,1.2790502713382768e-07
test_04010,0.305123599514808
test_04011,0.33532646821838863
test_04012,4.354362623825807e-09
test_04013,2.757282159558477e-10
test_04014,0.9987848495636078
test_04015,0.9997332044508129
test_04016,0.9999999966360986
test_04017,1.4325507686036084e-06
test_04018,0.9999993059140508
test_04019,0.9976906535497627
test_04020,0.9999999991810864
test_04021,0.0026772837049006512
test_04022,8.301888725179687e-07
test_04023,0.7838511070602827
test_04024,0.00013568347705774622
test_04025,2.6705220354301747e-05
test_04026,0.9999999999534042
test_04027,0.00041682488055850273
test_04028,0.1356271824725001
test_04029,0.7887551084578401
test_04030,0.9999999933709651
test_04031,2.2001926868714076e-07
test_04032,0.3329911457145225
test_04033,0.995354641899759
test_04034,0.9999999044428103
test_04035,0.9421495955322565
test_04036,0.9978442250304682
test_04037,0.9999999999994487
test_04038,1.3091626912079e-06
test_04039,2.7534058081809327e-06
test_04040,0.9999674592307701
test_04041,0.624952168679561
test_04042,0.9998788685712241
test_04043,0.44227737654896865
test_04044,0.0008047899309688729
test_04045,4.77868934004474e-08
test_04046,0.00019598086041037612
test_04047,0.9990309595890638
test_04048,0.9758264575299431
test_04049,0.9986201308588794
test_04050,1.4754782626344324e-06
test_04051,0.9999999999998959
test_04052,0.9951708553341352
test_04053,0.5999958755354633
test_04054,3.5687378934992505e-06
test_04055,0.9999941968928299
test_04056,0.9975157769611354
test_04057,0.9999999988333104
test_04058,0.9999993836791214
test_04059,0.5204064657048324
test_04060,0.999834681475321
test_04061,0.2551476345356073
test_04062,2.3421866781129032e-07
test_04063,0.30988556633749414
test_04064,0.9999983988300176
test_04065,0.46016962153221497
test_04066,0.9999999962936925
test_04067,1.2613058433302341e-12
test_04068,0.0014472031768331137
test_04069,0.006375498099528432
test_04070,3.9811878115092594e-08
test_04071,0.6619235394896031
test_04072,1.0919635455350907e-14
test_04073,4.928312957800949e-10
test_04074,4.397476548740241e-06
test_04075,0.9999336935590133
test_04076,0.9995421421673846
test_04077,0.9127931392974767
test_04078,0.9999999999876761
test_04079,4.338486065405341e-06
test_04080,0.17436744700722787
test_04081,0.6705319418420841
test_04082,7.720109680964931e-11
test_04083,0.053116277307007534
test_04084,0.9716078523250858
test_04085,1.5794554658357649e-06
test_04086,9.238195327494826e-12
test_04087,0.9801827275332325
test_04088,0.9999999999372948
test_04089,0.013101330984006811
test_04090,0.9999999999405984
test_04091,0.9999944416647034
test_04092,0.9999999986685825
test_04093,0.9947846792624054
test_04094,0.003650472916170198
test_04095,0.19970852523694044
test_04096,7.891851388707515e-06
test_04097,0.9055908934769714
test_04098,3.3490416572697747e-13
test_04099,0.9999876603213091
test_04100,0.9999999356228357
test_04101,3.511919079797063e-09
test_04102,0.00014949150079788807
test_04103,0.0001338556764373227
test_04104,0.5888003145641529
test_04105,6.329416416673078e-08
test_04106,6.375059595950887e-10
test_04107,0.42774163179124225
test_04108,0.9870200326086183
test_04109,0.999613570485397
test_04110,0.23552668068110522
test_04111,0.9978206467422621
test_04112,0.36167348176701997
test_04113,0.999999995739822
test_04114,0.9999992214433902
test_04115,0.9661268622201025
test_04116,0.9999625924172026
test_04117,0.9999999999949969
test_04118,0.016850919771320597
test_04119,2.5293805436629254e-07
test_04120,0.9473166713313631
test_04121,0.06555096088473568
test_04122,0.00013409543601948162
test_04123,0.9957156192546306
test_04124,0.9999999999887893
test_04125,9.440245808117349e-07
test_04126,2.314452013835921e-07
test_04127,1.8762238118848605e-07
test_04128,0.9999999999929381
test_04129,0.9999899269801658
test_04130,1.2537483537621142e-10
test_04131,2.2317838439436293e-10
test_04132,0.008779648407775197
test_04133,1.1446032887585687e-09
test_04134,0.9999999973335189
test_04135,0.9999960279337334
test_04136,0.5142063541417423
test_04137,0.00010124643889083734
test_04138,0.5590565315533025
test_04139,0.6024630467209863
test_04140,0.9999991095643954
test_04141,0.18293158774575513
test_04142,0.9991081303912028
test_04143,0.9576547225779861
test_04144,0.9999921422984871
test_04145,0.8945948657470357
test_04146,1.0238138698916014e-05
test_04147,0.0037970414247374532
test_04148,0.8737066125295255
test_04149,0.9994813016476691
test_04150,0.15215262342748112
test_04151,0.4448848111839842
test_04152,0.4344633695373292
test_04153,0.332661257077813
test_04154,0.026643518539572926
test_04155,0.002863607318184833
test_04156,0.9999999873108002
test_04157,0.9995737708188644
test_04158,0.9483662663782133
test_04159,0.008204251167741903
test_04160,0.9853029872789636
test_04161,0.004981719944274035
test_04162,0.9999749030010103
test_04163,4.9956405838607935e-08
test_04164,0.563347485254387
test_04165,0.9999999991367599
test_04166,0.01137286007781875
test_04167,0.006725386823336946
test_04168,1.179326265376402e-06
test_04169,0.9999759803356604
test_04170,0.9999999941008653
test_04171,0.9999861014749037
test_04172,1.2129002325741938e-13
test_04173,0.9999949820482422
test_04174,1.524045671334924e-06
test_04175,0.9805795921385955
test_04176,0.8278547140013695
test_04177,7.188222542687881e-06
test_04178,0.9999998566536022
test_04179,0.24406911067230871
test_04180,1.7353353126987237e-06
test_04181,0.7229900018870415
test_04182,0.9999993656961523
test_04183,0.23415899170972285
test_04184,0.9075226597652337
test_04185,0.9813828811746139
test_04186,0.5596084496299726
test_04187,0.9999961947282661
test_04188,0.021969233758251074
test_04189,2.5904004450355072e-06
test_04190,0.9978176816268172
test_04191,0.6297140430719592
test_04192,0.00036872565109368426
test_04193,0.008247592056036016
test_04194,0.07193187489580789
test_04195,0.00015530128882708505
test_04196,0.952149051534098
test_04197,2.714713895354389e-06
test_04198,0.9999997338079342
test_04199,0.2087790391414473
test_04200,0.030098756561002995
test_04201,0.9999999652638893
test_04202,0.9904754319057233
test_04203,0.9789928502181624
test_04204,0.6681871020953786
test_04205,3.350661763977001e-06
test_04206,1.1644462932912167e-09
test_04207,0.9934701870839987
test_04208,2.619124875963771e-05
test_04209,0.6264952232295329
test_04210,0.9852614990112584
test_04211,0.980252581164296
test_04212,0.7783196024821737
test_04213,3.766986731054428e-11
test_04214,0.9999189045671277
test_04215,0.4178183844538993
test_04216,1.3464479974516178e-10
test_04217,0.9999999972220026
test_04218,1.6875831416337734e-05
test_04219,0.9777074503004379
test_04220,0.009046270483126312
test_04221,0.32731114213340556
test_04222,0.9606677750861803
test_04223,0.9998595550245419
test_04224,0.9999999999999101
test_04225,0.3528798488620476
test_04226,0.9984740554605471
test_04227,0.9998356515576374
test_04228,0.9999998823941688
test_04229,0.9698355124811772
test_04230,0.005047554611814208
test_04231,0.7393675216525566
test_04232,0.9999999808585027
test_04233,0.9999999952758964
test_04234,0.9999977498513775
test_04235,0.9992038319230473
test_04236,2.7365661005518962e-06
test_04237,0.35929606908584594
test_04238,6.565096218310615e-09
test_04239,0.999999997754967
test_04240,0.9997010723828281
test_04241,0.9998930908682596
test_04242,0.8401032825769243
test_04243,6.242286444574157e-05
test_04244,0.9998308485832288
test_04245,0.9983049706412387
test_04246,0.9999996999346632
test_04247,0.9796305477498388
test_04248,0.9999999970215729
test_04249,0.9999999609611574
test_04250,0.6006676567049793
test_04251,0.9999889120830321
test_04252,1.822157713696619e-12
test_04253,0.02236676464835059
test_04254,2.397167707460218e-05
test_04255,0.9603493339964351
test_04256,0.9999999997347593
test_04257,2.0060365221535786e-07
test_04258,0.17414113715163196
test_04259,0.7446470712908881
test_04260,0.6477493924009737
test_04261,0.9948997886621429
test_04262,0.8417096466908374
test_04263,1.293885112313984e-06
test_04264,0.9997884032490303
test_04265,0.997050067050711
test_04266,0.17563454368202733
test_04267,0.0011208631292678188
test_04268,0.9998353154827925
test_04269,0.9999599502896264
test_04270,0.15730724065861232
test_04271,0.0034624536054631626
test_04272,0.4424706427866292
test_04273,0.0003370960670295088
test_04274,0.5426221720887003
test_04275,0.05208160881282619
test_04276,0.9999451105061682
test_04277,0.005257810276671867
test_04278,0.5050546841662882
test_04279,0.1310523471615965
test_04280,3.914012229382555e-06
test_04281,0.9999436633931262
test_04282,0.5797384596611153
test_04283,0.0015867323153841146
test_04284,0.0012817429025844978
test_04285,0.9807343978256127
test_04286,3.822871990437605e-10
test_04287,0.9999999996414499
test_04288,3.62416936227334e-12
test_04289,0.9999998265226837
test_04290,0.34632396913969293
test_04291,0.0006919046303403903
test_04292,0.22448556390419258
test_04293,0.9996749018325948
test_04294,0.9853913798671494
test_04295,1.601672142090029e-05
test_04296,0.33099080512097123
test_04297,0.839513938312268
test_04298,0.9978806826962604
test_04299,3.5237427934211e-12
test_04300,3.5217330502364094e-14
test_04301,0.9998691191638382
test_04302,0.06649329321500166
test_04303,0.9999999999893654
test_04304,0.9992908557256175
test_04305,0.439671811553039
test_04306,0.00010017637675754896
test_04307,0.9380220975050032
test_04308,0.008015490584695896
test_04309,0.9997565937045081
test_04310,0.999999999998838
test_04311,0.9999999983887838
test_04312,0.9999999831234012
test_04313,0.012696142373719231
test_04314,0.9999183676053092
test_04315,0.9998712277088395
test_04316,7.127399405759895e-06
test_04317,0.01447362430686199
test_04318,0.2642272816560165
test_04319,1.0554762429160398e-10
test_04320,0.16306181662754826
test_04321,0.9972522037184495
test_04322,0.577741966127795
test_04323,0.00015683471939836616
test_04324,0.9027119838491531
test_04325,0.9999999999936349
test_04326,0.9891034200961383
test_04327,0.05823027034385494
test_04328,1.0541095880655957e-05
test_04329,0.9999997010543438
test_04330,0.9997656589419468
test_04331,0.9998934616887794
test_04332,0.008119178800480655
test_04333,1.5416888440491982e-07
test_04334,0.9761843297970496
test_04335,0.001132473557880698
test_04336,2.808003893409926e-08
test_04337,0.9999999591386839
test_04338,0.9999999999401825
test_04339,0.9745840556676775
test_04340,0.000713818318852515
test_04341,0.9999999999999909
test_04342,1.8482349092149702e-05
test_04343,0.886240143534196
test_04344,0.23099836917501299
test_04345,0.9990620778946173
test_04346,8.958203258256422e-08
test_04347,0.2883570504348285
test_04348,0.9999968602872646
test_04349,0.9999836021320886
test_04350,0.995343369728253
test_04351,0.26086800607160104
test_04352,0.00015697446567997575
test_04353,0.9999998878237986
test_04354,3.200020559519593e-05
test_04355,0.9998543401486031
test_04356,3.986715181379471e-06
test_04357,0.0687743138375081
test_04358,4.12640856543446e-06
test_04359,0.0034823037626576475
test_04360,0.12051557463685457
test_04361,0.015785799326163003
test_04362,0.017303670955179477
test_04363,0.9999671269156543
test_04364,0.9813461523659297
test_04365,0.030394155205952667
test_04366,1.526972909730475e-08
test_04367,0.08705000530039994
test_04368,0.0001993195658496002
test_04369,0.991748522938321
test_04370,0.0002526539202932949
test_04371,0.9999999569685791
test_04372,0.025991570897633876
test_04373,0.06262217829556752
test_04374,4.517845143990989e-05
test_04375,0.9999999999999991
test_04376,0.34076991231594733
test_04377,0.014068651191625104
test_04378,0.9984083172905438
test_04379,0.002771003173192772
test_04380,0.007155570818097048
test_04381,0.9999374493639347
test_04382,3.3936534835827335e-08
test_04383,0.025104608363880232
test_04384,0.9999999999398688
test_04385,0.7788866115233604
test_04386,1.8357538676031558e-06
test_04387,3.907729876752261e-09
test_04388,5.175397608329767e-06
test_04389,0.007123406810753482
test_04390,0.9711726412706496
test_04391,0.9976633572448563
test_04392,0.9996393210684006
test_04393,0.9958844554829831
test_04394,0.999999999972295
test_04395,0.26203991499852497
test_04396,0.26295353871943183
test_04397,0.9997423648315946
test_04398,0.033817965695045894
test_04399,2.1476462754214914e-05
test_04400,7.179153041574067e-08
test_04401,0.013748685285263998
test_04402,0.9977963079762098
test_04403,0.9671054082283634
test_04404,0.0034234307639329975
test_04405,0.9995678572353479
test_04406,0.999994685143353
test_04407,5.569437342112749e-06
test_04408,0.9999999999807487
test_04409,0.9971974845957665
test_04410,0.9997245858335767
test_04411,0.9999999997424441
test_04412,0.8551839739869511
test_04413,0.9999999997578144
test_04414,0.9999999999997315
test_04415,3.217538500209059e-05
test_04416,0.7099786200171238
test_04417,0.0006166075133021738
test_04418,2.829221798981128e-05
test_04419,2.0265666042228087e-05
test_04420,1.9027761535790536e-05
test_04421,0.987512488050835
test_04422,5.2037285890207354e-08
test_04423,0.08696550543745418
test_04424,0.10729674300867635
test_04425,0.9999999999959988
test_04426,0.5659749551854724
test_04427,0.9966090469862505
test_04428,0.016193993522242975
test_04429,0.9999989361747643
test_04430,0.969294960069622
test_04431,0.9999827459377391
test_04432,0.00017588276441189178
test_04433,0.002565054339533928
test_04434,0.9999999871648155
test_04435,0.6045034772868938
test_04436,1.0310961156256043e-11
test_04437,0.9990041808950751
test_04438,0.9989857385863619
test_04439,0.0019397288319846298
test_04440,0.9999994202100078
test_04441,0.9999999347505696
test_04442,0.9524775191371353
test_04443,5.434492276075493e-06
test_04444,0.9486204085465794
test_04445,0.9999430140406753
test_04446,8.384898914615077e-05
test_04447,0.9999692665900142
test_04448,2.494680374484195e-08
test_04449,0.6952228480006698
test_04450,0.9999999995856892
test_04451,2.4031993788416846e-12
test_04452,0.002029137789751641
test_04453,0.9972268745714978
test_04454,0.00031775656403550286
test_04455,0.8713680093623379
test_04456,1.9502021964297242e-08
test_04457,0.1006388103265966
test_04458,0.9997253347307917
test_04459,0.012301248381976068
test_04460,0.00020704706834579864
test_04461,0.9999916646383968
test_04462,0.016461634667667965
test_04463,0.9658518197132389
test_04464,0.9998315696453677
test_04465,0.768007492363783
test_04466,2.3729250637422183e-16
test_04467,0.9999999828677832
test_04468,0.0008105779672781614
test_04469,0.31961124904565763
test_04470,0.515255048584741
test_04471,0.4858814835524497
test_04472,0.9999991070087036
test_04473,9.873510876467054e-05
test_04474,0.00015650844517077606
test_04475,3.024009410746578e-08
test_04476,0.029902065075382463
test_04477,0.2514074222021066
test_04478,0.9995859738317374
test_04479,0.9344792589401457
test_04480,0.24810573428806393
test_04481,0.9999714468817475
test_04482,6.466904035011434e-05
test_04483,0.9999505249448671
test_04484,0.9974957307540929
test_04485,0.9999999288804045
test_04486,0.9999255777653444
test_04487,7.689861732503348e-08
test_04488,0.9998812868898013
test_04489,0.004106431574726458
test_04490,0.798495759439154
test_04491,0.7364873256409687
test_04492,0.0008736254533142706
test_04493,0.0022370589909576004
test_04494,0.031227861400268776
test_04495,0.6019885149050961
test_04496,1.6738108777276295e-08
test_04497,0.0006252331776788356
test_04498,0.006720507419442722
test_04499,8.68755402008498e-05
test_04500,0.9999888465896358
test_04501,1.6058489242303712e-09
test_04502,0.9982502159240907
test_04503,0.005879668165184222
test_04504,0.01420809685186814
test_04505,0.14263705104106428
test_04506,0.9999995110722425
test_04507,9.308577968306433e-05
test_04508,1.5390401476349603e-06
test_04509,9.661591499790781e-05
test_04510,0.0002532845050455631
test_04511,0.0001710825217608068
test_04512,0.9999999952315639
test_04513,0.05487781309027422
test_04514,0.9939292988591475
test_04515,7.711207019891212e-08
test_04516,0.25318298471776624
test_04517,0.9999999999106158
test_04518,1.4619287302706585e-09
test_04519,0.00012879832759266242
test_04520,6.326339887419413e-05
test_04521,0.9981824147460578
test_04522,0.9999000528170319
test_04523,0.0029954433179520523
test_04524,0.9969265948568679
test_04525,0.00010616360806335518
test_04526,0.9999999973614839
test_04527,0.4143599710865654
test_04528,0.9939570400450084
test_04529,1.5592428412884613e-09
test_04530,2.5213996705247088e-05
test_04531,0.1785894151855757
test_04532,0.9999999998420877
test_04533,0.0009461463845779573
test_04534,0.40673887102892636
test_04535,0.9661557515885589
test_04536,3.0635843413783116e-05
test_04537,0.0011938540770949494
test_04538,0.7818690239226147
test_04539,0.9999946257083854
test_04540,0.9953186180737482
test_04541,0.9999999996712203
test_04542,0.5816219682332273
test_04543,1.1262758493029983e-11
test_04544,0.9993526127903045
test_04545,0.9999999999988115
test_04546,0.9998528704345939
test_04547,0.9976221925804747
test_04548,0.999579789793437
test_04549,3.0252748959059554e-13
test_04550,0.9991855570669941
test_04551,0.9997493309214641
test_04552,0.24821826437539415
test_04553,0.00498522502329902
test_04554,0.4504790814698909
test_04555,0.01776201623490134
test_04556,0.004769239843101734
test_04557,0.006999121603895792
test_04558,3.9690345533842857e-13
test_04559,8.503031383814503e-11
test_04560,2.7582354791719626e-10
test_04561,1.2873024334709941e-06
test_04562,0.31618481868530507
test_04563,0.9999998378115904
test_04564,1.2645271926391499e-10
test_04565,0.9999999999911163
test_04566,1.8735378433488556e-14
test_04567,0.7636480276581066
test_04568,0.39418724634702834
test_04569,0.9985173583225866
test_04570,2.5683789379324047e-10
test_04571,3.116691448406985e-05
test_04572,0.999986786644647
test_04573,0.9902205490086404
test_04574,0.05658884309029994
test_04575,0.999977977669706
test_04576,0.9896209721371023
test_04577,0.9999992523295425
test_04578,0.9999999998666999
test_04579,0.002664336449602731
test_04580,7.02378828946304e-05
test_04581,0.019141973169533782
test_04582,7.621640910841267e-09
test_04583,0.9999984500288093
test_04584,0.9055379111154302
test_04585,0.8891294354219867
test_04586,1.0489220912690037e-08
test_04587,0.9698580326513719
test_04588,0.9275127097359109
test_04589,0.9999640146948505
test_04590,0.9999999999999646
test_04591,0.999837673578533
test_04592,0.0011724339619855711
test_04593,0.4972314796318624
test_04594,0.08080744199983164
test_04595,0.9970242893854966
test_04596,0.00029347353422089494
test_04597,0.0007130676496871194
test_04598,2.4304941876928962e-05
test_04599,0.5405753974163907
test_04600,3.041282513401532e-11
test_04601,0.04593295743897342
test_04602,0.05678510234256353
test_04603,0.9999921422984871
test_04604,1.434148713085479e-09
test_04605,0.9999996595253635
test_04606,0.9547457325426172
test_04607,0.07483232716259476
test_04608,9.342882867634626e-10
test_04609,0.5823027044745566
test_04610,1.681980528175644e-08
test_04611,0.9999999994568081
test_04612,0.9999999999992495
test_04613,0.999999889026832
test_04614,0.999999999995789
test_04615,0.9998918345518191
test_04616,0.9998166738962249
test_04617,1.1621218430926806e-06
test_04618,0.9999996814369279
test_04619,0.1033887038021381
test_04620,1.747072793068254e-08
test_04621,0.9967795718931993
test_04622,0.9993791395080613
test_04623,0.9998638376305586
test_04624,0.9340623394601657
test_04625,0.9999999999919333
test_04626,5.72678180542439e-10
test_04627,8.92119108726099e-10
test_04628,0.9991607042469764
test_04629,0.9921059072970608
test_04630,0.9987796408531069
test_04631,0.9999970915897234
test_04632,0.002567275930524732
test_04633,0.06762618525861556
test_04634,0.999999934419659
test_04635,0.9999998853309562
test_04636,0.9997319364901769
test_04637,0.9995817673106244
test_04638,0.8772441363507275
test_04639,0.9994914965761985
test_04640,0.9997302793928557
test_04641,0.997142789420991
test_04642,0.20325389568356858
test_04643,0.43871512430314674
test_04644,6.593996975775754e-08
test_04645,0.747701572017444
test_04646,0.0003382862380118337
test_04647,0.9993832090498973
test_04648,0.9938476569234003
test_04649,0.9928978772159247
test_04650,7.026452585482553e-06
test_04651,0.9983876458248131
test_04652,0.00017799020508170197
test_04653,0.9999930062442939
test_04654,0.0004069113386607201
test_04655,0.5707999842396182
test_04656,7.503991716654641e-11
test_04657,0.9556223515672005
test_04658,0.9999037022855113
test_04659,0.9993823741286654
test_04660,0.32019106226306376
test_04661,0.003089246554913721
test_04662,0.18737612297059345
test_04663,0.0006566675413896512
test_04664,2.0785035270956058e-08
test_04665,0.9600282160773194
test_04666,1.2034550492914153e-07
test_04667,0.9999982412008459
test_04668,1.6219946658796203e-06
test_04669,0.9993220970230512
test_04670,0.9552650303915391
test_04671,0.04064617041349784
test_04672,0.17654926021895925
test_04673,0.1312401639328732
test_04674,0.0009583555594515837
test_04675,3.732998977283069e-07
test_04676,0.19554088339779732
test_04677,0.999999819765039
test_04678,0.3784138195384945
test_04679,0.0183703707639294
test_04680,0.9998116436995164
test_04681,0.9999585265607617
test_04682,3.3591701274919764e-09
test_04683,0.010665409665502086
test_04684,0.010534218577175028
test_04685,0.9833761311764649
test_04686,0.9999998221625949
test_04687,0.998184990213937
test_04688,0.6380173948035847
test_04689,0.8067216577032561
test_04690,0.9997888783475625
test_04691,0.06361419531405044
test_04692,1.3384593427865207e-08
test_04693,0.9997009514662009
test_04694,0.6227288481177551
test_04695,1.6387264889175994e-05
test_04696,0.9999999998212004
test_04697,0.004612762620730971
test_04698,0.02826870334892835
test_04699,0.24925091082136663
test_04700,0.9999999999466209
test_04701,0.002771582685407367
test_04702,0.41192430436152633
test_04703,0.9981525333573615
test_04704,1.5286737229977448e-08
test_04705,0.0037616000059207334
test_04706,3.4598199816685645e-10
test_04707,0.7497644301909294
test_04708,0.00042697064014569046
test_04709,0.006149583444853088
test_04710,0.9988095554155361
test_04711,0.600144394470836
test_04712,0.9999999863386417
test_04713,0.6899215527105791
test_04714,1.6194900753000093e-05
test_04715,0.9999994292356198
test_04716,5.925011159965201e-08
test_04717,0.0011881639589797137
test_04718,0.022020214109202955
test_04719,0.0021762540569342254
test_04720,0.9999999979304464
test_04721,0.999999992331896
test_04722,0.9999999997506934
test_04723,0.9999802328459817
test_04724,0.9999999944544753
test_04725,0.7871225731157223
test_04726,0.6744737423187029
test_04727,0.9999887339814456
test_04728,0.9372449960060859
test_04729,1.8017887120322747e-07
test_04730,1.6526608633734237e-06
test_04731,1.7502485993570014e-08
test_04732,0.9601420929799855
test_04733,3.668986924674723e-06
test_04734,0.9999940863461778
test_04735,0.9999984643031125
test_04736,0.0007046540281868212
test_04737,0.0018976616822626701
test_04738,4.663886774149105e-05
test_04739,6.72060469981801e-08
test_04740,0.9813239009634962
test_04741,0.9858633576731717
test_04742,0.9996849270082252
test_04743,0.9825455646743065
test_04744,0.389791416365072
test_04745,0.00019460711942572898
test_04746,0.004621018842851057
test_04747,0.31231194643090887
test_04748,0.42460118764060806
test_04749,0.9936926598669831
test_04750,0.5594284989913982
test_04751,0.999990099754096
test_04752,0.01883885633954305
test_04753,0.9663488862088428
test_04754,0.005231244558427972
test_04755,0.06793980523715004
test_04756,6.395942594004181e-07
test_04757,0.006426866936099465
test_04758,8.990104152849463e-12
test_04759,0.9984268930152245
test_04760,0.9999999999999999
test_04761,0.6285122005815481
test_04762,2.1730883217868696e-08
test_04763,0.46856680087335656
test_04764,0.9999802406491571
test_04765,0.9957239304474499
test_04766,0.0017809278626080855
test_04767,0.9999999848973522
test_04768,0.08842909380968383
test_04769,0.9999746451052671
test_04770,0.9999999405360891
test_04771,1.0143122537913188e-06
test_04772,0.9674004632380817
test_04773,0.9999999990945632
test_04774,1.0145941406634832e-07
test_04775,0.6705816466756895
test_04776,0.9978279887313735
test_04777,0.0007924066459345243
test_04778,3.8824436659180275e-13
test_04779,0.9894359671115598
test_04780,0.5149135607449125
test_04781,0.2980319115009351
test_04782,0.003557221829570398
test_04783,0.9997755699780131
test_04784,0.001574216373418993
test_04785,0.9999163458710196
test_04786,0.00036446056080210846
test_04787,0.9998655883258556
test_04788,7.183074416443038e-05
test_04789,1.6785915432847205e-05
test_04790,0.9124773096796712
test_04791,0.00044150682518375123
test_04792,0.9999900738074543
test_04793,0.9931497201999846
test_04794,0.06139458008295601
test_04795,1.5978046653221513e-05
test_04796,0.07821552133076776
test_04797,0.9999999629485216
test_04798,0.9999240620808951
test_04799,0.004074628609529024
test_04800,0.9999999941919087
test_04801,0.9999993678775086
test_04802,0.0010157751018673076
test_04803,0.9999999286694234
test_04804,0.987018653672191
test_04805,0.0032165320113885813
test_04806,0.0710127586684127
test_04807,0.4297309285316375
test_04808,0.9999999999481035
test_04809,0.9999999986895791
test_04810,0.28555696229288324
test_04811,4.9552196593869486e-08
test_04812,0.9999987496123783
test_04813,0.9999989820725261
test_04814,0.0010402777100032635
test_04815,0.9999999997201194
test_04816,0.4055141546890253
test_04817,2.142270952636212e-10
test_04818,0.08896122245831756
test_04819,0.00033280163527165416
test_04820,6.853277345691273e-05
test_04821,0.999999999753006
test_04822,0.9978148789465481
test_04823,0.999999883445178
test_04824,6.838334145753664e-10
test_04825,0.6046578727589575
test_04826,0.99999999845461
test_04827,5.482973689154325e-05
test_04828,0.1771675516014097
test_04829,0.9999999999955984
test_04830,1.4653037627314191e-05
test_04831,0.13992604536519912
test_04832,0.9968800845125829
test_04833,0.2401749431816793
test_04834,0.006375404923319597
test_04835,0.9999416890134688
test_04836,1.4637032337377295e-05
test_04837,0.961674593465895
test_04838,0.07182602081140231
test_04839,1.338026610846094e-08
test_04840,0.0002828879545703746
test_04841,0.05833752240783881
test_04842,0.9939817394650892
test_04843,3.3884959272982056e-06
test_04844,3.062669140441055e-07
test_04845,0.9999999999989719
test_04846,0.0028431134075838863
test_04847,0.8934672885888817
test_04848,0.999997928527799
test_04849,0.9999992250167353
test_04850,0.9999809975003822
test_04851,0.9526767055178242
test_04852,0.999999241807072
test_04853,0.04108831523271506
test_04854,0.5073518105632944
test_04855,0.9999999999998437
test_04856,1.307511792606128e-06
test_04857,0.002934762093691882
test_04858,0.9999999792519592
test_04859,0.1707759316523128
test_04860,0.09784947472042324
test_04861,0.9999947311004971
test_04862,0.0003958699782580315
test_04863,0.26434588924398317
test_04864,0.9999965512541193
test_04865,0.006046069315692154
test_04866,0.010713249926289728
test_04867,0.2551890525648876
test_04868,0.00016050675095828596
test_04869,0.0004965858120569003
test_04870,0.999998204598997
test_04871,0.9999999999994285
test_04872,0.9963589943191709
test_04873,0.9999981280022766
test_04874,0.0005641444411829008
test_04875,0.9995892011478462
test_04876,0.016577813298295246
test_04877,3.617076837020516e-05
test_04878,0.23764025920068502
test_04879,0.8511293654341545
test_04880,0.0005096983866838958
test_04881,7.344194284036771e-05
test_04882,0.9956296792689237
test_04883,0.99934903918283
test_04884,0.49608407530814924
test_04885,5.3246609365419775e-05
test_04886,0.9999716030564101
test_04887,0.009397972587675298
test_04888,0.027641962542085376
test_04889,0.9426947786598341
test_04890,0.01742656249129327
test_04891,0.8476083820767035
test_04892,0.32631560969854245
test_04893,0.9512060388306867
test_04894,4.2525475355697535e-10
test_04895,2.31706683729488e-14
test_04896,2.2711201478054025e-09
test_04897,0.12965278731158278
test_04898,1.980715993198339e-05
test_04899,8.293983301771891e-07
test_04900,0.9999882082354267
test_04901,0.5201249276406792
test_04902,6.893339380796699e-08
test_04903,0.9999986329649754
test_04904,0.9999994113383777
test_04905,0.08738025094992834
test_04906,0.9998134607892855
test_04907,0.999999898730761
test_04908,0.21010925486157808
test_04909,0.9954978257178917
test_04910,0.9995134547091771
test_04911,0.9999629326147489
test_04912,0.9957820739960996
test_04913,0.9989221803202337
test_04914,3.253514357424993e-06
test_04915,0.997451707559532
test_04916,1.0148135252547235e-07
test_04917,0.9986942161122578
test_04918,0.9997495284400755
test_04919,0.10174964454216338
test_04920,0.21256151392554518
test_04921,0.9999993085941699
test_04922,7.570829809942076e-05
test_04923,0.06292146842987933
test_04924,0.04086607832732905
test_04925,0.9999948146882813
test_04926,0.9999999999999791
test_04927,1.0602075825698283e-12
test_04928,1.0474257769803181e-05
test_04929,0.9999996481197996
test_04930,0.02549321909874666
test_04931,0.9999999909795803
test_04932,0.99994479368216
test_04933,0.9994037614969188
test_04934,0.09815429449268245
test_04935,3.1115072848890227e-08
test_04936,0.999609304153865
test_04937,7.372416886527593e-07
test_04938,9.119223698933958e-07
test_04939,0.9999999916216609
test_04940,0.999999022733136
test_04941,0.9999999987582946
test_04942,0.02525032147278335
test_04943,0.9999654935452996
test_04944,0.999994526416768
test_04945,0.003429975021453382
test_04946,4.652615571823068e-12
test_04947,0.9936551370455067
test_04948,0.9999999939688873
test_04949,0.9998351653588193
test_04950,0.5316772506149722
test_04951,0.4745900661140028
test_04952,0.9999496620073545
test_04953,7.820773515759043e-06
test_04954,0.5678072182265077
test_04955,0.9999993917567713
test_04956,0.9847137428192818
test_04957,0.999999999993148
test_04958,3.5619559887615205e-09
test_04959,3.4294624466801464e-09
test_04960,0.9999999999793339
test_04961,0.3359431542803297
test_04962,0.7715853186193278
test_04963,7.744002566349847e-10
test_04964,0.12162245890969715
test_04965,0.9999999604143182
test_04966,0.9999999890960979
test_04967,0.594912661109368
test_04968,0.0001196325081883079
test_04969,0.5245877152360081
test_04970,0.9999922584092906
test_04971,0.9999999915034288
test_04972,2.4263763956598653e-07
test_04973,0.999999978879458
test_04974,0.9999999996610688
test_04975,2.1107738451144774e-06
test_04976,0.1401522636256873
test_04977,3.922890614216578e-10
test_04978,0.25512281449693397
test_04979,1.2065647162884441e-05
test_04980,0.9998937209708318
test_04981,0.9999999994436726
test_04982,0.9999999996725237
test_04983,0.02576904093953182
test_04984,0.7720248941201688
test_04985,0.8543363953445702
test_04986,1.0281938846691925e-13
test_04987,0.9999991785570592
test_04988,1.2619660831655046e-14
test_04989,2.1537590908255353e-06
test_04990,0.9999999953878114
test_04991,0.0002029441796497615
test_04992,1.1620410666511197e-06
test_04993,0.9999999995181439
test_04994,4.545596413813977e-06
test_04995,0.9910479150601135
test_04996,0.4993328467441862
test_04997,1.6697489015075483e-05
test_04998,0.020931346677990886
test_04999,1.4839063862654985e-05
test_05000,0.9999995748296332
test_05001,0.9999584457636124
test_05002,0.7320590718066445
test_05003,0.9431420270943822
test_05004,2.740380179573823e-06
test_05005,0.988362017387731
test_05006,2.2718877157504913e-06
test_05007,0.7658189877916922
test_05008,0.9999820063611415
test_05009,0.7742171790463231
test_05010,0.0011466095791573191
test_05011,0.6789147798850438
test_05012,0.9999956309839745
test_05013,0.9827028596651246
test_05014,0.9999981887212208
test_05015,0.9999990630639721
test_05016,1.8382170482098922e-05
test_05017,0.9999494835556779
test_05018,3.0754913673348677e-09
test_05019,0.4835101021953049
test_05020,0.9994306104305615
test_05021,0.33206024171284587
test_05022,0.999999885546279
test_05023,0.9100652218019537
test_05024,0.8663431595659826
test_05025,0.6248794963356956
test_05026,0.9999999768118331
test_05027,0.5084342295927876
test_05028,0.999999259972955
test_05029,0.9999990725703809
test_05030,0.9997149842947289
test_05031,0.0004263429135621691
test_05032,0.9999956867575872
test_05033,0.9999999103763014
test_05034,0.7428948999654081
test_05035,0.06735715425491824
test_05036,0.5468850825165761
test_05037,0.9999999855192564
test_05038,2.5156430194354626e-06
test_05039,0.9999961522396268
test_05040,1.9154555921902804e-06
test_05041,0.9999657740338866
test_05042,0.9978053212244391
test_05043,0.9997732686434913
test_05044,0.7810996794998267
test_05045,0.7314029833742515
test_05046,1.8672498859435177e-08
test_05047,0.9999999993727305
test_05048,0.4530756843432051
test_05049,0.9999999999891078
test_05050,5.146862731347508e-05
test_05051,8.108616991258669e-07
test_05052,0.9999999999830098
test_05053,0.9999999997129996
test_05054,4.210524748926739e-08
test_05055,1.482246821056172e-05
test_05056,0.5071995925670959
test_05057,0.9999999848970693
test_05058,0.9813156882767475
test_05059,2.1201829363220315e-05
test_05060,0.9999998533297045
test_05061,0.9999999978440127
test_05062,9.550488092285736e-08
test_05063,0.9999999690182895
test_05064,0.5193554736082163
test_05065,2.886003820552962e-05
test_05066,0.00111717061229881
test_05067,0.9999400231554747
test_05068,0.8563263183381091
test_05069,0.621218069183311
test_05070,0.9603602403868814
test_05071,6.03931023279315e-06
test_05072,0.18922440056135878
test_05073,0.3418530319288356
test_05074,0.0030064234595078773
test_05075,0.9999999957464052
test_05076,0.995305915460013
test_05077,2.4673903947036403e-11
test_05078,0.9989478827750897
test_05079,0.004897287483166722
test_05080,0.9999999918465561
test_05081,1.2837885673896178e-07
test_05082,2.358092276380955e-06
test_05083,0.7570517413812379
test_05084,0.9998706960025967
test_05085,0.9999994626512502
test_05086,0.999938172423007
test_05087,0.900191077927576
test_05088,0.9994285182895104
test_05089,0.44380469550915785
test_05090,0.8620444194471202
test_05091,0.9997286465171965
test_05092,3.8082938579697604e-05
test_05093,5.252548169915977e-06
test_05094,0.08038772740147615
test_05095,0.9999969667262065
test_05096,0.01775836271546005
test_05097,0.9999962570001788
test_05098,9.278215150414912e-09
test_05099,0.9999999999681125
test_05100,0.00026324552113062396
test_05101,4.3451444801020424e-07
test_05102,2.5650429361961403e-07
test_05103,0.9831516810871908
test_05104,4.154366005596174e-11
test_05105,0.7741804796908254
test_05106,0.8785689374671013
test_05107,0.00028483498230382555
test_05108,0.28716339626203496
test_05109,8.05307036265623e-13
test_05110,0.9980298674327948
test_05111,0.9998643137305689
test_05112,0.9994300279468004
test_05113,0.002448916833123406
test_05114,0.0675167492193332
test_05115,0.000490211455673034
test_05116,0.017315108661885556
test_05117,0.999432498090967
test_05118,0.0003182744312532137
test_05119,0.9997004858011922
test_05120,0.9999140217652136
test_05121,5.0755315026583824e-05
test_05122,0.11977156847396342
test_05123,0.6311457809878238
test_05124,0.1039878243404827
test_05125,0.747060874942107
test_05126,0.9995934037335849
test_05127,0.9994028322193431
test_05128,2.32177101918102e-12
test_05129,0.7865431811765068
test_05130,0.006114079877385067
test_05131,0.11141490612804367
test_05132,5.935163379024224e-10
test_05133,0.006080656252835098
test_05134,0.5144077293640098
test_05135,0.0293078512452424
test_05136,0.2687531160055087
test_05137,0.9990285569060251
test_05138,0.34958535466327234
test_05139,0.9679476754114937
test_05140,0.9999985098936426
test_05141,0.9997385784654467
test_05142,0.990654789606618
test_05143,0.9999995943281714
test_05144,0.15751734421516142
test_05145,0.9999999999401015
test_05146,0.9999998798437667
test_05147,0.22328455632210448
test_05148,0.9653225092959783
test_05149,0.11612639305803397
test_05150,0.001019797731529424
test_05151,0.9947901783396176
test_05152,0.9999978420183788
test_05153,2.2002948426495934e-07
test_05154,0.031392991888770205
test_05155,0.3946450103292007
test_05156,0.9633987932153232
test_05157,3.7181740669689087e-06
test_05158,0.8854931767837806
test_05159,0.0002617949922456646
test_05160,0.8244930127194091
test_05161,0.9999998222002284
test_05162,0.0005317955621245801
test_05163,4.721421966130734e-05
test_05164,0.31059371638385347
test_05165,0.0017951107742316522
test_05166,0.9998079987948044
test_05167,0.9993817924289738
test_05168,0.9297676886507794
test_05169,0.9958716855908714
test_05170,1.0470260598439566e-13
test_05171,0.999998680927219
test_05172,0.47027063505620736
test_05173,9.668271794512062e-05
test_05174,0.9384293464322744
test_05175,0.17127449381300877
test_05176,5.5275474207054614e-05
test_05177,0.8208843327769306
test_05178,0.7685088126261317
test_05179,2.7953003894834354e-07
test_05180,0.003348432768992857
test_05181,0.000744519629848903
test_05182,7.49551313240379e-09
test_05183,0.0037906256399235505
test_05184,0.999982247120617
test_05185,0.9999999999884164
test_05186,0.9999998535644948
test_05187,0.9999999970954743
test_05188,0.9999988763475449
test_05189,8.843982060075305e-10
test_05190,0.9869381250166156
test_05191,0.7340027174278096
test_05192,1.3876128041621519e-06
test_05193,1.0672721562109867e-05
test_05194,0.268310201465409
test_05195,0.09514805932395008
test_05196,1.1357736815330674e-07
test_05197,1.3993816175004251e-05
test_05198,0.9999090724979934
test_05199,0.8031527171533424
test_05200,0.9999999453180162
test_05201,0.9999999441730298
test_05202,0.5297361851347041
test_05203,0.9494037344210946
test_05204,7.696572812266368e-11
test_05205,3.5181943077988995e-09
test_05206,0.9999999983520984
test_05207,1.7659856950340023e-05
test_05208,0.9999984164950216
test_05209,7.433793187344725e-11
test_05210,0.5778814577790697
test_05211,0.997939537388871
test_05212,0.9999999999717457
test_05213,9.623085730431401e-06
test_05214,0.2686782840075934
test_05215,0.9917970780589791
test_05216,0.5783870291417172
test_05217,0.6431496792994374
test_05218,0.9999992978809454
test_05219,0.3410040008286352
test_05220,0.9999995008538318
test_05221,1.545790035568133e-07
test_05222,7.2052432335061e-08
test_05223,0.9999998919609716
test_05224,6.633978273465404e-11
test_05225,0.9999996068364241
test_05226,1.1402185886291201e-05
test_05227,0.999999999983002
test_05228,0.7304471604782536
test_05229,0.2094472261211834
test_05230,0.19033401896376104
test_05231,0.7125499091008429
test_05232,3.8494977065815985e-05
test_05233,0.5230179056165783
test_05234,0.0931994527308751
test_05235,0.9932401427734296
test_05236,0.49167237577647477
test_05237,0.9999998690203566
test_05238,1.0656504217280233e-09
test_05239,0.9999994726613088
test_05240,0.8273752870724724
test_05241,2.0347424913145868e-05
test_05242,0.9999999477431556
test_05243,0.9999999895555343
test_05244,0.20122557502381083
test_05245,6.220256234726594e-06
test_05246,0.3449072907851042
test_05247,0.0002702842178655682
test_05248,0.0023407853174394954
test_05249,0.8504339189589278
test_05250,0.2695864401662743
test_05251,0.9996601689842297
test_05252,0.25629924571455165
test_05253,9.196824432709356e-13
test_05254,0.9999914706038568
test_05255,0.97313824455149
test_05256,0.17109997695648999
test_05257,0.7882807321754942
test_05258,0.0028401149571580736
test_05259,8.891947798997246e-16
test_05260,0.9999851116765477
test_05261,0.9999999999058791
test_05262,0.9961378690263967
test_05263,0.9999999917328841
test_05264,0.9729587364504568
test_05265,7.194055641867332e-13
test_05266,0.9999998926258502
test_05267,0.9999999999414722
test_05268,0.9931639029039467
test_05269,0.795599190659215
test_05270,0.9999994908166439
test_05271,0.9328904646004372
test_05272,0.9999999960464354
test_05273,3.0148928900734573e-07
test_05274,2.1673786545989883e-05
test_05275,0.07564516179090693
test_05276,0.9989785697516906
test_05277,0.007245203609343601
test_05278,0.998251690305608
test_05279,1.3267778377750911e-11
test_05280,0.6533869295800356
test_05281,0.9999999999838705
test_05282,1.4079000928647053e-08
test_05283,0.9998898956031674
test_05284,0.5821190322642027
test_05285,0.00032730627305335735
test_05286,0.999996811418095
test_05287,5.975247251451191e-08
test_05288,0.9275370352168424
test_05289,0.9999999994634505
test_05290,0.9994837541002246
test_05291,1.008493520184007e-15
test_05292,0.9999999982772767
test_05293,2.431200181557714e-09
test_05294,0.9285559826917265
test_05295,0.9999996777929563
test_05296,0.04756517947502669
test_05297,1.1905716416342996e-07
test_05298,0.9999996387783081
test_05299,0.9930686658211254
test_05300,0.31971967289189607
test_05301,2.551896727469666e-10
test_05302,2.9237794151682985e-08
test_05303,0.9997835624889932
test_05304,0.5086039774395745
test_05305,0.9999996454411657
test_05306,0.2563671134572658
test_05307,0.9883375099807319
test_05308,0.9999999998976629
test_05309,2.147202042922549e-13
test_05310,0.0003606845608691466
test_05311,0.9999998967081667
test_05312,0.9999981911964633
test_05313,0.9996534503435495
test_05314,0.8959372326516688
test_05315,3.3673055684835883e-06
test_05316,0.9974498320757406
test_05317,0.9999999869507977
test_05318,0.00016576277694171034
test_05319,0.9999994106252785
test_05320,0.9999999999573764
test_05321,0.999999999998284
test_05322,0.5678441730980264
test_05323,0.5670518791735406
test_05324,1.0
test_05325,0.9999368630847633
test_05326,0.9999999998985449
test_05327,0.9997923059113876
test_05328,0.000767497665211269
test_05329,0.9999999998277745
test_05330,9.660581747390475e-08
test_05331,2.477541941376658e-11
test_05332,0.1850858388465049
test_05333,0.9745828502351779
test_05334,0.0367005432660263
test_05335,0.47088901628227803
test_05336,0.9998310194093489
test_05337,0.9999999999999523
test_05338,0.9999509770245001
test_05339,2.0040339183163222e-13
test_05340,0.9999999056084428
test_05341,0.24018311711314252
test_05342,0.0025635684265041406
test_05343,0.9566554920235975
test_05344,0.026242401377794364
test_05345,6.135939553817799e-13
test_05346,0.9941185121849591
test_05347,0.18210130821645742
test_05348,0.31517234896596663
test_05349,0.7348324037408579
test_05350,0.03473332779297013
test_05351,0.9999981535848987
test_05352,3.626593844659905e-06
test_05353,0.00010942981005423202
test_05354,7.926130744108753e-12
test_05355,0.021978236298240857
test_05356,1.1784200713160901e-06
test_05357,0.9479061805234805
test_05358,1.0540536409560156e-05
test_05359,3.293536104132247e-09
test_05360,1.050510171668126e-08
test_05361,0.9975518747463378
test_05362,0.9827380394509326
test_05363,0.00015704957680749004
test_05364,0.9999875100302367
test_05365,8.495021963380985e-08
test_05366,0.3931259163299992
test_05367,9.996201620461477e-13
test_05368,0.002874893480295422
test_05369,0.0025997149369511047
test_05370,0.9999999243674009
test_05371,2.2976022838248994e-08
test_05372,0.9999747552395251
test_05373,0.999999915010513
test_05374,0.45645961773640553
test_05375,5.7931991749330925e-15
test_05376,0.00024173920758950387
test_05377,0.9494236381178123
test_05378,0.9999997424534266
test_05379,0.9960532632449179
test_05380,0.08966533535627644
test_05381,0.9999997927603286
test_05382,0.6961499433733318
test_05383,0.9999999547350209
test_05384,6.306183183565614e-08
test_05385,0.7034443375821509
test_05386,0.03533773259344664
test_05387,0.9999809537701698
test_05388,0.9999477213743471
test_05389,6.0707250265856726e-06
test_05390,0.9995990134744501
test_05391,0.9998525027204264
test_05392,0.9425346529677257
test_05393,0.998527336345845
test_05394,0.9996742583490401
test_05395,0.9999999947281617
test_05396,6.664297003904578e-08
test_05397,0.010404564389152656
test_05398,0.9996273031351164
test_05399,0.6776547054762381
test_05400,0.9178084687499677
test_05401,0.09685374446638957
test_05402,0.9976860818504536
test_05403,0.9852580109029513
test_05404,0.9989712514550009
test_05405,4.066313121617795e-05
test_05406,0.9999999999071143
test_05407,0.9931486802286402
test_05408,0.9990676037868531
test_05409,8.710323324736584e-11
test_05410,0.9999990329013352
test_05411,0.9999938969172026
test_05412,0.9980695841000498
test_05413,2.0401526356365654e-06
test_05414,0.02914948012951961
test_05415,0.4268293962655716
test_05416,0.9999968626795706
test_05417,0.3361013529657034
test_05418,0.9999999961285422
test_05419,0.9999965874019581
test_05420,0.09114628702985268
test_05421,0.9999997419109834
test_05422,0.9999999999347817
test_05423,0.6960854709907905
test_05424,3.527934595607473e-08
test_05425,0.4277611567755898
test_05426,3.533447963054002e-08
test_05427,3.5635497685051054e-14
test_05428,0.999965124384067
test_05429,0.9997693886939796
test_05430,0.9999975978482087
test_05431,0.4439270340209032
test_05432,0.9998898024377504
test_05433,0.9551711786233201
test_05434,0.9999998729361306
test_05435,0.9999999995812894
test_05436,0.005191951007928495
test_05437,0.9995921318285863
test_05438,0.30791366105755036
test_05439,1.6125942961990683e-06
test_05440,6.054970382981509e-05
test_05441,1.0
test_05442,0.9909174177444853
test_05443,0.00019609701428590062
test_05444,1.0
test_05445,0.2692665226934503
test_05446,1.4007658664149282e-06
test_05447,0.8403903473853338
test_05448,0.9998887165468893
test_05449,5.86397586048742e-06
test_05450,0.99999694935563
test_05451,0.3616586198457183
test_05452,0.9999953040195766
test_05453,0.9999993423988027
test_05454,0.0032111598803529705
test_05455,0.0002668659974225695
test_05456,2.595190810095341e-08
test_05457,2.7300627326733462e-15
test_05458,0.0009897621512815328
test_05459,1.1075559760457494e-07
test_05460,0.43643423946819154
test_05461,0.05916743504452904
test_05462,0.9999999994067843
test_05463,0.9999999988558692
test_05464,0.9999999801347027
test_05465,4.077897763654155e-11
test_05466,0.9999932865278554
test_05467,0.4005092234641907
test_05468,0.9687792115995348
test_05469,0.4852811506011026
test_05470,0.00058462459781218
test_05471,0.00016030776646793756
test_05472,0.574128971821817
test_05473,3.559028786877247e-05
test_05474,2.269659179820293e-09
test_05475,5.949242048998047e-05
test_05476,8.480080996177506e-12
test_05477,0.8559290960243853
test_05478,0.17926374584931765
test_05479,0.6855128198468917
test_05480,0.00026493296109935223
test_05481,0.9999999073971821
test_05482,1.2578922560140172e-07
test_05483,0.9996131675562525
test_05484,0.003233594116799275
test_05485,0.00012334458160532508
test_05486,0.852006292272975
test_05487,0.5174452642519445
test_05488,0.9999999999558953
test_05489,0.00026693509094715426
test_05490,0.001348215859551784
test_05491,0.5537668835007141
test_05492,6.7757612071655865e-06
test_05493,5.971756084698053e-05
test_05494,0.999983465431892
test_05495,0.9998721893925117
test_05496,0.9982177016442468
test_05497,2.1813072368993437e-05
test_05498,0.006167788895788848
test_05499,0.02213315681171994
test_05500,0.999999450972015
test_05501,0.9999993189406341
test_05502,2.785470645952536e-11
test_05503,0.00576443266360647
test_05504,0.9999902473764785
test_05505,0.997193222759442
test_05506,0.06342037333645091
test_05507,1.819337656977869e-06
test_05508,1.0
test_05509,5.487992151757099e-08
test_05510,0.9999999084012121
test_05511,0.9999942161714062
test_05512,0.0031492157899647723
test_05513,0.006051711369825762
test_05514,0.0005266341051786095
test_05515,0.0006932691593999017
test_05516,2.2234229944960852e-07
test_05517,0.04588971793170975
test_05518,6.999713975096758e-05
test_05519,0.3339156221994941
test_05520,0.9737505817881769
test_05521,0.9973560738534348
test_05522,3.91369479657367e-11
test_05523,0.9997826271495414
test_05524,0.9908153025285747
test_05525,0.000155321866504229
test_05526,1.7948157457407045e-06
test_05527,0.9999999239031274
test_05528,8.698106028128452e-08
test_05529,0.997672952535525
test_05530,0.00037079832449866094
test_05531,8.163463452972108e-09
test_05532,0.9977820810132423
test_05533,0.842323668826165
test_05534,0.9989943710926009
test_05535,0.9999461369486131
test_05536,0.5981252361420226
test_05537,0.9999999982071957
test_05538,8.095316922833623e-14
test_05539,0.999968341215971
test_05540,0.051261384108239216
test_05541,0.6261903656583261
test_05542,0.5493848441941773
test_05543,6.07398451790148e-08
test_05544,0.9999999362737961
test_05545,5.4005804730218696e-05
test_05546,0.00030334247128991823
test_05547,1.4372712961472965e-05
test_05548,0.9145711836102167
test_05549,0.1957181612517202
test_05550,2.797246528188996e-10
test_05551,0.8989798267404069
test_05552,0.10818093704632652
test_05553,0.9993705663860739
test_05554,0.9970406432197538
test_05555,0.9999948446096163
test_05556,0.9999999964178446
test_05557,0.9724729672282553
test_05558,6.785153244328114e-05
test_05559,3.2195854980741446e-11
test_05560,0.9997560256827764
test_05561,0.01782009462677795
test_05562,0.9999999983008866
test_05563,0.6463277260812105
test_05564,0.9846955101417287
test_05565,0.8907672708065276
test_05566,0.002892898470124638
test_05567,0.975042077214189
test_05568,0.999999534328305
test_05569,0.9184640117695273
test_05570,3.131727242032109e-05
test_05571,0.999983200095302
test_05572,0.9999999999938199
test_05573,0.9999999999450044
test_05574,6.821253232209785e-05
test_05575,0.9681040968133585
test_05576,0.0013283380575270527
test_05577,0.9999933708105813
test_05578,0.9864435451924877
test_05579,2.0155910946220664e-21
test_05580,0.7227516501231563
test_05581,0.030128230526862976
test_05582,0.9866573637281246
test_05583,6.43963872341651e-11
test_05584,0.9999891078349663
test_05585,6.104235388858295e-05
test_05586,0.38270282347196344
test_05587,1.1165157539382441e-05
test_05588,0.99974826179253
test_05589,4.998899802537072e-08
test_05590,0.9377484439030968
test_05591,0.6771345342615651
test_05592,9.329253292173322e-05
test_05593,0.9999999989977001
test_05594,0.41134192551390125
test_05595,0.9999919351556936
test_05596,0.9996284191693783
test_05597,6.404693251674923e-11
test_05598,0.9642961706064436
test_05599,0.18711993765720458
test_05600,0.9999599309381422
test_05601,0.9999999215641018
test_05602,4.469408024439691e-08
test_05603,0.9336373959515039
test_05604,0.9998828209924335
test_05605,0.657568352060548
test_05606,1.7565694126283746e-05
test_05607,0.17351569446676574
test_05608,0.0011266737885717215
test_05609,0.000397336094339968
test_05610,0.9999999920106999
test_05611,0.056042878975966715
test_05612,0.9999999999928781
test_05613,0.0012662957816112045
test_05614,0.966188352081147
test_05615,0.9999627789548012
test_05616,7.7777455353321e-07
test_05617,0.0002699899313534045
test_05618,9.852219535768606e-07
test_05619,0.03915157833094605
test_05620,0.04407000706706329
test_05621,0.0004591829337045228
test_05622,0.9999321045417163
test_05623,9.97592296789207e-07
test_05624,0.9587553219939267
test_05625,6.077080018564302e-05
test_05626,0.9999999999999982
test_05627,2.9562846879330838e-08
test_05628,0.6414129045362393
test_05629,0.00222435865464292
test_05630,1.0936147575382248e-07
test_05631,1.1300472758657539e-05
test_05632,0.9999968677503651
test_05633,0.9999999672318727
test_05634,0.9999996592282954
test_05635,6.478972567686746e-07
test_05636,0.999847007263553
test_05637,0.774314540411829
test_05638,0.9792672925861547
test_05639,0.8223168187661023
test_05640,0.9999999530806496
test_05641,0.10168085279838852
test_05642,0.999056574159798
test_05643,0.4950959547842497
test_05644,0.21157861018655472
test_05645,0.9961428341449325
test_05646,0.20234872471659282
test_05647,0.011902239490190415
test_05648,6.139832051967561e-08
test_05649,0.0006770437533266542
test_05650,0.9999999999952629
test_05651,0.005839606034838837
test_05652,0.999947000282602
test_05653,0.15336228990412912
test_05654,0.9410297731752137
test_05655,0.9971552030158927
test_05656,0.010297185493966474
test_05657,0.029885072313987765
test_05658,1.5955251095284742e-06
test_05659,0.9999999097452248
test_05660,0.999994665304137
test_05661,0.3330804015435586
test_05662,0.9999997388860442
test_05663,0.9584964383936523
test_05664,0.9983561490787717
test_05665,0.8309620802215327
test_05666,9.89463876891181e-08
test_05667,7.457197920650379e-05
test_05668,0.21087820579182862
test_05669,0.9999561554317076
test_05670,0.9999997892704895
test_05671,0.18894079912887962
test_05672,0.9999999998504523
test_05673,6.052392085654672e-14
test_05674,0.00016229222716650755
test_05675,0.999958574227229
test_05676,3.159405158492007e-05
test_05677,5.251382949462382e-06
test_05678,7.417349320493989e-10
test_05679,0.9948906950967699
test_05680,5.7661890062516715e-15
test_05681,1.4150527180803034e-08
test_05682,0.9999999999622948
test_05683,0.001164232050132373
test_05684,0.01837421834332753
test_05685,0.0026335731675545286
test_05686,0.9842060868379637
test_05687,0.0014904616053155054
test_05688,0.10622947849427763
test_05689,0.9999985458089722
test_05690,0.0008641359891106689
test_05691,0.9999999997369557
test_05692,0.45365577981292027
test_05693,0.9924646663908026
test_05694,0.9611406045005458
test_05695,1.2459949487267372e-06
test_05696,0.9999522640606124
test_05697,0.9997978795938964
test_05698,0.0032909115210469943
test_05699,0.9727286681705207
test_05700,0.999930896086364
test_05701,0.9967410144400013
test_05702,0.005934635245515791
test_05703,0.9999999999492062
test_05704,0.9999999999999025
test_05705,8.341620683116211e-07
test_05706,0.09432585627303233
test_05707,0.9999999999923046
test_05708,0.0005658363389859966
test_05709,0.13444576248065102
test_05710,0.9897131884002903
test_05711,0.002695395898289624
test_05712,0.9999736937637491
test_05713,0.02225018197935244
test_05714,0.9996797776333262
test_05715,0.1585903304872113
test_05716,0.9999989796889733
test_05717,0.4148647431572925
test_05718,0.9999999689743855
test_05719,2.5965595649907375e-05
test_05720,2.234196765548247e-07
test_05721,0.9999996684223954
test_05722,0.9663422528176447
test_05723,1.9804869786296293e-08
test_05724,0.9999999987908496
test_05725,4.998806456537333e-07
test_05726,1.5092754191281797e-12
test_05727,0.9999642367035175
test_05728,0.9999400841097927
test_05729,0.0003264738472926456
test_05730,0.9999999856171724
test_05731,1.0
test_05732,1.9346637836327523e-13
test_05733,0.9864757886681867
test_05734,0.9697433421311693
test_05735,0.030796177215070872
test_05736,0.00928931036416246
test_05737,6.17889826513955e-05
test_05738,0.6287838455255741
test_05739,1.5809726927738514e-12
test_05740,0.653768627765569
test_05741,0.02016596103538156
test_05742,0.0004949949108092744
test_05743,4.249217603044218e-05
test_05744,0.8897567888647768
test_05745,3.179483016592615e-07
test_05746,0.11677557778128811
test_05747,0.5916561166480001
test_05748,0.0031190319376109767
test_05749,0.9999998912748311
test_05750,0.012065970490268092
test_05751,2.34362714569153e-09
test_05752,6.2608491446659205e-09
test_05753,0.00017844736499766136
test_05754,0.9997095824383448
test_05755,0.9999725686163128
test_05756,0.6857129830309449
test_05757,0.6133393463007294
test_05758,0.04394781630214524
test_05759,0.17195259517001765
test_05760,0.9999981707576118
test_05761,0.9987785307947579
test_05762,1.2493953268925597e-06
test_05763,0.9983821612156795
test_05764,0.9267607952469091
test_05765,0.9999667353485568
test_05766,1.139371812583905e-06
test_05767,3.6914289358869574e-06
test_05768,0.000189971560051945
test_05769,1.3176270648655426e-08
test_05770,0.9999615899367877
test_05771,0.8844571811808166
test_05772,0.40206204784359345
test_05773,0.9999470530749974
test_05774,0.976743834663071
test_05775,0.5597484766310423
test_05776,1.6507394824277818e-13
test_05777,0.0819882816538724
test_05778,0.9998349925724641
test_05779,0.5193832602693247
test_05780,0.22009731516111047
test_05781,0.9752879906768068
test_05782,0.9780939870603603
test_05783,0.9997536503585913
test_05784,0.562145658246902
test_05785,0.9999999219873318
test_05786,0.9999999259402623
test_05787,0.44721701358210686
test_05788,0.638788230726403
test_05789,0.9490166011540708
test_05790,0.9999817661820654
test_05791,0.1496447810645919
test_05792,6.506977361325039e-06
test_05793,0.9999999986787178
test_05794,0.9992834410183344
test_05795,0.9958945070082508
test_05796,0.9999998898580098
test_05797,0.999836915293508
test_05798,0.9999999975082225
test_05799,0.9999952531884072
test_05800,0.9990768048621634
test_05801,0.61080070551741
test_05802,1.6170644262297354e-07
test_05803,0.9999995846655322
test_05804,0.9998503697370584
test_05805,0.9987534003478069
test_05806,0.005707456096766233
test_05807,0.0006432717956434119
test_05808,0.8953736478147477
test_05809,0.3270809633699313
test_05810,0.999999993665019
test_05811,0.10340293707998445
test_05812,0.9999521693646789
test_05813,0.9999924394967663
test_05814,0.9999991758725486
test_05815,0.6768243279954627
test_05816,3.0316018457074094e-06
test_05817,0.9999999974922021
test_05818,0.9999999860535239
test_05819,0.9992701909690199
test_05820,9.504894999911562e-06
test_05821,0.9993446448848597
test_05822,4.087705988589182e-05
test_05823,3.167279186803435e-05
test_05824,0.003919718839766212
test_05825,0.001501851622873484
test_05826,0.9999963399758491
test_05827,6.315799077220926e-07
test_05828,0.000587249570881368
test_05829,0.004569379399046851
test_05830,4.1126293246511637e-07
test_05831,1.2901899951856448e-06
test_05832,0.943435062427742
test_05833,0.5399722664728346
test_05834,0.002290472053451865
test_05835,0.9999999999998868
test_05836,0.9999990364550365
test_05837,1.9613829238650257e-08
test_05838,3.876823429263137e-07
test_05839,0.9999804959418002
test_05840,0.9999976508874393
test_05841,0.19292942375500594
test_05842,1.5635861132668544e-06
test_05843,0.7805803899449659
test_05844,0.00048777550719926764
test_05845,4.02121693266961e-06
test_05846,0.44066195682654696
test_05847,0.9988598460892384
test_05848,0.1340109394830702
test_05849,1.5675622655315916e-07
test_05850,0.15353181163090573
test_05851,0.16848305329627597
test_05852,0.965427978792134
test_05853,0.8866476416631597
test_05854,0.9223001916271125
test_05855,0.9811865452398623
test_05856,0.9999999720644026
test_05857,0.9999995122693672
test_05858,0.003966119966258282
test_05859,0.009264518988505582
test_05860,6.418857948017865e-09
test_05861,1.6285301875470524e-05
test_05862,0.6050775457274196
test_05863,2.9828573632552346e-06
test_05864,0.16049977596478104
test_05865,0.013372745346572984
test_05866,0.8328673707362284
test_05867,0.9986189455407857
test_05868,0.23045906147594825
test_05869,0.9999950089917342
test_05870,0.00011786717426472226
test_05871,0.990605209326261
test_05872,0.9995800016931509
test_05873,0.0024206274642439023
test_05874,0.9698904598400502
test_05875,2.272122476960951e-05
test_05876,1.1403997098809929e-10
test_05877,0.9996283780324801
test_05878,0.9999950292774715
test_05879,0.9993866740732982
test_05880,0.8850987469161063
test_05881,0.999999999999934
test_05882,0.9999726952086778
test_05883,0.9999999999997591
test_05884,0.9999988997264866
test_05885,0.43021772007549547
test_05886,0.4782588306685247
test_05887,0.00020757073606721924
test_05888,5.0217100239600934e-12
test_05889,0.053032360498427265
test_05890,1.1008620739189266e-08
test_05891,0.0002375384255195055
test_05892,0.9733825944597205
test_05893,4.015661447906596e-07
test_05894,0.9999997140546946
test_05895,1.7381081318125365e-05
test_05896,0.9898747261457382
test_05897,0.9999945497562164
test_05898,3.4665802193631842e-09
test_05899,0.9999999790455039
test_05900,0.6105724168757833
test_05901,0.6381213648116297
test_05902,0.9148766309486445
test_05903,0.0015799357393175917
test_05904,2.399410446938342e-05
test_05905,4.5438835536494656e-09
test_05906,4.8198061388396165e-05
test_05907,0.5028359776572366
test_05908,1.6868037265968845e-06
test_05909,0.6425652494328831
test_05910,0.9999999296612901
test_05911,2.7308641625425727e-05
test_05912,7.86848146391022e-06
test_05913,0.24940326428951787
test_05914,2.0119982345981112e-05
test_05915,0.9999999995827993
test_05916,0.0009878251783066257
test_05917,0.0008568130149032313
test_05918,0.5276525472163738
test_05919,0.9517980370545489
test_05920,0.6799087685927647
test_05921,0.9999999689718218
test_05922,0.9970230574162365
test_05923,0.9999997427694907
test_05924,1.3466653353668183e-05
test_05925,0.00013708915192439013
test_05926,1.1758343079428257e-06
test_05927,0.000836624322399984
test_05928,0.9999045028172222
test_05929,0.009197636994502502
test_05930,0.0013326861667976452
test_05931,0.9999436923147531
test_05932,1.5510769611375834e-05
test_05933,0.034961603112793824
test_05934,3.0477875455900303e-06
test_05935,0.00020606026489010433
test_05936,0.9999999999854676
test_05937,0.26374161532655593
test_05938,0.9999987721975423
test_05939,1.0438968390698623e-05
test_05940,0.09373163133521323
test_05941,0.9999976536481578
test_05942,1.9779225383754237e-10
test_05943,0.999969285786711
test_05944,0.9999995240874806
test_05945,9.340208548980708e-08
test_05946,0.019716664039749445
test_05947,0.9993471398633189
test_05948,0.999993323991343
test_05949,0.9999948511914205
test_05950,0.0527982530457312
test_05951,7.356012473370293e-08
test_05952,3.246839259559894e-11
test_05953,0.9999732669742427
test_05954,1.1292484490874263e-10
test_05955,0.9998988498049832
test_05956,0.21971001588846326
test_05957,5.285565142049363e-05
test_05958,1.4914863727182226e-09
test_05959,0.9999988807747471
test_05960,0.0010657677160124264
test_05961,0.5245392023959843
test_05962,0.9999999998448001
test_05963,0.9999999999999973
test_05964,0.06001357552527624
test_05965,3.389655780415667e-12
test_05966,0.00021145683229311944
test_05967,0.6158044442321098
test_05968,0.9999415007545494
test_05969,1.2162287229434439e-05
test_05970,0.9984140223683793
test_05971,0.000678258765456838
test_05972,0.9579779866077531
test_05973,0.00010535379204799703
test_05974,1.2262097303375675e-10
test_05975,0.999864504993315
test_05976,1.7539901470167043e-08
test_05977,0.9998331481434493
test_05978,0.999794274937212
test_05979,0.0014876285071491002
test_05980,0.05627344279997157
test_05981,0.8988749730052801
test_05982,0.9043661723400143
test_05983,4.757875201451537e-10
test_05984,0.0009778790327945423
test_05985,0.001108102267063297
test_05986,0.9747715608018408
test_05987,0.9999705725196188
test_05988,0.9999936643101852
test_05989,0.9831250819644077
test_05990,0.9999999999980793
test_05991,0.9496518222102004
test_05992,0.9999999952015861
test_05993,0.9999999978972286
test_05994,0.007460650583608847
test_05995,0.46156291179973824
test_05996,0.44710172992969766
test_05997,0.999995490570468
test_05998,0.7912038005115347
test_05999,0.18343403307128034
test_06000,0.9999999999999467
test_06001,0.9999999048316839
test_06002,0.9999999985232533
test_06003,0.9999988187597615
test_06004,2.2647958842660282e-09
test_06005,0.9997445759487431
test_06006,0.9999995416742558
test_06007,1.701743121130932e-08
test_06008,3.0753514488324065e-10
test_06009,0.0009129880695554159
test_06010,0.9997688983742592
test_06011,0.6071606029589214
test_06012,0.9998963066372796
test_06013,0.32942422326788345
test_06014,0.021965369089500503
test_06015,5.496113877123382e-09
test_06016,0.03424045437925898
test_06017,0.00038098707225703646
test_06018,3.518861852666063e-08
test_06019,0.9999304486139295
test_06020,3.995367180202872e-08
test_06021,0.046049180924219967
test_06022,0.00013112320792657865
test_06023,6.928219915553673e-05
test_06024,0.9738361603449182
test_06025,0.9971591442234371
test_06026,0.6901483563494536
test_06027,0.9996874205685355
test_06028,0.000397815577645456
test_06029,0.010534816328531614
test_06030,0.901908286279999
test_06031,2.3188110474429994e-11
test_06032,0.0005543218075609411
test_06033,4.313661069374257e-07
test_06034,0.9375626745670933
test_06035,3.0669136085029754e-05
test_06036,0.9994212897655288
test_06037,0.003213066391051968
test_06038,0.49739173513950197
test_06039,0.00047569235152998497
test_06040,0.2465015766253666
test_06041,0.6681643099067278
test_06042,0.9810851625663284
test_06043,0.16316018501745264
test_06044,0.999999999998564
test_06045,0.10094097409049647
test_06046,0.011033360719999294
test_06047,0.0001314058350893105
test_06048,0.9943965975116549
test_06049,0.012867631803761497
test_06050,0.005976616441861635
test_06051,1.8502035615569438e-09
test_06052,0.999999987994369
test_06053,7.409098162877297e-07
test_06054,1.7947556254759122e-05
test_06055,2.6882156292184162e-05
test_06056,0.9999999007701019
test_06057,0.9999836495285526
test_06058,0.9999999956431525
test_06059,0.9999998089014466
test_06060,0.9999993077426004
test_06061,6.205536731975556e-11
test_06062,0.9805896673392274
test_06063,0.9597683812498803
test_06064,0.9985957205019138
test_06065,0.2518064717925538
test_06066,2.7218476877852866e-07
test_06067,0.34099678627413205
test_06068,0.9999999984864401
test_06069,0.6468520191717662
test_06070,1.222689485974903e-09
test_06071,0.0014478539487064053
test_06072,0.9999999944271204
test_06073,0.9909500811574901
test_06074,0.6852485537675734
test_06075,2.8875805440250236e-05
test_06076,0.9999999869676821
test_06077,0.9489387353003367
test_06078,0.9999991199370609
test_06079,0.9999954266038442
test_06080,0.9999999998291578
test_06081,0.798154862536935
test_06082,0.8333113969237675
test_06083,1.1770406258335615e-06
test_06084,2.3218435654030885e-07
test_06085,0.9999014545850011
test_06086,1.5625252132529475e-05
test_06087,0.999999978578318
test_06088,0.006202396067247437
test_06089,0.9351116082874877
test_06090,0.9999028714019342
test_06091,0.9999999973266683
test_06092,1.6804377769947551e-06
test_06093,0.0805361694431911
test_06094,0.9999934327226375
test_06095,0.4506107655642525
test_06096,0.999983056870721
test_06097,6.608895315938412e-08
test_06098,0.0077084142104428075
test_06099,0.0005946587994873037
test_06100,2.88899483290075e-07
test_06101,0.002581052739134398
test_06102,0.47511616362599773
test_06103,0.9999999787418195
test_06104,0.999879744473088
test_06105,0.9999999998002059
test_06106,0.9999958230386092
test_06107,0.7335539469825851
test_06108,0.6061169015617008
test_06109,0.034103642866061955
test_06110,0.6231546147660729
test_06111,0.0019566110215540953
test_06112,0.0002425049860563333
test_06113,0.000562501130333892
test_06114,0.0007586353032788844
test_06115,0.9999999999164662
test_06116,0.9999899133982506
test_06117,6.392064255506951e-05
test_06118,0.6454114985003112
test_06119,0.9991557028606961
test_06120,0.9914366715783705
test_06121,0.7540107928346924
test_06122,0.4628434188903756
test_06123,0.005823859968048918
test_06124,0.779950836237187
test_06125,0.9999999999994575
test_06126,0.5019321307265567
test_06127,0.0018685890610130004
test_06128,0.33581540566073653
test_06129,0.0016308706637213483
test_06130,0.5865579729160759
test_06131,0.17587135812300142
test_06132,0.9994848518391386
test_06133,0.19475237479836666
test_06134,0.00010112718977180639
test_06135,3.3059606814573866e-05
test_06136,0.9999708448240519
test_06137,0.992996042452141
test_06138,0.9998015894931215
test_06139,0.9999998833870719
test_06140,0.8069055107398824
test_06141,0.9987453345919277
test_06142,0.9996213324270344
test_06143,5.788486735792087e-06
test_06144,0.9990099610216655
test_06145,0.012938718788068885
test_06146,1.2357492119107355e-11
test_06147,0.99999995499089
test_06148,3.926751688488517e-06
test_06149,4.0476242106046064e-05
test_06150,0.0012421423198608285
test_06151,0.901986150828486
test_06152,2.713973638239497e-06
test_06153,0.982818816786847
test_06154,0.17086281100665462
test_06155,0.9999999996016038
test_06156,0.000502122742355303
test_06157,1.8498305598496329e-07
test_06158,0.0026976477498527173
test_06159,0.6255398496929503
test_06160,0.9999999406575366
test_06161,1.6179995616037898e-09
test_06162,0.6265421551655475
test_06163,0.998295612803556
test_06164,0.9999999805110775
test_06165,0.004770165512819941
test_06166,0.3752883541342437
test_06167,0.3639834666648505
test_06168,0.6969985174954926
test_06169,0.9999999999999817
test_06170,0.9999999999994862
test_06171,1.157983153773941e-07
test_06172,0.9999999999989819
test_06173,0.9999999853671786
test_06174,5.4921809130770946e-09
test_06175,7.19692795973205e-11
test_06176,0.7754178347125734
test_06177,0.9999999727870782
test_06178,0.9999999819640953
test_06179,0.9999872713722072
test_06180,0.9999999950685219
test_06181,5.0093139325790145e-06
test_06182,0.00015056467487019218
test_06183,0.9999999999997147
test_06184,0.7232991530117392
test_06185,0.22810023835713192
test_06186,1.0
test_06187,2.6202366382427617e-10
test_06188,0.5065002137539216
test_06189,9.654532132434899e-06
test_06190,0.774056837889042
test_06191,4.022611939940978e-06
test_06192,8.099761388424014e-13
test_06193,0.9999488400246968
test_06194,0.9992368897659618
test_06195,0.3199020225600509
test_06196,2.301372668524617e-13
test_06197,0.9983135049574487
test_06198,6.652910494718861e-13
test_06199,0.9999999569306135
test_06200,0.9999070934469578
test_06201,0.9999636996013621
test_06202,0.0034328493077960816
test_06203,0.09297532851548747
test_06204,0.015817495123074392
test_06205,0.9762216704743918
test_06206,0.0010635960344360829
test_06207,0.8361518627635542
test_06208,1.2865618605993458e-05
test_06209,0.0038314776961963616
test_06210,0.9999999962220998
test_06211,1.9211337931076422e-13
test_06212,0.9999999995179547
test_06213,4.466322925790507e-10
test_06214,0.01665894214633004
test_06215,0.98151800016522
test_06216,0.9781248073249
test_06217,0.9996104250116533
test_06218,0.7143887746290365
test_06219,0.04023763513369659
test_06220,2.0655120269970088e-05
test_06221,2.5486999015659543e-08
test_06222,1.874602602443152e-07
test_06223,0.0007267372712592855
test_06224,0.4535361371694879
test_06225,0.9967338108352155
test_06226,0.99999997388429
test_06227,4.958553832692331e-06
test_06228,0.9991228435267252
test_06229,7.0336708215853135e-12
test_06230,1.5552176122182182e-08
test_06231,0.19614342195859885
test_06232,0.044082195042940836
test_06233,5.454741570969187e-07
test_06234,0.9999999943272844
test_06235,0.0001754204498232956
test_06236,0.0007080185277656135
test_06237,0.42432980101966444
test_06238,0.3860995294882863
test_06239,0.9999993761803168
test_06240,0.9702678496138417
test_06241,0.9999802143591954
test_06242,0.07834548489823481
test_06243,0.9999999999930115
test_06244,0.9946026660324783
test_06245,0.7750249343145417
test_06246,0.9996976104756476
test_06247,0.9620524552608071
test_06248,0.9999980317540386
test_06249,0.7789131338487748
test_06250,0.9999971463739452
test_06251,0.19352621579728846
test_06252,0.5800603002224518
test_06253,0.5278734444024225
test_06254,0.9995759845589444
test_06255,0.0006931104575113215
test_06256,0.9999999999291144
test_06257,0.9999996025987341
test_06258,0.9991771644220304
test_06259,0.9505742265580083
test_06260,0.9984461723614111
test_06261,0.01166017871191185
test_06262,0.9999999999523228
test_06263,0.6493320939389209
test_06264,0.48719162268961
test_06265,0.0004665772943493332
test_06266,0.9963594023411351
test_06267,0.9999999991924833
test_06268,0.9999999999999991
test_06269,4.914312051871936e-10
test_06270,0.2568826588846218
test_06271,0.969945249074815
test_06272,0.9971731683031004
test_06273,0.5059742552403953
test_06274,0.9894184594807834
test_06275,0.9933972302061924
test_06276,1.1669443171811006e-07
test_06277,0.9999320208331157
test_06278,2.3919733556840572e-05
test_06279,6.68117492595101e-09
test_06280,0.009475717702224665
test_06281,0.9996543608890474
test_06282,0.9999999999985123
test_06283,0.00010433964779865152
test_06284,0.5039759806510858
test_06285,0.4846325652196866
test_06286,0.9999998211640346
test_06287,0.0011843796277191546
test_06288,0.9849060592929983
test_06289,0.5785970992065214
test_06290,0.06015906335752064
test_06291,3.2562105781650913e-06
test_06292,1.2328124944367883e-07
test_06293,1.3404547841142126e-10
test_06294,0.46161812883305164
test_06295,2.330230881502219e-05
test_06296,0.3571187014814741
test_06297,0.45505946183961343
test_06298,0.9999999963546249
test_06299,0.9954122927874893
test_06300,0.9999999999761169
test_06301,2.090872732140226e-09
test_06302,0.999772292430277
test_06303,8.028639272256989e-06
test_06304,0.9979869841808892
test_06305,0.21638582000670165
test_06306,0.0029008622438275265
test_06307,0.7034497993278057
test_06308,0.9999998590114758
test_06309,0.9999964012469338
test_06310,1.1321349101222674e-07
test_06311,8.638710054037074e-08
test_06312,0.22242677948870276
test_06313,0.07118834896003481
test_06314,0.07012856319739293
test_06315,0.8057948275358665
test_06316,0.42604531817097147
test_06317,0.9883510228545463
test_06318,0.999996717862684
test_06319,0.48428746418878355
test_06320,0.9999999965259369
test_06321,2.343408186391933e-07
test_06322,0.9999999425826755
test_06323,0.4434503966194084
test_06324,0.00015347851374731988
test_06325,0.999842699777902
test_06326,0.9947923849287841
test_06327,7.589064567860979e-05
test_06328,0.9987016547605441
test_06329,0.8185868263577458
test_06330,5.188358758137899e-07
test_06331,1.726725506955667e-06
test_06332,0.0002146587952429266
test_06333,2.326962787535142e-06
test_06334,5.176824602440732e-05
test_06335,0.3725624223238839
test_06336,0.14766367501473548
test_06337,0.4382569708363456
test_06338,0.6652382690088476
test_06339,0.9999952555261541
test_06340,0.9999999999963103
test_06341,0.037824143989419814
test_06342,0.9728598635617642
test_06343,0.33722711782461773
test_06344,0.0027850608828092036
test_06345,0.46264226047827717
test_06346,0.9997929335301746
test_06347,3.705144554795872e-09
test_06348,0.9999999999999905
test_06349,0.2674960343077278
test_06350,2.034575114029152e-09
test_06351,0.9994874784452523
test_06352,5.698989479577597e-11
test_06353,4.1745738762937536e-08
test_06354,0.5752909253118135
test_06355,4.807288592947471e-05
test_06356,0.9999999999869849
test_06357,1.621852244144472e-08
test_06358,0.6439778169896291
test_06359,0.9910096781173181
test_06360,0.9999999999999999
test_06361,0.015304191808545795
test_06362,7.800086549073756e-07
test_06363,0.3148539154322537
test_06364,0.5999005450263205
test_06365,0.001255927881501394
test_06366,0.11716599197479438
test_06367,0.6454032313750518
test_06368,0.9998060695485573
test_06369,0.9999999955654001
test_06370,0.8897797367996795
test_06371,0.0033423073886474325
test_06372,0.9718380795633025
test_06373,0.9999999997812732
test_06374,0.999999999944059
test_06375,0.0011394141129884943
test_06376,0.002235315384421262
test_06377,0.9930946887383574
test_06378,0.649735803898393
test_06379,2.0606224001422932e-05
test_06380,0.006210346156483168
test_06381,2.269903048248355e-05
test_06382,0.9999838575100962
test_06383,0.9999996966011244
test_06384,0.9997180640269434
test_06385,2.151382791966602e-09
test_06386,0.9999993054504481
test_06387,0.9653500338715956
test_06388,0.5852170597882221
test_06389,0.2440068225992035
test_06390,0.9999999967179594
test_06391,0.0010786913858512983
test_06392,1.19043274158665e-05
test_06393,3.855716153351842e-06
test_06394,0.9651140241079275
test_06395,0.7620406669675441
test_06396,0.3480791649989776
test_06397,9.670147560504205e-10
test_06398,0.9995612650365171
test_06399,4.353074299530843e-05
test_06400,5.627594594442771e-07
test_06401,0.68713938528758
test_06402,0.9998573404168225
test_06403,0.2419455214320232
test_06404,0.31823897173895666
test_06405,2.5918031183142153e-08
test_06406,0.00016765604148391358
test_06407,0.5487140030179702
test_06408,0.011076037831275276
test_06409,0.9999997165824372
test_06410,0.999982902414319
test_06411,0.9999999999961731
test_06412,0.5181351393789337
test_06413,0.0003942333268195416
test_06414,0.9696068978649853
test_06415,0.6232050795665149
test_06416,0.9991625909522834
test_06417,0.7308411272281461
test_06418,0.22846493784247313
test_06419,0.9999994383968638
test_06420,0.004072788820855929
test_06421,0.9406863831219539
test_06422,0.9999964654178195
test_06423,0.8704030332183375
test_06424,0.9971651824433041
test_06425,0.5472608613302512
test_06426,8.73339020397162e-07
test_06427,5.149601967280082e-10
test_06428,0.8147968522458415
test_06429,1.90721275982569e-06
test_06430,0.3587819886596094
test_06431,0.9997674318344068
test_06432,2.9198982355935885e-12
test_06433,0.9999989376894978
test_06434,0.9999999993330553
test_06435,0.9999999989005709
test_06436,0.02768830780377195
test_06437,2.029328869899689e-05
test_06438,0.00035147693986629827
test_06439,0.9999999983625261
test_06440,0.006898166929678885
test_06441,0.9960589666623128
test_06442,0.4258788288710786
test_06443,0.026213514044946592
test_06444,2.185060916018828e-10
test_06445,0.0006323129893738758
test_06446,0.361629549844993
test_06447,0.5737919098967412
test_06448,0.9994865333613884
test_06449,5.544392505017989e-13
test_06450,0.9999978282127244
test_06451,0.9999986345215224
test_06452,0.9999926293671711
test_06453,0.007545186627162337
test_06454,0.9999944502664952
test_06455,0.9996736991676762
test_06456,5.082485973881541e-06
test_06457,0.654591436859232
test_06458,0.016257984071816466
test_06459,0.9999999882498749
test_06460,5.141743333234754e-05
test_06461,9.941509325894196e-08
test_06462,0.9999999998774214
test_06463,0.9823974410290701
test_06464,0.006437142369882801
test_06465,0.00693633489643767
test_06466,0.23181240470125633
test_06467,0.6531119887933794
test_06468,5.447326767567222e-13
test_06469,0.9971866152543485
test_06470,0.8938084941961086
test_06471,6.061554566136585e-11
test_06472,0.5197943865347133
test_06473,0.9999998973332124
test_06474,7.925074513455829e-08
test_06475,0.8741051477519217
test_06476,0.0001306542595209244
test_06477,0.0008330151675198838
test_06478,0.9999957551088483
test_06479,0.9999961129656054
test_06480,0.990054580727896
test_06481,0.34905641782542896
test_06482,0.9999999951896495
test_06483,0.0002258357087774201
test_06484,1.9639980915277664e-13
test_06485,0.6340531408045083
test_06486,0.9999999999860633
test_06487,1.5644715802702685e-09
test_06488,0.9999998196922133
test_06489,6.382959826356594e-08
test_06490,0.9999999999966139
test_06491,0.0006537674070023012
test_06492,0.9992838721361554
test_06493,0.00323067548113661
test_06494,0.8823632866141462
test_06495,7.838346919143814e-05
test_06496,4.062398534954389e-10
test_06497,0.9908417361095971
test_06498,0.9999866299474793
test_06499,7.326784360112474e-05
test_06500,0.045933473060443875
test_06501,0.018071102579672395
test_06502,0.9660247247766269
test_06503,2.0565567975742312e-05
test_06504,3.12051664511148e-05
test_06505,1.0833357334082777e-09
test_06506,0.3436998544845776
test_06507,0.8466381708635047
test_06508,0.999999757208403
test_06509,0.00942333819466181
test_06510,0.999999961461639
test_06511,0.23847080156258238
test_06512,0.9999999952434697
test_06513,0.9994398896621219
test_06514,0.28332746284883387
test_06515,0.9614549689393743
test_06516,0.9999999518352216
test_06517,0.9999999999978989
test_06518,0.7297063448185197
test_06519,8.172450822381575e-09
test_06520,1.7629922801073444e-07
test_06521,0.9764979078035699
test_06522,0.9999999909375612
test_06523,0.9999811412927532
test_06524,0.005394825720732116
test_06525,1.3334203320673435e-14
test_06526,0.9998256805901463
test_06527,4.595260640698953e-07
test_06528,0.7430084121671334
test_06529,0.0488995519031231
test_06530,7.036272696472569e-11
test_06531,0.9999999624278278
test_06532,0.9981154451829002
test_06533,0.9668373608794862
test_06534,0.9530646221371721
test_06535,0.9992488866232296
test_06536,0.5863666252905128
test_06537,5.761910410935486e-05
test_06538,0.9838533371822972
test_06539,0.5511158342338425
test_06540,0.0003104008488582935
test_06541,0.026039351551633755
test_06542,0.0009516261917877768
test_06543,0.08995374845044914
test_06544,0.9999996156540599
test_06545,0.9999090598283306
test_06546,1.136385498738549e-06
test_06547,0.6393792170843338
test_06548,0.9999999925927312
test_06549,0.11891042174025358
test_06550,0.9999997930228448
test_06551,0.004574914236692527
test_06552,0.7528318368642966
test_06553,0.9999846067578759
test_06554,0.9406285070779234
test_06555,0.2280945398628973
test_06556,0.9999867362270372
test_06557,0.21716908622033054
test_06558,0.9466868431336655
test_06559,0.0006135112444174697
test_06560,0.33037795516401425
test_06561,0.9997651866533366
test_06562,0.02492878096211965
test_06563,0.0021295716617713103
test_06564,0.9784899493834937
test_06565,0.9530194654498456
test_06566,0.9229655171235895
test_06567,0.4552853287163693
test_06568,0.04239316257769132
test_06569,0.8410126051135418
test_06570,8.67281637380763e-06
test_06571,0.034188243064972014
test_06572,0.004995514789883764
test_06573,0.35694079897579917
test_06574,0.1693843163988031
test_06575,4.1070691253847346e-05
test_06576,1.7486351694407133e-05
test_06577,0.0008876958596295075
test_06578,0.999999999958924
test_06579,0.07188066132406304
test_06580,0.9999999912468726
test_06581,3.718797664330699e-10
test_06582,0.999746247971526
test_06583,2.7791668845471694e-11
test_06584,0.8540147959530661
test_06585,0.20873819943534128
test_06586,3.997322207138715e-07
test_06587,0.9999988526046575
test_06588,0.0003129469276765465
test_06589,0.9618986126419403
test_06590,7.06565009015709e-06
test_06591,1.5305577580109206e-09
test_06592,0.9996201403142952
test_06593,0.9999999960935095
test_06594,0.9999999990913473
test_06595,0.3434452586786564
test_06596,0.06397944806622236
test_06597,0.18104110381044897
test_06598,0.001155920089881648
test_06599,6.0963867534544194e-05
test_06600,0.2085459287810626
test_06601,4.805008753086085e-07
test_06602,0.010706278488363714
test_06603,0.0022673101180794375
test_06604,0.16019728382633175
test_06605,4.5906649122536505e-06
test_06606,0.999995001638019
test_06607,2.161243213114826e-09
test_06608,0.9999989828287867
test_06609,0.9336495878070258
test_06610,5.112409230817185e-05
test_06611,0.9826237545128207
test_06612,5.0080709808011536e-08
test_06613,2.6124183647218884e-06
test_06614,4.465792590779086e-09
test_06615,0.0001982530638605745
test_06616,0.9212181621021167
test_06617,0.9999998944871751
test_06618,2.794688417414711e-06
test_06619,5.315879706605608e-07
test_06620,0.5397235724851854
test_06621,7.323828941338409e-07
test_06622,1.4214905419056416e-08
test_06623,0.0031603542792755204
test_06624,0.9999999999999933
test_06625,0.9999998652798914
test_06626,7.773770140068565e-09
test_06627,1.4956427393773829e-06
test_06628,0.5641330771941571
test_06629,1.3185373223411145e-10
test_06630,0.0002721837347415124
test_06631,0.00017039329605361063
test_06632,0.00018475740772636265
test_06633,0.0015936923357362598
test_06634,0.5836846310984127
test_06635,3.8065017103836864e-06
test_06636,0.0001093559547973068
test_06637,3.193688446170297e-05
test_06638,0.0001936826948136196
test_06639,0.8179691505623895
test_06640,0.9989437740675153
test_06641,0.004645936482921309
test_06642,0.9738351144558983
test_06643,0.992454584438284
test_06644,0.9999945332335048
test_06645,0.9959565931989206
test_06646,0.9999986921949013
test_06647,0.9031645997121954
test_06648,0.003530003002896258
test_06649,0.5324334869914713
test_06650,1.0351593443232053e-14
test_06651,6.15394133432721e-07
test_06652,2.3833715573858015e-14
test_06653,0.9999758004193222
test_06654,5.943368697818739e-08
test_06655,8.879075099953681e-15
test_06656,0.9998301565402596
test_06657,0.9827661368297882
test_06658,1.8583945029388547e-06
test_06659,0.7948072586657711
test_06660,0.3931540469001529
test_06661,1.0831332894390599e-08
test_06662,0.39701287497391663
test_06663,6.867189077807996e-07
test_06664,8.892928753592808e-08
test_06665,0.08127131577541873
test_06666,0.1165024098794587
test_06667,0.9981516094037517
test_06668,0.37473975764321943
test_06669,0.00012655166119598102
test_06670,0.696506346551014
test_06671,0.9398624346032841
test_06672,0.03392636701795704
test_06673,2.728228613022781e-06
test_06674,0.9999999994891224
test_06675,1.0023294500915549e-05
test_06676,0.9198694115921007
test_06677,0.9999995708348641
test_06678,0.9999999622602945
test_06679,5.518490599861414e-09
test_06680,1.0725361833772495e-05
test_06681,0.9999424452457851
test_06682,2.0650694666512656e-07
test_06683,0.9125263609769331
test_06684,0.457667240088579
test_06685,0.999995008453
test_06686,0.9530115941536745
test_06687,0.05253835838864781
test_06688,0.4023201427789838
test_06689,0.7021570585199224
test_06690,0.8600989818825755
test_06691,2.2159139884106508e-05
test_06692,0.9861719159022704
test_06693,0.6885002529631248
test_06694,0.9999998979875534
test_06695,7.522048926355964e-10
test_06696,0.99999932044219
test_06697,0.9999908672757304
test_06698,0.0014056837020964938
test_06699,0.9505334024543451
test_06700,0.9999999999997071
test_06701,0.9999999466564318
test_06702,0.9999999999617178
test_06703,0.007866880961977844
test_06704,0.99783517580481
test_06705,0.9999999992451707
test_06706,0.8025683701670675
test_06707,0.0005188331166794838
test_06708,1.0
test_06709,0.9582750314815796
test_06710,0.8605809095739108
test_06711,0.9999953265831734
test_06712,0.010431274918219293
test_06713,0.9999999978087775
test_06714,0.7644285108318174
test_06715,1.2374453181635434e-05
test_06716,0.9887908545835796
test_06717,0.9999999994857367
test_06718,0.696728845231674
test_06719,0.9875414823351601
test_06720,0.9999793582656429
test_06721,0.01586540923866669
test_06722,0.9723393498827879
test_06723,0.999843167804386
test_06724,3.4637390258078023e-07
test_06725,0.21292489038783982
test_06726,0.9999999574120502
test_06727,0.9999999911059732
test_06728,2.813630512106628e-05
test_06729,2.7085575228145558e-09
test_06730,0.00010237411275260755
test_06731,0.6617654226956733
test_06732,0.07158858870934764
test_06733,0.9987807343399706
test_06734,1.3192131758710535e-09
test_06735,0.999981879080897
test_06736,0.9999920535015754
test_06737,0.999999999999897
test_06738,1.0
test_06739,0.9999999743986314
test_06740,0.9999999857037367
test_06741,0.9084013527092707
test_06742,0.9999999998535553
test_06743,0.9991620893009843
test_06744,0.6902412434218566
test_06745,3.4198076095568745e-14
test_06746,0.9954831634369301
test_06747,0.9999999973022402
test_06748,0.11798973778827021
test_06749,0.9999999973078229
test_06750,0.9995239643392406
test_06751,0.07520488027543126
test_06752,7.103663738044919e-08
test_06753,0.005503448207312002
test_06754,2.6149565678092348e-08
test_06755,0.988728775663871
test_06756,0.006853091208870557
test_06757,0.9999998846917951
test_06758,5.5387108465494334e-08
test_06759,0.02167415638715653
test_06760,5.361537361181557e-06
test_06761,0.9999888973127549
test_06762,0.9999765312417137
test_06763,0.9996602142137698
test_06764,0.7652547107007448
test_06765,0.9999999999833596
test_06766,3.777114804718237e-05
test_06767,2.523699044625716e-08
test_06768,0.9999999758043732
test_06769,1.1484180464519517e-07
test_06770,0.00022020917630525882
test_06771,0.9995637504045309
test_06772,5.067011256330736e-07
test_06773,0.9997980805694953
test_06774,0.128486912274192
test_06775,0.0002885968288409591
test_06776,0.9999950264013506
test_06777,0.9996340367772547
test_06778,1.5499133947274642e-10
test_06779,2.305047317678105e-06
test_06780,0.9999998976762421
test_06781,0.9999912038701899
test_06782,0.9824007614743895
test_06783,0.9850700475446204
test_06784,1.0789452910080189e-06
test_06785,0.9985584781592052
test_06786,0.9999994621782224
test_06787,1.83694708038174e-05
test_06788,1.514403228401919e-08
test_06789,0.8570824493611306
test_06790,0.9999994347450679
test_06791,0.9137973803472638
test_06792,0.9999999968024347
test_06793,0.015760944017114722
test_06794,0.9999978967758614
test_06795,5.510417794934673e-09
test_06796,0.9999872170418864
test_06797,0.9999999999928739
test_06798,0.9996195861187643
test_06799,0.22923070685544222
test_06800,5.63152443261076e-07
test_06801,0.7960411933576097
test_06802,1.4622796905506608e-12
test_06803,0.03909198162177371
test_06804,0.354538540449425
test_06805,0.00018798463333094417
test_06806,0.9997370634402463
test_06807,0.9957575839414814
test_06808,0.9991181344199485
test_06809,0.8697618646943879
test_06810,0.9995645683139494
test_06811,0.9996470897924522
test_06812,1.6428303196193034e-07
test_06813,0.9801115487971401
test_06814,0.9999999998805547
test_06815,0.9999995238717203
test_06816,0.9999970886689815
test_06817,0.014618407639340966
test_06818,0.9999663320208116
test_06819,0.6241241080026091
test_06820,0.18191879210880924
test_06821,0.9475594940326142
test_06822,0.5374155608440414
test_06823,0.0036977279507885465
test_06824,0.6965020788035152
test_06825,0.0032036903868342616
test_06826,0.011905468486573721
test_06827,0.04984489228599635
test_06828,0.9996391418943087
test_06829,0.9999999826836559
test_06830,8.143919513649324e-05
test_06831,0.9999999946681838
test_06832,3.3628283410231136e-07
test_06833,1.5427154551108856e-05
test_06834,5.367599976442486e-07
test_06835,5.106161981746376e-14
test_06836,0.30010459837904846
test_06837,8.733399915690241e-05
test_06838,3.250172171709853e-12
test_06839,0.18101289139501028
test_06840,0.9999969653957044
test_06841,0.47269999657572925
test_06842,0.9870007621656474
test_06843,0.04021774366003069
test_06844,2.454518089208041e-05
test_06845,8.225075619434052e-11
test_06846,0.999971908000092
test_06847,0.9992271804937052
test_06848,0.00995661656279003
test_06849,0.9990986347313677
test_06850,0.04219797661782072
test_06851,0.03179985743372551
test_06852,0.13650701504057508
test_06853,2.9269281076598255e-13
test_06854,0.929872866678506
test_06855,8.279543681084938e-11
test_06856,1.0319877779448127e-05
test_06857,0.6295257316279455
test_06858,0.0002365608685544318
test_06859,0.8846477191079188
test_06860,0.8575270875986668
test_06861,3.965962986831494e-06
test_06862,0.9999979059652506
test_06863,0.8284306809239559
test_06864,0.9999999273112221
test_06865,2.036702488456294e-07
test_06866,0.151873138363523
test_06867,0.3133645400486892
test_06868,0.9947091403115811
test_06869,0.45369804759494226
test_06870,0.9999999504478034
test_06871,0.940409302199072
test_06872,0.301839848517894
test_06873,0.3214108125432065
test_06874,0.9948239656106929
test_06875,0.26102656721455453
test_06876,3.258386288850619e-07
test_06877,0.9999995943051045
test_06878,7.193207991504792e-11
test_06879,0.9521657025867669
test_06880,0.06688189579833842
test_06881,0.9876947210571602
test_06882,1.1019462600518079e-16
test_06883,0.9391780200296538
test_06884,3.004751646095972e-07
test_06885,2.7615448436707215e-09
test_06886,0.007915684625096352
test_06887,0.9835184157672979
test_06888,0.006123509758730211
test_06889,0.9156532059668463
test_06890,0.17723170583554598
test_06891,1.457003029216388e-06
test_06892,9.861621482138402e-05
test_06893,0.0008281249216340355
test_06894,0.000759027215171398
test_06895,0.0006210714144650498
test_06896,0.9999999893186797
test_06897,0.05554280656587649
test_06898,0.1024922709404865
test_06899,2.3017616257372516e-11
test_06900,1.724874335491033e-07
test_06901,0.9399007948558936
test_06902,0.9726560428010282
test_06903,0.9999761866685193
test_06904,0.9999999999976761
test_06905,0.9999988396697916
test_06906,4.3259649588846216e-08
test_06907,0.999999544800195
test_06908,0.999999999946085
test_06909,1.695614190929295e-08
test_06910,0.9999999875920895
test_06911,0.9999867403620128
test_06912,4.912754140167417e-06
test_06913,0.007552589194631346
test_06914,0.7197316047428438
test_06915,0.2229795516348625
test_06916,0.9999990489381856
test_06917,1.9077209666450477e-07
test_06918,0.9630586393721869
test_06919,0.9999931932323798
test_06920,3.1714733118976643e-10
test_06921,0.9992771314233307
test_06922,0.999999999997015
test_06923,0.7889501392471551
test_06924,0.9912556421244241
test_06925,0.020845583150733555
test_06926,0.0004722533062042783
test_06927,3.804274944015655e-05
test_06928,1.9632517218569728e-07
test_06929,0.42593569162040684
test_06930,0.00010894360296672693
test_06931,4.318431846703668e-06
test_06932,0.9972727740522088
test_06933,0.9998542639488575
test_06934,8.71655825049111e-12
test_06935,0.0016172255346431617
test_06936,0.9175443958778787
test_06937,0.65844329053194
test_06938,0.0001713554670419446
test_06939,2.865080944090053e-10
test_06940,0.9944716360479843
test_06941,0.9997531956070538
test_06942,0.003189054234835235
test_06943,0.1655112962295437
test_06944,0.0055564019525640145
test_06945,0.0029423372718518064
test_06946,0.022762168372338548
test_06947,0.8563035583949008
test_06948,8.850325383202532e-05
test_06949,0.999902717029659
test_06950,0.1445360318169481
test_06951,0.003964799756040846
test_06952,0.9835791548790688
test_06953,3.819159992691726e-08
test_06954,0.3109336047336528
test_06955,0.9999998653252347
test_06956,0.9974366425748495
test_06957,0.86781139695999
test_06958,0.9999999708895561
test_06959,0.006327671958488876
test_06960,2.3868388409989704e-06
test_06961,0.9258521704222045
test_06962,7.060004618391183e-06
test_06963,0.5025685302903768
test_06964,0.9999999999944655
test_06965,0.04850812260622318
test_06966,4.1687616620147984e-07
test_06967,0.05165281131855801
test_06968,7.521053640837151e-09
test_06969,6.824617631188415e-11
test_06970,0.9999999992536122
test_06971,0.9999996302965655
test_06972,0.0008459111308929432
test_06973,0.9442682892327215
test_06974,0.040128373166859126
test_06975,0.9999277745506591
test_06976,0.9999999972144149
test_06977,0.6219302495903033
test_06978,5.719108525529855e-06
test_06979,0.6018727858967554
test_06980,0.9252383016731858
test_06981,0.9999883663235336
test_06982,0.9999987035215379
test_06983,3.42465549551234e-07
test_06984,0.0037851308978207017
test_06985,5.134830638488568e-06
test_06986,0.00019711946873956463
test_06987,6.074932936513611e-09
test_06988,1.711077083327522e-06
test_06989,0.014043717290519685
test_06990,0.9999995916559512
test_06991,0.9456188723604061
test_06992,0.5075565436300229
test_06993,2.1936102872355862e-10
test_06994,1.2607823919922703e-09
test_06995,0.0014447588703911949
test_06996,0.16208493722692002
test_06997,0.9999981050173963
test_06998,5.23667198518773e-12
test_06999,0.9256514967550146
test_07000,0.2823155117835594
test_07001,0.8860827521195769
test_07002,0.9999999986473368
test_07003,0.9999999999368172
test_07004,0.9999981639052322
test_07005,0.48362052561197894
test_07006,5.214392779920616e-06
test_07007,0.000470985069007945
test_07008,4.966386989146338e-07
test_07009,0.9904104669630975
test_07010,0.9904835433577126
test_07011,0.9999999999861405
test_07012,0.7291700645490575
test_07013,0.12849774488481985
test_07014,0.9999999999954974
test_07015,0.9999915449879471
test_07016,0.9875494957124842
test_07017,2.1716834663383165e-05
test_07018,0.9980078940385237
test_07019,0.7343439767967896
test_07020,1.032774524819284e-05
test_07021,0.9999997218721028
test_07022,7.318986160132641e-13
test_07023,0.7489362148665117
test_07024,0.013640468662336903
test_07025,0.9999999997615187
test_07026,0.9999999744998807
test_07027,0.00010330837769137804
test_07028,0.8825114623955359
test_07029,0.9371696630531569
test_07030,0.13847566540742062
test_07031,1.7909623329905725e-09
test_07032,0.9853905964118309
test_07033,0.9999999778394428
test_07034,2.5651700050964343e-05
test_07035,5.6391503388503616e-08
test_07036,0.0001426302024428396
test_07037,2.3764851033454927e-09
test_07038,0.9998991990309276
test_07039,0.003109463543850941
test_07040,2.0196491945601883e-06
test_07041,0.9999998656459118
test_07042,0.9900883040857924
test_07043,0.10938697400963183
test_07044,0.9999998265058215
test_07045,0.0011095883591135404
test_07046,0.994942719866124
test_07047,0.9999999999882774
test_07048,3.650077443854474e-09
test_07049,0.5952217967317536
test_07050,0.9999995545761364
test_07051,8.794306496187573e-09
test_07052,0.9545620038629445
test_07053,3.3853267180652666e-05
test_07054,0.9397984742233116
test_07055,0.9999999968298464
test_07056,0.9996101609112282
test_07057,0.00023013809546490856
test_07058,0.649154662733634
test_07059,0.22516090312476167
test_07060,0.9999992519622591
test_07061,0.9924174525602804
test_07062,1.5532862922603359e-09
test_07063,0.00012190272245888616
test_07064,4.86629689459499e-07
test_07065,0.1436051618365694
test_07066,0.7175087206440756
test_07067,0.9999999989425026
test_07068,0.8195201198896586
test_07069,0.9939358441971652
test_07070,0.0016474183453248506
test_07071,4.625560798332717e-14
test_07072,0.9980438377105714
test_07073,0.9992051305228926
test_07074,0.9999975183637164
test_07075,0.999987555257416
test_07076,0.9999999999988831
test_07077,0.030663072557082255
test_07078,0.9999413455459994
test_07079,0.9999999994624031
test_07080,0.24997134371913254
test_07081,0.3961231393356757
test_07082,0.8056830866812235
test_07083,1.3745732090327696e-05
test_07084,0.019200307031594737
test_07085,0.35790271077984304
test_07086,0.9999321420904814
test_07087,0.0835903601395353
test_07088,0.8285912506968955
test_07089,0.10116232100129634
test_07090,0.9999999997962021
test_07091,0.0009229680176559735
test_07092,0.998865779272559
test_07093,0.9174132453786565
test_07094,0.9758140934436423
test_07095,3.7347480770326195e-06
test_07096,0.9997603688025086
test_07097,0.00029865251582146925
test_07098,2.2420574331854657e-05
test_07099,1.7019282797570923e-10
test_07100,0.9992417003224134
test_07101,0.9999999999836886
test_07102,0.9999815501885554
test_07103,0.9999971612222444
test_07104,0.7766454081033417
test_07105,2.580151873884345e-13
test_07106,0.999883551663739
test_07107,5.288592902890133e-07
test_07108,0.5026672429804884
test_07109,0.41465196168013835
test_07110,0.7246117156412999
test_07111,0.26009131939684077
test_07112,0.9999971259857401
test_07113,5.137964867717779e-09
test_07114,0.4907933302945251
test_07115,0.9952401427078417
test_07116,0.5895225598436373
test_07117,0.0003372750449594296
test_07118,0.02057745450093845
test_07119,0.0002921602252196605
test_07120,6.066820813122523e-05
test_07121,0.022982166204228188
test_07122,0.7509733983149756
test_07123,0.7074956827373348
test_07124,0.9997586539200809
test_07125,0.9999999997480048
test_07126,0.9981890984495037
test_07127,0.9999933093338542
test_07128,1.9308918028567405e-06
test_07129,1.6444340631868947e-10
test_07130,0.9999585686396064
test_07131,0.9999756904188584
test_07132,1.6441522735555992e-10
test_07133,0.13498252486969162
test_07134,1.9432808564332155e-08
test_07135,9.256768233751299e-09
test_07136,0.9999995903551653
test_07137,0.99509475698956
test_07138,1.5942383928075808e-16
test_07139,0.0020985646594117204
test_07140,0.031163480282111782
test_07141,0.014648101140982743
test_07142,0.0005264994305125121
test_07143,0.00017595658293962938
test_07144,6.747035589915237e-08
test_07145,9.60708370479953e-07
test_07146,0.9999998816949749
test_07147,0.9206409350703033
test_07148,0.9999919822190392
test_07149,2.26121739354607e-06
test_07150,0.19907599661713477
test_07151,0.39802425301674293
test_07152,0.8917095475855602
test_07153,0.6132190181967483
test_07154,0.5873402635450966
test_07155,2.009241382391909e-05
test_07156,0.1028819626267767
test_07157,0.9999999999361147
test_07158,0.999683640462601
test_07159,0.00021441681122056453
test_07160,0.0006478562429082361
test_07161,0.00043692676734396644
test_07162,0.9957737534534914
test_07163,0.9660403857371005
test_07164,0.9471622538308125
test_07165,0.05052296897458636
test_07166,0.9999999955659448
test_07167,7.199216291460734e-06
test_07168,0.9999341103856658
test_07169,0.00025632494255719033
test_07170,0.9999999999729672
test_07171,0.9999999999996949
test_07172,0.9997091219685714
test_07173,0.9999489991070907
test_07174,0.3581347258273585
test_07175,0.9999999690698966
test_07176,1.0313070687150724e-06
test_07177,4.810375265475963e-11
test_07178,0.9999098482690639
test_07179,0.09488606617067001
test_07180,8.267460991134741e-05
test_07181,0.4820382437793077
test_07182,1.6873285566166636e-05
test_07183,0.2095915546941599
test_07184,3.863562484419739e-05
test_07185,0.9999999127976114
test_07186,0.9999922531237018
test_07187,4.582829726534136e-05
test_07188,0.8706283752165291
test_07189,0.004298681363657618
test_07190,0.999990105186144
test_07191,0.002554658117197975
test_07192,3.695366799168194e-08
test_07193,1.0479424998903134e-08
test_07194,0.5978025887852216
test_07195,0.9334226704964061
test_07196,0.9998938698574436
test_07197,7.839265838774934e-08
test_07198,1.0426030751101273e-08
test_07199,9.140797617819996e-11
test_07200,0.9999999976603419
test_07201,0.10184832916415565
test_07202,0.00028204008608343005
test_07203,0.9999875561677638
test_07204,0.8599519232292188
test_07205,7.455495293083875e-05
test_07206,0.1282157855867112
test_07207,0.6823100762727843
test_07208,1.8003635610134692e-07
test_07209,0.7309918764229939
test_07210,0.009583380273114757
test_07211,0.14687722621003196
test_07212,0.5001966444153667
test_07213,0.4988670994081159
test_07214,0.988764299369558
test_07215,0.8320306821606348
test_07216,0.005055000740615126
test_07217,6.818966208871557e-13
test_07218,0.005033810772024675
test_07219,0.9999999999502502
test_07220,3.601603654862352e-07
test_07221,0.9999608749940805
test_07222,0.030445419231353795
test_07223,0.01632920672087064
test_07224,0.6122375074275725
test_07225,0.36512978582591926
test_07226,0.8251209694883819
test_07227,0.9999998509828076
test_07228,0.0001856361004932753
test_07229,0.0013786065526670932
test_07230,1.974637485344201e-08
test_07231,0.14262710338620074
test_07232,0.5971606452638198
test_07233,0.9999991543544818
test_07234,0.9999935152330621
test_07235,0.9923617616274035
test_07236,6.099976105031364e-09
test_07237,0.9999998827346055
test_07238,3.433974878399879e-05
test_07239,0.5771277337060611
test_07240,0.25467865534086065
test_07241,0.0012243236244606254
test_07242,0.004392692841565633
test_07243,0.0003812284112911111
test_07244,0.9999999923048735
test_07245,0.004979062036525706
test_07246,7.740249288082128e-06
test_07247,0.9941913123449584
test_07248,0.9999846512994629
test_07249,2.5743833723834075e-09
test_07250,1.4983992810994113e-06
test_07251,0.002459761983745217
test_07252,0.9939526993631421
test_07253,9.06703774049817e-12
test_07254,0.0002945392299886689
test_07255,0.9993396606011865
test_07256,0.0014222214410284243
test_07257,0.8193086799701657
test_07258,0.6210190640956393
test_07259,0.981538556605982
test_07260,0.9211923007545257
test_07261,2.078326046564779e-05
test_07262,4.5722863717853565e-10
test_07263,0.9999999981695374
test_07264,0.00020970849245916908
test_07265,0.9269701749962895
test_07266,4.947200354693961e-15
test_07267,0.0004123095395149073
test_07268,0.9999681369788533
test_07269,0.9763178156185099
test_07270,0.8045826381410126
test_07271,0.9999909172191479
test_07272,0.2771407283725178
test_07273,0.6426625067092657
test_07274,0.9587281152168836
test_07275,0.5169578394014873
test_07276,0.034955826114065856
test_07277,0.9999996211575347
test_07278,0.6138807374247239
test_07279,0.04784674363920411
test_07280,4.729749192079331e-05
test_07281,1.443903486664465e-08
test_07282,0.9998713977521709
test_07283,0.0015697583898683634
test_07284,1.685706676897541e-05
test_07285,0.9999999999688991
test_07286,0.2658956874897492
test_07287,0.971786107018795
test_07288,1.6937795196967448e-05
test_07289,0.06428146369975486
test_07290,2.647611954765048e-07
test_07291,0.919352364818769
test_07292,0.25317291456893887
test_07293,1.8867084169844843e-07
test_07294,0.9999976810735356
test_07295,0.9481190559285156
test_07296,0.9899298068608197
test_07297,0.9999951000485245
test_07298,0.490834607892153
test_07299,0.9981140144686593
test_07300,0.0010962735952820331
test_07301,0.9999330598422139
test_07302,1.0586645803074191e-06
test_07303,0.9999999999989642
test_07304,0.002093057523700772
test_07305,0.9308617746020422
test_07306,0.4024747039922576
test_07307,2.0553174932709826e-12
test_07308,2.9500451229301926e-06
test_07309,8.859841756963106e-05
test_07310,0.004162316103332896
test_07311,0.0010128169906929287
test_07312,0.9671203759230617
test_07313,2.7516028905855027e-05
test_07314,0.7006109333379781
test_07315,0.5716970892880302
test_07316,0.6290240405609466
test_07317,0.9999406819666457
test_07318,0.12526689227265864
test_07319,0.9929522450502615
test_07320,0.9999999996595788
test_07321,0.0036666254051217796
test_07322,0.00467541728579127
test_07323,0.003870828950174301
test_07324,0.055533648011713045
test_07325,0.3387062250064899
test_07326,0.9921063738916374
test_07327,0.9999999849778645
test_07328,0.9996030127739639
test_07329,0.02689701828444114
test_07330,0.5229454302512582
test_07331,6.008157390856984e-11
test_07332,8.948762995680188e-05
test_07333,0.08566667469722353
test_07334,0.9972393650004177
test_07335,0.4793350138387218
test_07336,0.0033158142686506064
test_07337,0.5496529991823575
test_07338,0.9975990137323636
test_07339,2.3888419038159426e-07
test_07340,0.9999999727131001
test_07341,0.16525995601017449
test_07342,0.0039539515998884564
test_07343,0.999999995818595
test_07344,0.9999999794342083
test_07345,1.2008272585660725e-06
test_07346,0.08043683079670672
test_07347,1.7150833275028596e-08
test_07348,0.9999472678615695
test_07349,0.0006138265679721974
test_07350,0.9999999999649926
test_07351,1.309315193106721e-05
test_07352,0.5761082598165517
test_07353,0.9986960255931467
test_07354,0.9120187011856783
test_07355,0.999687338872423
test_07356,0.9999998021617211
test_07357,0.9994543400278324
test_07358,0.7599956932282093
test_07359,0.5580318856174821
test_07360,0.9998495805866793
test_07361,0.9627871656001575
test_07362,4.734294146891573e-06
test_07363,0.9999957988566199
test_07364,0.03535206215062266
test_07365,0.5165328808132141
test_07366,0.9999999996947699
test_07367,0.9999999999830469
test_07368,0.28882429854828
test_07369,0.13473807039529279
test_07370,0.9999917023384811
test_07371,6.891884383424824e-05
test_07372,0.004507641755312463
test_07373,0.9999999999409088
test_07374,4.329636848580246e-06
test_07375,0.2732344839723306
test_07376,0.20589575838378096
test_07377,7.546585538362619e-06
test_07378,0.9924348500398519
test_07379,7.486356777256413e-05
test_07380,1.5504649291380399e-06
test_07381,0.09147018262528002
test_07382,0.5025232204664736
test_07383,0.9879500612354515
test_07384,0.9999997919459969
test_07385,0.36741882629563205
test_07386,0.0002699761172346713
test_07387,7.682142746937232e-14
test_07388,0.997475064699616
test_07389,4.375284067567341e-05
test_07390,5.058525005536428e-05
test_07391,0.9999999999999871
test_07392,0.05091417859006919
test_07393,0.9059567502862358
test_07394,0.9999999137773281
test_07395,0.9999999999991656
test_07396,3.857015254977262e-07
test_07397,0.997191567087805
test_07398,0.9979089184785461
test_07399,0.9978299862886351
test_07400,0.9998602873488588
test_07401,0.048651769687976215
test_07402,0.9999849506232756
test_07403,1.8896940742168552e-05
test_07404,4.428495463250749e-06
test_07405,0.9999988272272284
test_07406,0.0031029162984946373
test_07407,1.4736695969391953e-10
test_07408,0.01757834188859701
test_07409,0.9956006977343299
test_07410,0.9999954305087095
test_07411,1.0756432804704368e-09
test_07412,0.01686265618333182
test_07413,0.8144811894986046
test_07414,2.7716783165213372e-08
test_07415,0.9999991465793822
test_07416,0.0046372522870614455
test_07417,0.00914537034917277
test_07418,0.9827960635110101
test_07419,0.0009924181086254772
test_07420,2.974940835170764e-10
test_07421,0.009288906922941008
test_07422,0.9999978620048589
test_07423,0.99992288462326
test_07424,0.016047875166697975
test_07425,0.006896990544299205
test_07426,0.018304799839879544
test_07427,0.0018531440032809128
test_07428,0.0009891787694514742
test_07429,0.32373875197098095
test_07430,1.1310043325304623e-13
test_07431,0.9998518772132521
test_07432,5.372346148604013e-06
test_07433,0.39712915185191144
test_07434,0.017727347682418397
test_07435,0.0004839623237216457
test_07436,0.003567783254938127
test_07437,0.992513457674024
test_07438,0.9999999989304177
test_07439,0.002187916128791765
test_07440,2.317829374524415e-12
test_07441,0.00011070267069365884
test_07442,0.00021112232345788832
test_07443,0.9999986254589586
test_07444,0.00016797403351564289
test_07445,4.407789428888056e-07
test_07446,2.0586986216334234e-06
test_07447,2.5054681698685366e-05
test_07448,3.1811108575560257e-07
test_07449,0.9999998187871096
test_07450,0.9999999994808755
test_07451,0.9977661450716233
test_07452,0.0009297170987257243
test_07453,0.09350433097755623
test_07454,0.9999999995092314
test_07455,0.12098124355487769
test_07456,0.9790732023810376
test_07457,0.9777032690733567
test_07458,0.999999999534156
test_07459,0.9999999041446115
test_07460,9.78520598699701e-06
test_07461,0.8088007832783086
test_07462,0.27416102309224744
test_07463,0.006552633238201404
test_07464,9.778658274902761e-09
test_07465,0.9999941227528989
test_07466,0.18159151587925865
test_07467,0.5613270331308067
test_07468,0.9999199090554631
test_07469,0.0048029656474625525
test_07470,0.9999999997329895
test_07471,0.6864506664228618
test_07472,0.7571453628513931
test_07473,1.9945892414506784e-07
test_07474,1.337147707741413e-05
test_07475,0.43376616099674165
test_07476,7.962787132157028e-09
test_07477,7.928004963941743e-07
test_07478,0.9999999965397467
test_07479,0.9999962874568613
test_07480,0.6038348523874651
test_07481,0.1735970594624036
test_07482,0.008816656801030602
test_07483,0.313986328915844
test_07484,8.858683110894313e-09
test_07485,0.9450170032153762
test_07486,0.9999999961625663
test_07487,0.029659655527500682
test_07488,0.10906690933393758
test_07489,0.9999974126826914
test_07490,0.5161354175554339
test_07491,0.001346665177888078
test_07492,6.240122225591294e-06
test_07493,0.8819522079669466
test_07494,0.9993460484309844
test_07495,0.9999349721952724
test_07496,0.007595423976010719
test_07497,0.022327162131443753
test_07498,0.21811716749469648
test_07499,6.181263125321594e-08
test_07500,0.0010660344395318007
test_07501,4.706096466458516e-08
test_07502,0.9999998102648796
test_07503,0.0007888558744327146
test_07504,4.758275168352097e-08
test_07505,0.9818417423018484
test_07506,0.9999975573305946
test_07507,0.01008211241853401
test_07508,1.2922675637322236e-06
test_07509,0.7967297055849004
test_07510,0.583878062797967
test_07511,0.9999901561264944
test_07512,4.3829039328148595e-06
test_07513,0.999987738453988
test_07514,0.9999999955214345
test_07515,0.999999938080409
test_07516,0.9999998891843751
test_07517,0.9999999993871177
test_07518,2.2560395697713495e-05
test_07519,0.13092842383238934
test_07520,9.976200861365683e-10
test_07521,0.09572154689430903
test_07522,0.9908041994882946
test_07523,6.122569299433561e-09
test_07524,0.9996617586597305
test_07525,0.5035436707809837
test_07526,5.965187011611059e-09
test_07527,0.5673692338360563
test_07528,0.9999999999969937
test_07529,2.0109021534767103e-08
test_07530,0.8853716415284689
test_07531,0.311143848347419
test_07532,0.999980221009401
test_07533,0.0026773427902248453
test_07534,0.12082731595905914
test_07535,0.9360809140458972
test_07536,0.263514714208399
test_07537,0.0003787892002531753
test_07538,0.36114173376481673
test_07539,0.9999999500483028
test_07540,0.0024223000031884817
test_07541,0.6190774171045313
test_07542,0.7930557070205989
test_07543,0.1976344330359241
test_07544,0.9690796775987037
test_07545,0.4859688189367695
test_07546,0.9998835346454155
test_07547,0.9913256638319485
test_07548,0.21381279947507023
test_07549,0.9999985076335615
test_07550,0.9985863581283665
test_07551,0.9999999999996445
test_07552,9.081660986780647e-09
test_07553,0.998391546289072
test_07554,0.994651625561283
test_07555,1.3930268228772591e-05
test_07556,0.003256775384343498
test_07557,0.9999999989811605
test_07558,0.9536375746370569
test_07559,0.9988860119562482
test_07560,0.821464546573254
test_07561,5.602632700441728e-11
test_07562,0.4132985822294605
test_07563,0.999727704143776
test_07564,0.9999999921179925
test_07565,0.000905202506037139
test_07566,0.03132682267693977
test_07567,0.00022003043689446312
test_07568,0.0020880030089235942
test_07569,0.23348434772285254
test_07570,0.9999999592911097
test_07571,0.3760248553189525
test_07572,0.999999971150338
test_07573,0.9999999999999998
test_07574,0.9942951528083985
test_07575,4.334282398569839e-05
test_07576,4.003827481744236e-07
test_07577,0.0007218282907201291
test_07578,0.10146549970600405
test_07579,1.9625630768392557e-12
test_07580,0.9958677647696978
test_07581,2.779680127944222e-13
test_07582,1.3842982580570582e-05
test_07583,0.9724375328127897
test_07584,0.9999099965301188
test_07585,0.7290611515020526
test_07586,0.9999998412327441
test_07587,0.011956617514927433
test_07588,0.9398692195616358
test_07589,0.9970556237924179
test_07590,0.0019104535480657004
test_07591,0.9999880924760811
test_07592,0.0006600518046519136
test_07593,0.9999783428715141
test_07594,0.650654520087381
test_07595,3.083775271240758e-05
test_07596,0.00010165363744438858
test_07597,0.9593708513136155
test_07598,0.9816668969031503
test_07599,0.9927312838776794
test_07600,3.852524784142241e-05
test_07601,0.00037772284723145626
test_07602,0.000600614667984448
test_07603,0.999656619152681
test_07604,0.008229251155262907
test_07605,1.2996027117246295e-08
test_07606,1.408888716210395e-09
test_07607,6.655937438141301e-05
test_07608,0.02957409044985301
test_07609,0.9999941518572382
test_07610,7.72869516472141e-09
test_07611,0.0038180552810698327
test_07612,4.1472557856829973e-19
test_07613,0.16913743250821633
test_07614,0.9999999417891752
test_07615,0.9999001299495714
test_07616,0.9999999994531639
test_07617,0.1349047151263806
test_07618,0.7149073792167492
test_07619,4.5203539639195944e-11
test_07620,0.12384518926055113
test_07621,2.9546889226658278e-05
test_07622,0.07364226743968864
test_07623,0.9999999996493305
test_07624,0.00022643791292679762
test_07625,8.468003831212991e-10
test_07626,0.9993687592075288
test_07627,0.9996438831616632
test_07628,0.99999739518404
test_07629,0.02017702593774868
test_07630,0.9893239482699316
test_07631,7.125844960404e-11
test_07632,0.08675017541194963
test_07633,0.009408806569408797
test_07634,0.9999999999949629
test_07635,0.9999999801747371
test_07636,1.2656746959581764e-08
test_07637,0.7176649945061823
test_07638,0.9999987673304875
test_07639,2.0021188801043766e-05
test_07640,0.38210029905376347
test_07641,0.9372731961425518
test_07642,0.28854279110190084
test_07643,0.9987180068597898
test_07644,0.9999999997570505
test_07645,0.08843686720997886
test_07646,0.9344921574618498
test_07647,0.9999999999110069
test_07648,2.276638491618399e-05
test_07649,0.8433689292235723
test_07650,0.9864257313914769
test_07651,0.536231609152655
test_07652,0.6022182172608592
test_07653,0.9999999437948057
test_07654,0.9998530715127864
test_07655,0.45919389242678693
test_07656,3.1581597827896187e-09
test_07657,0.9999999999891409
test_07658,2.8934945128488598e-08
test_07659,0.9999999993630007
test_07660,0.38517395669700705
test_07661,0.9993405388086619
test_07662,0.3507000966756681
test_07663,1.3698803054628433e-05
test_07664,9.009179104751222e-06
test_07665,3.673240640407342e-06
test_07666,0.9996232727129355
test_07667,0.032134958303607464
test_07668,5.581381222814936e-10
test_07669,0.999999999675893
test_07670,1.5995643348429976e-07
test_07671,0.0008704131972859336
test_07672,1.0983236588127504e-08
test_07673,0.00018965377293412138
test_07674,0.16573645552351526
test_07675,3.829903193797283e-10
test_07676,0.00043772152593158346
test_07677,2.9940381147623174e-10
test_07678,0.5336344673429846
test_07679,0.38242054395349867
test_07680,0.7117961353514769
test_07681,1.3141436637610091e-05
test_07682,3.807531900344321e-07
test_07683,0.9999975966090031
test_07684,0.48145602518281044
test_07685,0.23747083097912036
test_07686,0.0008605817359759522
test_07687,0.48950070736865214
test_07688,0.6353613733301469
test_07689,0.997388728928345
test_07690,0.9955580325932547
test_07691,0.0005603949791310146
test_07692,0.9999999038242352
test_07693,0.9997067387709491
test_07694,0.46201451772985896
test_07695,0.42693162075016267
test_07696,0.1480133217555722
test_07697,0.9999827423932703
test_07698,0.9999956750437338
test_07699,0.0014696060853579425
test_07700,0.8599388210723868
test_07701,5.3276071962697566e-08
test_07702,0.0006840255176136696
test_07703,0.9999999999800165
test_07704,0.9999970887922198
test_07705,0.33190698828514414
test_07706,0.9999645733136373
test_07707,0.04703588566612086
test_07708,0.9990464034994395
test_07709,0.999967416059012
test_07710,0.9999999974636951
test_07711,0.9532261263204996
test_07712,4.523729159957134e-11
test_07713,0.0006953749289871872
test_07714,6.59746432145723e-10
test_07715,0.997052291015002
test_07716,0.9999553168179229
test_07717,5.923069506484759e-06
test_07718,2.3801759716076376e-08
test_07719,2.673327472329676e-06
test_07720,5.792257446178455e-05
test_07721,0.06018234325188973
test_07722,0.12039851514035711
test_07723,0.005759454281639644
test_07724,0.9999999999889684
test_07725,0.9999996779565732
test_07726,0.34549362102659165
test_07727,1.156864745693558e-06
test_07728,2.105723173783562e-06
test_07729,0.9999989679810535
test_07730,0.39926701141623655
test_07731,3.0554885780388284e-09
test_07732,0.6322644682219735
test_07733,0.9999999996908451
test_07734,1.09362104881537e-05
test_07735,0.04690491305428799
test_07736,0.0014449809526611921
test_07737,0.9997502115075785
test_07738,0.11373928213382065
test_07739,0.7580768385531719
test_07740,0.0025912172229476354
test_07741,0.00011141513964190995
test_07742,0.4334445994477716
test_07743,0.9928854167083564
test_07744,0.4920278933000181
test_07745,0.5001848835929819
test_07746,0.018963002330597573
test_07747,0.29305978379223463
test_07748,0.00011326789085513559
test_07749,0.9967110703731146
test_07750,0.9999486842956995
test_07751,0.5329890415093754
test_07752,9.757002953980327e-13
test_07753,0.2451856577105503
test_07754,0.010464109509642248
test_07755,3.385888331185224e-11
test_07756,0.9857810429000217
test_07757,3.772921203630624e-10
test_07758,3.9903926190742215e-09
test_07759,0.7715042160655852
test_07760,1.0609791625929436e-07
test_07761,0.9999998311120786
test_07762,0.9957691415455332
test_07763,0.9999566915130191
test_07764,0.9998614639478395
test_07765,2.1519789323618743e-09
test_07766,0.9999999999232152
test_07767,1.056029058392471e-06
test_07768,0.8877516990651768
test_07769,2.7347823052438044e-11
test_07770,0.04137089328139911
test_07771,0.44981108454718266
test_07772,0.9999999999418391
test_07773,0.9939778111510376
test_07774,7.848116880343996e-08
test_07775,0.18162629765415306
test_07776,0.2505360258830504
test_07777,0.9998323559325767
test_07778,0.9999999999775888
test_07779,0.9999999791822756
test_07780,0.9999019830886499
test_07781,1.7768534749746216e-08
test_07782,0.16943792958802908
test_07783,0.0010028680206013068
test_07784,0.7532870306908281
test_07785,0.00826026132961766
test_07786,0.7481112090972522
test_07787,0.9971531919625001
test_07788,0.9992484427812324
test_07789,0.15877172994282862
test_07790,0.050437505347589104
test_07791,0.06197410229470049
test_07792,0.010395501004965307
test_07793,1.6602206901835136e-09
test_07794,0.11337537714041018
test_07795,0.24861479244423623
test_07796,0.0003224408829578989
test_07797,0.0001095970768580396
test_07798,0.9998985520790169
test_07799,0.9999999994404636
test_07800,0.9956281535619511
test_07801,2.0997234447577656e-10
test_07802,0.9907700007017699
test_07803,0.9998702830255994
test_07804,0.999999999940862
test_07805,0.21075370900136978
test_07806,0.0012809993826330872
test_07807,1.6776753401093756e-06
test_07808,2.2201832955287905e-11
test_07809,8.230818903286382e-05
test_07810,0.00036953466206032104
test_07811,0.7001553060118022
test_07812,0.17640344730624505
test_07813,0.9997350085772831
test_07814,0.10896375507051505
test_07815,3.0371752038790537e-09
test_07816,1.1378348251801029e-08
test_07817,0.9999386425024197
test_07818,2.021338591963224e-08
test_07819,0.8697792327263637
test_07820,4.591169241069982e-12
test_07821,0.9998594783254129
test_07822,0.004967810375718083
test_07823,0.00012070441827311517
test_07824,0.9999181894715048
test_07825,0.9686561875764023
test_07826,0.0005023489033523735
test_07827,0.999999862923665
test_07828,7.96315191877598e-11
test_07829,0.9945983272296735
test_07830,1.8810108251001438e-08
test_07831,0.9999973960114595
test_07832,0.9977516465755027
test_07833,0.2294566563820471
test_07834,0.9999999906284551
test_07835,0.9719993915686602
test_07836,0.10802125556362971
test_07837,5.962697097252829e-10
test_07838,0.9999999896444434
test_07839,0.9990082204996853
test_07840,0.958459560876
test_07841,0.0005132077407236606
test_07842,0.0020645379053242526
test_07843,2.400999803670269e-13
test_07844,0.973172488105813
test_07845,0.9999999999406668
test_07846,0.0020903571110070236
test_07847,0.9999998597238513
test_07848,4.491709851331291e-05
test_07849,0.9995292966195757
test_07850,0.9999999880971364
test_07851,0.03931177815136223
test_07852,0.9598702262753016
test_07853,1.0984856960876353e-10
test_07854,0.9999999983049264
test_07855,0.008504642094615307
test_07856,7.677288986917252e-05
test_07857,4.592402695945447e-11
test_07858,0.0011092733077044338
test_07859,0.999932383065897
test_07860,0.030812187454664953
test_07861,0.52536983144967
test_07862,2.140962335684767e-07
test_07863,0.25119577495189727
test_07864,0.1699489862647841
test_07865,0.9997558009602424
test_07866,0.9999994420974276
test_07867,3.001673318809189e-08
test_07868,0.9999991058193298
test_07869,0.2840119154777856
test_07870,4.050425538063736e-05
test_07871,0.9999989770618655
test_07872,0.26916572479941764
test_07873,9.7553024998836e-08
test_07874,0.00483941463902687
test_07875,3.3595037615534876e-11
test_07876,7.913322688221579e-10
test_07877,0.011734341938118398
test_07878,4.1989095096712213e-10
test_07879,9.327021772233266e-14
test_07880,0.9522061745552012
test_07881,0.7060079678600122
test_07882,0.852637181388838
test_07883,0.9999867729746998
test_07884,0.891507396320708
test_07885,0.9980502947609586
test_07886,1.0984102146600842e-06
test_07887,0.9998786378057332
test_07888,0.14560335210262276
test_07889,0.9987779155781751
test_07890,0.9969386313035644
test_07891,0.9975195432260301
test_07892,0.8534296932312091
test_07893,0.9999992844374177
test_07894,0.004360010774114936
test_07895,0.5923330041792311
test_07896,0.9999988134983344
test_07897,0.018111388287668326
test_07898,0.7853712468327524
test_07899,0.9999999961135135
test_07900,0.999999999720328
test_07901,0.9999799715169178
test_07902,2.1102155864320528e-08
test_07903,0.023271044452745304
test_07904,6.253037985543235e-05
test_07905,0.0002232492309425719
test_07906,0.007750494945115337
test_07907,0.00024829494717149074
test_07908,8.285450674061631e-05
test_07909,0.9555330878373316
test_07910,0.7764802959022542
test_07911,0.9999926611081789
test_07912,1.1647476130061896e-05
test_07913,0.0005944726065461037
test_07914,2.0433477201967116e-09
test_07915,7.713750822219342e-09
test_07916,0.9993360897256913
test_07917,1.9508994907945317e-13
test_07918,3.373839664628458e-09
test_07919,0.004594121112006011
test_07920,0.0005801005469842308
test_07921,0.9999999979792429
test_07922,0.9324595105204356
test_07923,0.9999984291396555
test_07924,0.2553123922847885
test_07925,9.714161396485853e-07
test_07926,0.04902005615471074
test_07927,0.9800349931073085
test_07928,1.9178394019116243e-10
test_07929,1.1543403878802696e-11
test_07930,0.006523512514577572
test_07931,0.008462451074510347
test_07932,0.9999918981037088
test_07933,0.9999999482502733
test_07934,0.0078020966700623594
test_07935,0.28505794489303876
test_07936,0.00022002364107097215
test_07937,0.39544632536506613
test_07938,0.9938017525500504
test_07939,2.0035707022561855e-06
test_07940,0.00022288533315325371
test_07941,0.44030972323540235
test_07942,4.168762810610211e-06
test_07943,0.9629472695840902
test_07944,0.00979026051030633
test_07945,6.888975577511999e-05
test_07946,2.0573463807377833e-10
test_07947,0.999999958020136
test_07948,0.010686307911849078
test_07949,0.9999999679647058
test_07950,0.9999758566331691
test_07951,7.981272015148685e-07
test_07952,0.03296766033402991
test_07953,2.786286902183716e-06
test_07954,1.3769493324632669e-08
test_07955,1.024031721509674e-08
test_07956,0.006975728157335857
test_07957,0.0003917778969089308
test_07958,0.9329131350016189
test_07959,0.9606905139330691
test_07960,2.5634118403874184e-05
test_07961,0.9999543502171075
test_07962,0.0014269505963041135
test_07963,0.9998289021433271
test_07964,4.605791788574942e-08
test_07965,1.798940616031522e-09
test_07966,0.9988254271050911
test_07967,0.99997847890491
test_07968,7.889549478578624e-10
test_07969,0.0010281207397158626
test_07970,0.005823958072965041
test_07971,2.4786680189407367e-06
test_07972,0.998970196124702
test_07973,9.619431289049373e-05
test_07974,0.672474532899686
test_07975,0.00027776689936250703
test_07976,0.2046254485801344
test_07977,4.5951458768075105e-05
test_07978,0.9980936027363079
test_07979,1.5520805904885555e-06
test_07980,6.6153599669731825e-06
test_07981,0.37125439252412634
test_07982,0.003250291988813741
test_07983,5.308058463979351e-07
test_07984,0.9982173922171005
test_07985,0.9999999999463045
test_07986,0.003351510102057272
test_07987,1.7177825096062937e-11
test_07988,4.650215328565739e-08
test_07989,0.00039685519394657516
test_07990,0.7716761846022067
test_07991,0.999245894749897
test_07992,6.399126148954672e-08
test_07993,0.9999987852212503
test_07994,0.4587027021133764
test_07995,0.9999083764186267
test_07996,0.999999758442049
test_07997,0.9979252113795853
test_07998,0.9983545673321135
test_07999,0.9999999753783042
test_08000,0.058605237210521535
test_08001,9.80800970591391e-08
test_08002,0.002758309145649474
test_08003,0.999894390089713
test_08004,0.015081245532178945
test_08005,0.9999999999468864
test_08006,0.96637117611949
test_08007,3.1844802100892954e-07
test_08008,0.8498913085208144
test_08009,2.0196957371775584e-06
test_08010,0.9992415365137657
test_08011,0.9984708627378627
test_08012,0.999999999234888
test_08013,0.00010768731265299362
test_08014,0.0005956197457094351
test_08015,6.381615756633815e-08
test_08016,0.8104488733080932
test_08017,0.003310992312892683
test_08018,0.9990256571554621
test_08019,0.999999999999962
test_08020,0.9993550993252909
test_08021,0.1119698793170018
test_08022,2.1834387746592092e-05
test_08023,9.993900297362809e-10
test_08024,0.052452575318122516
test_08025,0.5025704512639537
test_08026,0.9989135754519395
test_08027,0.9998898985895837
test_08028,9.503039581016227e-10
test_08029,0.9940704470702768
test_08030,0.74653872304514
test_08031,0.00013790903950869931
test_08032,0.9999999102861258
test_08033,2.2936742485838147e-10
test_08034,0.9999998366894968
test_08035,3.8694523715816397e-10
test_08036,0.5175642995136884
test_08037,3.2068887189752595e-10
test_08038,0.9967340995811742
test_08039,0.9999638648753321
test_08040,0.965560213070825
test_08041,0.9999918194726727
test_08042,0.9993108657049983
test_08043,7.846966841578104e-05
test_08044,0.2053550935968289
test_08045,0.7711608209497245
test_08046,0.10286896769357037
test_08047,2.1922317090497e-12
test_08048,0.9957935711379782
test_08049,0.9938798350854308
test_08050,1.1043016222113177e-06
test_08051,0.02665015071303683
test_08052,0.9999980492705748
test_08053,0.21372294692451307
test_08054,0.025247177685243115
test_08055,0.9999999999999738
test_08056,0.9999999833568975
test_08057,0.0019502626900324126
test_08058,0.006574781550355437
test_08059,0.0032676291490230064
test_08060,0.9999999994637745
test_08061,0.14179596167951122
test_08062,0.9999980751295391
test_08063,0.838831137407501
test_08064,6.540809882366169e-07
test_08065,0.9999999987715202
test_08066,0.3358514601248511
test_08067,0.9999999682247394
test_08068,0.15805230355747252
test_08069,0.8820834814054763
test_08070,4.9625198797021247e-11
test_08071,0.9978505161002855
test_08072,3.746351815716233e-07
test_08073,0.8330831770871238
test_08074,0.5366248996142999
test_08075,0.1923460375274063
test_08076,0.00031938529211879773
test_08077,0.15198341845520494
test_08078,0.9999471207739693
test_08079,1.9085207306697128e-10
test_08080,0.9889707958629059
test_08081,0.0003462644083668963
test_08082,0.00021482880055995621
test_08083,0.9999999999999938
test_08084,0.0041219029740053115
test_08085,0.0028222029180716974
test_08086,0.12877186094371615
test_08087,0.999946290201605
test_08088,0.9977608535094207
test_08089,0.8277324036176558
test_08090,0.003141109536468087
test_08091,0.9999978665380636
test_08092,0.6103305056115572
test_08093,0.5848133394029791
test_08094,0.008460121091046038
test_08095,0.9999999701104627
test_08096,0.00019250189561222463
test_08097,0.9999713709209246
test_08098,0.12144440675347479
test_08099,0.0049517219107731636
test_08100,0.9999897329073316
test_08101,4.1051868525246274e-10
test_08102,0.06255606893720508
test_08103,0.9999991814526505
test_08104,5.423629351169526e-09
test_08105,0.9999796009974871
test_08106,0.9999999991946729
test_08107,0.5219545741019087
test_08108,0.007931135620748403
test_08109,0.9931246582689712
test_08110,0.999999991132303
test_08111,0.00010990013023664295
test_08112,0.9999999999750582
test_08113,0.0026450150533363533
test_08114,7.416033461312271e-06
test_08115,0.0018800890492220808
test_08116,0.9999792141503926
test_08117,0.01217413812451623
test_08118,0.025455880088771768
test_08119,0.004733400598287032
test_08120,0.49398973885311376
test_08121,0.048960496233389356
test_08122,0.9310462448581074
test_08123,0.004182406423406391
test_08124,0.8907991414426928
test_08125,0.9999823916353849
test_08126,0.1291020336791842
test_08127,0.0004339521062001735
test_08128,0.32707191515633466
test_08129,0.012630078859201619
test_08130,0.32965982351383116
test_08131,0.999999999999957
test_08132,2.0700269616547444e-13
test_08133,0.017941433539217042
test_08134,0.006329809555401742
test_08135,0.0009956116063373082
test_08136,0.9588963243106917
test_08137,0.000181614144994271
test_08138,6.272631086640787e-09
test_08139,0.9999786096643154
test_08140,0.9999994457991178
test_08141,0.9976376548112882
test_08142,0.9999999968085844
test_08143,0.9992508410723654
test_08144,0.9994036854985625
test_08145,6.76691780631767e-05
test_08146,0.24056017292382734
test_08147,0.653432487113452
test_08148,8.850467128124935e-07
test_08149,0.0008928938420053522
test_08150,0.9573940035219611
test_08151,0.78275661818539
test_08152,0.17594403431601432
test_08153,0.03521590000512689
test_08154,3.1640574945198095e-05
test_08155,0.08226252270375432
test_08156,1.7246714556472857e-11
test_08157,1.2452225477258857e-06
test_08158,0.00016008395038415507
test_08159,0.9999999999972232
test_08160,0.9999999999600708
test_08161,0.999827279095874
test_08162,0.02478286938985077
test_08163,0.999997756263441
test_08164,0.005665742541159993
test_08165,0.0009021595024210865
test_08166,0.26496060824555684
test_08167,7.310698966508474e-06
test_08168,0.9990282173094526
test_08169,0.20409467173476548
test_08170,1.3138349278495556e-07
test_08171,0.9999993894552883
test_08172,0.9507120507275881
test_08173,0.9040315474859364
test_08174,0.00014166877123500274
test_08175,0.6667354002661461
test_08176,0.985817202926618
test_08177,0.9975965212331975
test_08178,0.9999999993476234
test_08179,0.9978140986295364
test_08180,1.6430649020593524e-15
test_08181,0.18443343996050768
test_08182,0.4454359080288129
test_08183,0.9985873882742315
test_08184,0.9999999999431863
test_08185,0.9999995847141634
test_08186,0.9041745063073489
test_08187,0.9837388860219913
test_08188,2.5878050401993817e-07
test_08189,3.0764735809525876e-06
test_08190,1.1511862163673813e-05
test_08191,0.0002221836803630789
test_08192,0.9192287709122913
test_08193,0.9999999967921287
test_08194,0.0005995993987929607
test_08195,1.5647380057405253e-05
test_08196,0.0034516228752931367
test_08197,0.9999999980398938
test_08198,0.9998045425773956
test_08199,0.001998492528052821
test_08200,0.7212336366355782
test_08201,0.00538828274433653
test_08202,0.999999998210902
test_08203,0.8949905225559516
test_08204,0.7689490636166101
test_08205,0.983182823328803
test_08206,0.992835368974563
test_08207,0.9999941413739064
test_08208,0.0059246759785857
test_08209,0.0008527387404718822
test_08210,0.0038426223336612527
test_08211,1.9041349944032677e-06
test_08212,0.9999999982282195
test_08213,0.9999604671212102
test_08214,3.424671464155597e-11
test_08215,7.764694461154136e-06
test_08216,0.0002904439736565639
test_08217,0.9999999577457603
test_08218,0.8682473994276138
test_08219,0.00021843777021976488
test_08220,5.938949185445213e-08
test_08221,0.00026186356297431515
test_08222,0.9999996272981376
test_08223,6.85208254358619e-08
test_08224,1.5063324701757148e-06
test_08225,6.217772465333678e-08
test_08226,0.9213996498119578
test_08227,0.9999361674647433
test_08228,0.951027487057987
test_08229,6.66423303647493e-06
test_08230,0.9205199028640789
test_08231,9.714818564147635e-05
test_08232,3.1290497501048726e-05
test_08233,2.2685823973180567e-09
test_08234,1.2224547488671103e-09
test_08235,3.2856194165368353e-13
test_08236,0.4302082384810513
test_08237,0.9957004872786932
test_08238,0.9999998957836322
test_08239,0.9999833563927107
test_08240,0.896728073548223
test_08241,0.7975761068311324
test_08242,0.9993829655633368
test_08243,2.5256693051428184e-06
test_08244,0.9999924786444268
test_08245,0.922539762468996
test_08246,0.9611886684013342
test_08247,1.0486567030035756e-05
test_08248,0.011334793784537976
test_08249,0.9999420444195534
test_08250,0.06702793395474693
test_08251,0.9990067621773271
test_08252,0.9999499589200063
test_08253,4.239405003653892e-07
test_08254,0.9982594428426133
test_08255,1.4366052211398605e-06
test_08256,0.0004529459092331061
test_08257,1.0890753507479499e-07
test_08258,0.037996922290801545
test_08259,0.9999999601771665
test_08260,0.8932852541598528
test_08261,0.9999999999576106
test_08262,0.9912551525640795
test_08263,0.9999991935202115
test_08264,0.9975573487851044
test_08265,0.9115017713527239
test_08266,0.9998161736969667
test_08267,0.0016083687848281482
test_08268,0.0035908791751633347
test_08269,0.9999999999979887
test_08270,0.00027249712724369905
test_08271,0.9788441059373446
test_08272,0.9999813845624835
test_08273,0.9649925770603318
test_08274,0.9999998195826165
test_08275,4.6111969120470525e-06
test_08276,0.9999999999988562
test_08277,2.3107423567665262e-11
test_08278,0.0006117347930649937
test_08279,0.6489911447856362
test_08280,8.623892424317232e-08
test_08281,0.9664311415677395
test_08282,0.999928135559934
test_08283,0.9047869013898497
test_08284,0.6283791477426038
test_08285,0.9997432328996612
test_08286,0.18630414826974825
test_08287,0.13459520634328986
test_08288,1.21654689290382e-06
test_08289,0.0019324351158663466
test_08290,8.194937794567417e-07
test_08291,0.35303651532496305
test_08292,0.017118689923316926
test_08293,0.8290917510119794
test_08294,0.5229296475668859
test_08295,0.9802591636172048
test_08296,0.9953851071134243
test_08297,0.9999998591685346
test_08298,0.0009977577348659443
test_08299,2.4767066065228705e-10
test_08300,0.9999992718935864
test_08301,0.9999997220686747
test_08302,0.999970305661672
test_08303,0.9999984172776217
test_08304,0.9545918137198844
test_08305,0.0028942492694724303
test_08306,2.336884620111934e-10
test_08307,0.9992965400326144
test_08308,0.99974091394441
test_08309,0.05354277829540171
test_08310,0.9485137067768744
test_08311,0.0018078799518289868
test_08312,0.9961681644502454
test_08313,0.9998594730262165
test_08314,9.695155318995839e-05
test_08315,0.9952461068876938
test_08316,0.9999669396610524
test_08317,0.9913500591601363
test_08318,0.0015520557372341675
test_08319,0.9999999998722093
test_08320,0.8185095264643589
test_08321,0.9968476909637511
test_08322,0.9999988209319983
test_08323,0.999994624319761
test_08324,0.34735089050418644
test_08325,0.9999998535424991
test_08326,0.0005196349148103882
test_08327,0.003208528374233738
test_08328,0.013496684224407389
test_08329,0.9999999333223276
test_08330,0.8965106341700986
test_08331,0.5329212495475231
test_08332,2.671788649354099e-05
test_08333,0.04588880101412568
test_08334,0.99999998141619
test_08335,0.6828584466824563
test_08336,0.7779649850549397
test_08337,0.9999776054341875
test_08338,0.9789316460441573
test_08339,0.008771081251245559
test_08340,3.663513003616377e-09
test_08341,0.999903978733228
test_08342,3.024167015567537e-05
test_08343,0.9270269535560257
test_08344,0.9665749788763969
test_08345,0.9966525031859703
test_08346,0.32486461666210065
test_08347,2.017005866501873e-12
test_08348,0.9999976345034474
test_08349,7.177042584641137e-06
test_08350,0.9999597290186476
test_08351,0.9999999888525841
test_08352,2.4984176170217034e-09
test_08353,0.9998954159891684
test_08354,2.1543969670276296e-08
test_08355,0.37951091471965337
test_08356,0.944003604824099
test_08357,5.60434254581512e-09
test_08358,0.9684749392152505
test_08359,0.9999995543988017
test_08360,0.991343952116028
test_08361,0.9949670827858879
test_08362,3.4033146564812565e-10
test_08363,0.9998256135933585
test_08364,0.14849212437052423
test_08365,7.930469372802615e-06
test_08366,0.4766154644754701
test_08367,0.9999999530812125
test_08368,0.9999762048574352
test_08369,0.0018093906198573305
test_08370,0.9996907810841433
test_08371,0.00011674841150488479
test_08372,3.778109560506602e-07
test_08373,0.998231129702592
test_08374,0.9999999748973238
test_08375,0.0007576662037504693
test_08376,0.996279850105152
test_08377,0.04437432323661831
test_08378,0.999736849478041
test_08379,0.9999795724746167
test_08380,0.9999980219145609
test_08381,0.9674060959395272
test_08382,0.9994310871664959
test_08383,0.04740556245447253
test_08384,0.0009259338975980576
test_08385,0.0032600351971452156
test_08386,7.424855496069535e-19
test_08387,7.168318057085461e-08
test_08388,1.2568347499703683e-16
test_08389,0.9166339397861003
test_08390,7.604415825956866e-05
test_08391,0.7172436515180947
test_08392,0.9783895313807691
test_08393,0.9999999999999988
test_08394,4.176225122284073e-14
test_08395,0.01635808001656482
test_08396,0.4300777854245776
test_08397,0.0015212133372286215
test_08398,0.999978428789162
test_08399,3.0479811950948964e-06
test_08400,4.0149348633355413e-07
test_08401,0.31708306782602214
test_08402,3.4304639099456724e-10
test_08403,0.14712469241630247
test_08404,0.9999983971732745
test_08405,1.2669673330328796e-08
test_08406,4.630494755901034e-09
test_08407,0.9992703026912673
test_08408,0.37410435506629525
test_08409,8.421876645782489e-05
test_08410,0.8765323964010721
test_08411,0.999999999998691
test_08412,0.9999999998758774
test_08413,6.665018413200743e-08
test_08414,0.001378846564304558
test_08415,3.800569089609855e-06
test_08416,0.9999997835638081
test_08417,0.8707555833674887
test_08418,0.9094162367216168
test_08419,4.080870371629955e-05
test_08420,0.7797852519600383
test_08421,0.26352991840285817
test_08422,0.9970362411154287
test_08423,0.998115798972875
test_08424,0.009891508215846067
test_08425,2.3758852026533486e-10
test_08426,1.0645585825686982e-06
test_08427,0.9999999827952941
test_08428,0.9999999999675651
test_08429,0.06932471657050196
test_08430,0.9998784524535339
test_08431,0.010850629831286079
test_08432,0.4887430877587587
test_08433,0.7114660945507663
test_08434,0.9987992646601861
test_08435,2.5158401348063574e-05
test_08436,0.999999999995833
test_08437,5.788145337287764e-08
test_08438,0.9901742530878863
test_08439,8.407422290693092e-06
test_08440,0.9999984432662166
test_08441,0.21258271515752608
test_08442,0.6538147035138393
test_08443,0.005115444019359171
test_08444,0.6380537899772571
test_08445,0.7165645588566567
test_08446,3.5515110315760234e-10
test_08447,1.1348864342655536e-05
test_08448,0.6655737221566186
test_08449,0.9999961033075546
test_08450,0.21172608021775458
test_08451,0.011246855531770251
test_08452,0.32943052767162
test_08453,6.29249185493785e-06
test_08454,0.0002968669762292885
test_08455,0.36751882356056753
test_08456,0.9999999999492675
test_08457,0.9999812792754781
test_08458,0.010245073340373632
test_08459,0.9981476086474996
test_08460,0.9999999970848958
test_08461,0.00013219349884676464
test_08462,0.0015977148231778756
test_08463,0.9936431166494943
test_08464,0.0007141818100734723
test_08465,0.9999993711406798
test_08466,0.009909975320162192
test_08467,0.0006476591524378103
test_08468,0.9999913154199879
test_08469,0.002608804928783255
test_08470,0.0002898560383072089
test_08471,0.00229631418572523
test_08472,0.999999582957237
test_08473,4.0034848483137316e-11
test_08474,0.9990221230465712
test_08475,0.0040017844125625375
test_08476,0.9968370124905628
test_08477,0.9999995831075053
test_08478,0.9732177351044485
test_08479,0.00016331341739303284
test_08480,0.013754977926108374
test_08481,0.3080704710530962
test_08482,0.9999999987536548
test_08483,0.003375768642165115
test_08484,0.9995842545182209
test_08485,0.45618298421016945
test_08486,0.1826048999198991
test_08487,2.1875299316584193e-11
test_08488,0.04864574063279904
test_08489,0.38016723981425166
test_08490,0.9863440084050787
test_08491,0.9999921297596808
test_08492,0.9999999938860988
test_08493,0.5371330615971008
test_08494,0.880397362696974
test_08495,0.005180981153550595
test_08496,4.3336443826419437e-05
test_08497,0.999890430169295
test_08498,1.9926694132720993e-05
test_08499,0.9508348178456432
test_08500,0.9825559543603939
test_08501,0.01028420440115767
test_08502,0.9999999892583256
test_08503,0.0034505341025169766
test_08504,0.5782347746114547
test_08505,1.3590256331952054e-11
test_08506,0.20672531116539494
test_08507,5.949524927660872e-10
test_08508,0.9999842682925291
test_08509,0.9205265668949639
test_08510,0.9972536783894548
test_08511,0.0710520221898757
test_08512,0.976675088151296
test_08513,0.9999998293937332
test_08514,5.127545851050796e-07
test_08515,0.999999955353458
test_08516,0.9999999997778926
test_08517,0.9999155201687646
test_08518,0.9123233267124946
test_08519,0.9999999966568792
test_08520,0.000694440372527946
test_08521,3.6782369250528904e-05
test_08522,7.807737398614711e-05
test_08523,9.460230978971385e-06
test_08524,0.012535979805051048
test_08525,0.9999999993745172
test_08526,0.0007711608891069029
test_08527,9.840555495967393e-09
test_08528,0.0010369164396915969
test_08529,0.9350320485641282
test_08530,1.8848377897238724e-09
test_08531,0.9785067417285924
test_08532,0.9738871513317087
test_08533,1.1781599027805244e-05
test_08534,1.233299048686747e-05
test_08535,0.99959229136876
test_08536,0.0015077885444227809
test_08537,0.9999706144696623
test_08538,0.29901252297087283
test_08539,0.9997492264732931
test_08540,0.9999999981448473
test_08541,4.769093018613124e-06
test_08542,0.9422345360692699
test_08543,2.9532617463038667e-05
test_08544,0.999994669912748
test_08545,0.9609118920594056
test_08546,0.9050176103824425
test_08547,0.9999999945684772
test_08548,0.03070221990235749
test_08549,0.0001253603145530915
test_08550,0.8441335106584631
test_08551,0.9966739526251995
test_08552,0.993825573969322
test_08553,0.999239920655799
test_08554,6.485897571046732e-10
test_08555,0.999531675483433
test_08556,1.7251426314496326e-06
test_08557,0.0043353396830280305
test_08558,9.297600107797642e-06
test_08559,0.9999999184713342
test_08560,0.17071756073585145
test_08561,0.9999999999999374
test_08562,0.18140123328633254
test_08563,3.929667655737275e-10
test_08564,7.881589442647376e-06
test_08565,0.999998555684708
test_08566,0.9965863739687739
test_08567,0.00021262661395835239
test_08568,0.9999987810367479
test_08569,3.8651947739569785e-07
test_08570,0.008620359618024697
test_08571,0.32070754394293566
test_08572,0.9999743528493217
test_08573,0.9872253397018063
test_08574,0.0005829607298590061
test_08575,0.773391520597202
test_08576,1.582627201784115e-09
test_08577,0.19701141407676265
test_08578,4.934446532315251e-13
test_08579,0.7677179688640342
test_08580,0.9932724523307785
test_08581,0.9999997082475669
test_08582,0.02428863982605644
test_08583,0.0010332949147776318
test_08584,0.015252623990552713
test_08585,0.00025957534944224457
test_08586,0.9999886750602234
test_08587,0.01025147421921428
test_08588,0.5576915174419804
test_08589,0.8779720241277147
test_08590,0.9398187193045537
test_08591,2.4448532082046805e-05
test_08592,0.9998879412261246
test_08593,1.1700177045343535e-10
test_08594,0.7276887859622219
test_08595,0.5943156009322603
test_08596,0.9977833109466749
test_08597,0.9989403287702078
test_08598,0.7299416809073207
test_08599,0.3540373897688046
test_08600,0.9999999987977979
test_08601,0.9999989653414637
test_08602,0.9752781241388573
test_08603,0.9672427979716158
test_08604,0.999999928518603
test_08605,5.012496997354353e-06
test_08606,0.9999999982604992
test_08607,0.9999995858792411
test_08608,0.9999999642200262
test_08609,3.936428927494942e-06
test_08610,0.5839177469441024
test_08611,0.0002582792205442163
test_08612,0.9999539677155269
test_08613,0.505847293919326
test_08614,0.9999965032668372
test_08615,0.23323699532640724
test_08616,0.9999995246271225
test_08617,2.328789280670536e-11
test_08618,9.204385938819969e-10
test_08619,0.9999994610788165
test_08620,0.9462059664938991
test_08621,0.9999999972659623
test_08622,0.9999998582308136
test_08623,2.2571847386186153e-09
test_08624,0.9660145583579893
test_08625,0.8560247875917422
test_08626,0.00019358549553460133
test_08627,0.14824674012499398
test_08628,0.9999999158367703
test_08629,0.0002486048866850241
test_08630,0.9999999908348807
test_08631,0.0245717012037812
test_08632,8.733239491883382e-06
test_08633,0.9999999968792539
test_08634,0.9999855662209207
test_08635,8.98360594579094e-09
test_08636,1.685533048964176e-07
test_08637,0.9768855700669953
test_08638,0.9998376454235478
test_08639,0.0005606752179765904
test_08640,0.0050080028848230075
test_08641,0.007937043793718906
test_08642,0.999995289249636
test_08643,6.602470770756544e-11
test_08644,0.9988865832825804
test_08645,0.02569459624022575
test_08646,4.725705322231388e-13
test_08647,0.037851111892805045
test_08648,0.0013446510758499393
test_08649,0.9999856639409823
test_08650,0.999554165333736
test_08651,0.9868861430530619
test_08652,0.5031889867147158
test_08653,0.9999134674693906
test_08654,1.671214964763418e-05
test_08655,0.2628897123401126
test_08656,0.2592621885517829
test_08657,0.9984525410287088
test_08658,0.9995718878308206
test_08659,1.6222974035216522e-07
test_08660,0.9435168690963005
test_08661,6.088677354562651e-10
test_08662,0.028018207765236055
test_08663,0.0013838926496176098
test_08664,0.006175563181497222
test_08665,0.0019289815274115495
test_08666,0.9999999999839283
test_08667,0.9999999999822036
test_08668,0.9998899040851921
test_08669,0.9957868688491753
test_08670,0.6264758165601946
test_08671,0.9172235674029499
test_08672,0.9999997557105618
test_08673,0.9999999999999954
test_08674,0.9999999999658604
test_08675,5.5503593273336766e-06
test_08676,0.9998974221685165
test_08677,0.9598117460315604
test_08678,0.9909488060132783
test_08679,0.9959388627905456
test_08680,1.0
test_08681,2.463861076176186e-07
test_08682,0.2978064738931017
test_08683,0.49463132439543456
test_08684,0.2584991381506058
test_08685,0.9999999982403214
test_08686,0.9999998846088696
test_08687,0.0007622282935209142
test_08688,0.9986752097338296
test_08689,0.9999874095433773
test_08690,4.620439409634112e-07
test_08691,0.99996338522074
test_08692,0.9999999999999911
test_08693,4.4841530966502353e-07
test_08694,4.4632004015200545e-06
test_08695,0.7352422479211013
test_08696,0.0006296400194192114
test_08697,0.00026750505857855343
test_08698,0.8187327730775286
test_08699,0.9990287798963027
test_08700,0.9998885793042788
test_08701,0.9999995773232884
test_08702,1.225274267736138e-13
test_08703,0.00016073733116634594
test_08704,0.00010293511311088119
test_08705,0.3115752077377265
test_08706,2.6794710963759116e-05
test_08707,0.9940775080632918
test_08708,0.9999999859043271
test_08709,0.9283804385755747
test_08710,7.83927549180328e-07
test_08711,0.9999999585964341
test_08712,0.00011510992567723396
test_08713,0.9999999895764374
test_08714,0.9589226417622762
test_08715,8.014503496213796e-11
test_08716,0.9999999827233995
test_08717,0.5065889949242011
test_08718,1.2391154002444363e-10
test_08719,0.9953299738375938
test_08720,0.999734197999133
test_08721,0.9996117410867732
test_08722,0.9999996339011332
test_08723,0.9895049890603407
test_08724,4.085996970264544e-08
test_08725,0.9996033831127777
test_08726,0.9999887922631936
test_08727,0.4528475562464847
test_08728,4.236278565981536e-07
test_08729,0.5258498645241051
test_08730,0.14246106001341513
test_08731,0.9999999999990761
test_08732,0.2839133842606591
test_08733,1.2252242513822726e-05
test_08734,0.9054208802851947
test_08735,0.0003854709475629952
test_08736,0.999998507390958
test_08737,9.692878798238762e-05
test_08738,0.35547571048998755
test_08739,0.0009070470300356849
test_08740,7.335797123546383e-05
test_08741,0.2677016083127577
test_08742,0.9999999999811373
test_08743,3.4139141377519484e-06
test_08744,0.16938406659543948
test_08745,0.9978473778905679
test_08746,0.7186346103150304
test_08747,0.9999999996479539
test_08748,1.1484884567052006e-11
test_08749,0.004657415182191818
test_08750,0.9946397996904247
test_08751,0.0010151114088964624
test_08752,0.0006307964509405469
test_08753,0.917088835731087
test_08754,4.792884895689348e-11
test_08755,0.9953247702124768
test_08756,0.7229931320052907
test_08757,0.9999999612925781
test_08758,0.00143260580801424
test_08759,2.3618294803295162e-05
test_08760,2.626311049779864e-06
test_08761,1.4289055866151235e-06
test_08762,0.6939822032406617
test_08763,0.4114527057691847
test_08764,0.967496096506943
test_08765,6.77619356498468e-08
test_08766,0.9999999855676005
test_08767,0.0004455747755363995
test_08768,0.9908498172613789
test_08769,0.6578805976347656
test_08770,0.9999274517196206
test_08771,0.008870532410718016
test_08772,0.0002671034091128357
test_08773,0.002414053602778037
test_08774,3.430581674159354e-10
test_08775,0.9999986957334852
test_08776,0.9999944119668256
test_08777,0.0008856389243846984
test_08778,0.999997702933008
test_08779,0.8149245826785165
test_08780,0.014861346223350355
test_08781,0.9847660919344394
test_08782,2.0989425190582185e-08
test_08783,0.9999999976388675
test_08784,0.43338644409956195
test_08785,0.010273192621186603
test_08786,0.4646899293278861
test_08787,0.07843557588037
test_08788,0.19846085544201506
test_08789,0.7527074183801159
test_08790,1.506493273755849e-08
test_08791,1.1253844451529222e-07
test_08792,1.9755196676465837e-08
test_08793,0.0008953832861632757
test_08794,1.1300984205958795e-08
test_08795,0.9999998262253722
test_08796,0.9999999999999999
test_08797,0.9962328565051302
test_08798,0.988922864121547
test_08799,0.9999999113779967
test_08800,0.727208870115339
test_08801,0.9999995548987605
test_08802,0.9992246003054701
test_08803,0.9987766068141377
test_08804,0.14648239244149153
test_08805,0.99995975606491
test_08806,0.9999228461330218
test_08807,0.023020758409115417
test_08808,0.9999999761236031
test_08809,0.9999999336065429
test_08810,1.9697432192869676e-05
test_08811,0.9999999945946676
test_08812,0.6061882930850135
test_08813,0.9999999091447331
test_08814,0.0004973162864984968
test_08815,3.0683553618530985e-08
test_08816,0.0006928024824499026
test_08817,0.9997908775046419
test_08818,0.30031288753342034
test_08819,0.999518811895999
test_08820,0.9999623165852954
test_08821,0.1566421627654638
test_08822,0.9858448030829626
test_08823,0.5761374084354751
test_08824,2.809566259591383e-06
test_08825,0.9999999985035251
test_08826,9.757591451449093e-08
test_08827,0.9997652492574178
test_08828,0.9999999936508462
test_08829,0.0009311055421493567
test_08830,0.9929734214343028
test_08831,0.2100027671093566
test_08832,2.7261379010017286e-07
test_08833,0.9999998920782618
test_08834,0.9994323094627671
test_08835,0.9995142014157081
test_08836,0.48211596352503816
test_08837,0.7482154158744058
test_08838,0.9999998685391283
test_08839,0.9999993189369313
test_08840,0.7943883509538909
test_08841,0.9999980235014336
test_08842,3.5100464666214276e-09
test_08843,0.9971417427801124
test_08844,0.0007783280342550333
test_08845,0.001359039379978827
test_08846,0.9990026200929023
test_08847,0.9428279779691329
test_08848,4.560220899265378e-07
test_08849,1.0647663804483037e-08
test_08850,0.8309660595081146
test_08851,0.019662416299879373
test_08852,0.027944929411502416
test_08853,0.9999999926448295
test_08854,0.01166447636570169
test_08855,0.3724432994322851
test_08856,0.999999908399894
test_08857,0.9082288341581051
test_08858,0.7956975862159016
test_08859,3.0525060855972293e-06
test_08860,0.9999999711949961
test_08861,0.9993464676577415
test_08862,2.5200729104074447e-07
test_08863,0.0036882198051234262
test_08864,0.004375958517017392
test_08865,0.20584137615657572
test_08866,0.9172195538066441
test_08867,0.9999999983419945
test_08868,0.001051902939782785
test_08869,0.8788102687814507
test_08870,0.9998418376885656
test_08871,0.9999984401159097
test_08872,0.05928632034412502
test_08873,0.9295663526184686
test_08874,1.5964126805249986e-06
test_08875,0.9975932415614717
test_08876,0.9999937408589179
test_08877,0.9413934624207143
test_08878,0.8415024354763755
test_08879,0.9679070514174688
test_08880,0.9069137359347225
test_08881,0.999999746614863
test_08882,0.02103616027411117
test_08883,0.005940615284003936
test_08884,0.9999999804331019
test_08885,5.069609292402152e-05
test_08886,4.740234915597432e-09
test_08887,1.7065302560255102e-07
test_08888,0.0011307909261449988
test_08889,0.9999999999999981
test_08890,0.00037678437403883594
test_08891,0.501429933056243
test_08892,0.4274671507515963
test_08893,2.6247890325436824e-05
test_08894,0.9999841460058401
test_08895,0.0017263787698027584
test_08896,0.9999999829299413
test_08897,7.224464579169997e-14
test_08898,0.8267969590791844
test_08899,0.00011171053455837914
test_08900,0.9989934562983118
test_08901,0.9999996081640041
test_08902,0.9530134216462411
test_08903,0.5070391939216352
test_08904,0.9982816616546728
test_08905,0.9999999212662303
test_08906,0.999997329871632
test_08907,0.9930137435957274
test_08908,0.9999979991797862
test_08909,0.9042943534413445
test_08910,1.0050646610314484e-09
test_08911,0.9999999900310363
test_08912,3.5087782989851176e-05
test_08913,0.002308848280237256
test_08914,7.476237305188743e-09
test_08915,0.59320420906196
test_08916,0.9977527943505837
test_08917,0.9902217138898095
test_08918,0.9999999695361592
test_08919,0.9781845349720657
test_08920,2.660382075650302e-10
test_08921,0.19825600349575867
test_08922,0.0044279335602222455
test_08923,0.8636980494082509
test_08924,0.999999999970783
test_08925,0.9858026419169954
test_08926,2.0701983339909713e-08
test_08927,3.527642212165878e-08
test_08928,2.1150421611796612e-06
test_08929,0.99999999999975
test_08930,0.9999981315135202
test_08931,0.06159154224160794
test_08932,0.07298257851870152
test_08933,0.5299405864621678
test_08934,0.7385819343507978
test_08935,0.9992791148040221
test_08936,0.9954988283279909
test_08937,0.9450782522308885
test_08938,0.9999481272969325
test_08939,0.000602612063277183
test_08940,0.021060575291049877
test_08941,0.37173919190880217
test_08942,0.4654697273024421
test_08943,0.9997867164623324
test_08944,0.9999999986298895
test_08945,0.9999999699408963
test_08946,6.780930344167029e-14
test_08947,0.8655218498156303
test_08948,0.9999999997190817
test_08949,0.26051576119428754
test_08950,0.0018188904934293825
test_08951,0.999981817040811
test_08952,0.9532476693062665
test_08953,0.9819676073671063
test_08954,0.9988423778228321
test_08955,0.9998588305614062
test_08956,0.9243808199897487
test_08957,0.0005289227268066407
test_08958,0.0002597186142468008
test_08959,6.712875226678348e-10
test_08960,0.9999995633337266
test_08961,6.101031587004437e-11
test_08962,2.952699460552768e-08
test_08963,3.616104332681098e-07
test_08964,1.478309544794851e-05
test_08965,4.0873052068525754e-05
test_08966,0.9968759782941802
test_08967,2.8344711449509226e-09
test_08968,0.9986971550676709
test_08969,0.0013293063451277232
test_08970,0.9999999999951423
test_08971,1.0380385771700261e-07
test_08972,4.3246949689335946e-05
test_08973,0.9999970336040995
test_08974,0.7391799330440019
test_08975,0.37147520446305415
test_08976,0.001519012409799478
test_08977,0.9976950414543077
test_08978,0.09252493791855348
test_08979,0.814275241886363
test_08980,0.8080134985212264
test_08981,0.999988768696557
test_08982,0.9834246380568965
test_08983,0.9999995447971857
test_08984,0.7584583027746091
test_08985,3.0355058285815323e-09
test_08986,0.9519798054279327
test_08987,2.3008993131656143e-13
test_08988,0.007962269615585016
test_08989,0.9999999946068949
test_08990,4.510152905722856e-08
test_08991,2.557422020042355e-07
test_08992,0.005276542960655814
test_08993,0.7764049406245745
test_08994,0.9999999999647242
test_08995,2.2680956144525554e-05
test_08996,0.9999999999999529
test_08997,0.8123044062707429
test_08998,0.9986015610137109
test_08999,0.9999999982909171
test_09000,0.99999998279718
test_09001,0.9969688080667791
test_09002,0.06882512803377257
test_09003,0.8467336508456202
test_09004,0.12828996088288547
test_09005,0.9999999998783582
test_09006,0.9902518791258327
test_09007,0.9756559608165004
test_09008,0.1299686263981729
test_09009,0.017342081556925786
test_09010,0.9939552138632591
test_09011,7.999105275324858e-09
test_09012,0.9999999971703764
test_09013,0.9999973810473342
test_09014,0.00016156510297022224
test_09015,0.7743559794365856
test_09016,0.9795736172158567
test_09017,0.9999999956377792
test_09018,0.999999891980107
test_09019,0.9999093299337467
test_09020,0.004254948249727544
test_09021,0.9458071645592829
test_09022,0.998459567411558
test_09023,0.0006660260287737877
test_09024,0.6075147086282013
test_09025,0.9999999999440522
test_09026,0.9999978241731211
test_09027,0.44420423180072416
test_09028,0.270471453019227
test_09029,0.001077285826722409
test_09030,0.9937399889880277
test_09031,0.07674627935841721
test_09032,0.999999925387531
test_09033,0.9995909422762859
test_09034,1.5120322389111524e-07
test_09035,1.3800961185767016e-06
test_09036,0.0008172553375123214
test_09037,2.0385108918360168e-19
test_09038,3.4499785471416935e-07
test_09039,1.728176734806851e-05
test_09040,0.7578569008140965
test_09041,1.2043230574691562e-13
test_09042,0.9999999995865804
test_09043,0.046537886866932825
test_09044,0.6454348838052778
test_09045,0.025188399523600625
test_09046,0.9999890226775582
test_09047,0.9503684921416253
test_09048,0.018203427138870833
test_09049,0.9999999999991098
test_09050,0.05239488433450581
test_09051,0.7706656936472553
test_09052,0.9999998207938929
test_09053,0.9960816312071537
test_09054,0.3441277888747174
test_09055,0.012366843789064441
test_09056,0.0068818858470578795
test_09057,8.094472273551673e-07
test_09058,0.6826826666878612
test_09059,0.0017196376196262806
test_09060,0.9999999518864935
test_09061,1.7713027278436588e-08
test_09062,0.9536365345268761
test_09063,0.999609499661412
test_09064,0.044541865267456224
test_09065,0.9999999981235201
test_09066,0.0956795108876184
test_09067,0.9999995262125073
test_09068,8.224282001578135e-07
test_09069,0.02905083127096548
test_09070,4.799692572049122e-07
test_09071,0.9998630903129836
test_09072,0.9999999938065098
test_09073,0.9999996556875552
test_09074,0.9949599456574467
test_09075,0.9999992440461123
test_09076,2.963149941904302e-11
test_09077,0.9999999843003466
test_09078,0.9999998584690026
test_09079,0.9920874156721748
test_09080,0.9969170447349152
test_09081,0.5073294450463187
test_09082,0.00040290354886456217
test_09083,0.9999838234988971
test_09084,9.405586449410327e-06
test_09085,0.997303197568302
test_09086,0.999981199415386
test_09087,4.822367227190211e-06
test_09088,2.2413639927084584e-06
test_09089,0.9900248654369805
test_09090,0.4576673038947975
test_09091,1.414798297255986e-11
test_09092,9.399062353583343e-09
test_09093,0.09153857559519375
test_09094,0.9999621443788707
test_09095,0.9999981836664873
test_09096,3.010422704115789e-09
test_09097,1.844043835714404e-05
test_09098,0.9989935968015917
test_09099,0.13428156589090737
test_09100,0.999987051040803
test_09101,0.9999578862239513
test_09102,4.356798924723085e-06
test_09103,2.061500453973386e-07
test_09104,0.9999859716789912
test_09105,0.0008922901433827563
test_09106,0.9999999926846141
test_09107,4.3530740405205876e-08
test_09108,0.9926073481064666
test_09109,1.7972466402973507e-07
test_09110,0.9989418745651404
test_09111,0.9999880917639944
test_09112,0.9881082372262673
test_09113,0.999942639545444
test_09114,3.493445600268665e-06
test_09115,2.352232630665921e-06
test_09116,0.9996747744310249
test_09117,0.003323080716527954
test_09118,0.9999971520213757
test_09119,0.16541947337665983
test_09120,0.999795582988527
test_09121,0.9713124634769095
test_09122,0.9999990150663536
test_09123,2.6325617529147678e-09
test_09124,0.9999983877685277
test_09125,0.9999996680610209
test_09126,2.968354132594655e-07
test_09127,0.993872613114223
test_09128,2.7275172500107755e-07
test_09129,1.9018330733046653e-08
test_09130,3.612742659464714e-07
test_09131,0.24096071236228697
test_09132,0.00034235170408992337
test_09133,0.009731590495058692
test_09134,0.0712427161994778
test_09135,0.9999999686146345
test_09136,0.9999883141580145
test_09137,0.9995671872830887
test_09138,0.5871099077030146
test_09139,0.4170438923526967
test_09140,0.9999777049990581
test_09141,0.0373559345186889
test_09142,8.236127695678266e-08
test_09143,0.0017870108735120655
test_09144,0.9995613708748333
test_09145,0.9999948699622704
test_09146,0.004890390616707112
test_09147,0.5775014489934867
test_09148,5.949017534155747e-09
test_09149,0.9999168484432127
test_09150,0.00851371332986483
test_09151,0.0005362366329244757
test_09152,0.002428095478909813
test_09153,0.8053745842206695
test_09154,0.9824233723572945
test_09155,0.02794309022184287
test_09156,0.532333339647122
test_09157,5.923610589032124e-10
test_09158,0.7112157537965118
test_09159,0.219036010562783
test_09160,0.9728942561521208
test_09161,0.9999999998894591
test_09162,1.0636187797018186e-08
test_09163,0.9999999971269451
test_09164,0.0011719049638225592
test_09165,0.00013639504631561328
test_09166,0.8617821883621077
test_09167,0.17119793701489922
test_09168,0.9999998902089589
test_09169,0.9999943581198676
test_09170,0.6792620700125115
test_09171,0.03476154968202797
test_09172,0.9999653053898224
test_09173,0.8990471492228777
test_09174,0.2643742887872016
test_09175,1.0213403006246127e-05
test_09176,7.016756899326035e-09
test_09177,0.9949061108755263
test_09178,0.9999328986746752
test_09179,1.0170847273491833e-07
test_09180,7.0532689655539035e-06
test_09181,0.0013756908459885723
test_09182,0.9999999700429528
test_09183,7.284534806862982e-09
test_09184,1.7074432455709465e-14
test_09185,0.2772759129753021
test_09186,0.9934684731275478
test_09187,0.9999971927712861
test_09188,1.6768305694029517e-05
test_09189,0.05043842357127618
test_09190,0.9999999999984801
test_09191,0.23626975075964618
test_09192,7.360371304593592e-07
test_09193,0.9999999999967157
test_09194,0.0011158309712860591
test_09195,0.9443804211428101
test_09196,0.9999999976502383
test_09197,0.013213615138966395
test_09198,1.3718587856198835e-10
test_09199,0.9897621681938694
test_09200,0.003956402109958206
test_09201,8.518487290875988e-09
test_09202,9.717991864101418e-06
test_09203,0.9999999568506851
test_09204,0.9998955246318747
test_09205,0.9190043368382876
test_09206,0.6285522648943782
test_09207,1.5273434228413203e-06
test_09208,0.4827410578311131
test_09209,1.5050771845184205e-10
test_09210,0.8763929303753845
test_09211,0.9985287803002199
test_09212,7.524560367016769e-10
test_09213,0.9999883905000249
test_09214,0.9997987750536106
test_09215,0.03227945121759861
test_09216,0.007868921354095249
test_09217,0.9682423913914933
test_09218,0.9999958060596901
test_09219,0.9998318235904324
test_09220,0.9999999999779676
test_09221,0.999988906366045
test_09222,2.76519555335508e-09
test_09223,0.9636065541944978
test_09224,0.9901664210484422
test_09225,0.9999735920810788
test_09226,0.9999775549813656
test_09227,1.7742712985234684e-06
test_09228,1.117134125658843e-05
test_09229,0.4420118870198916
test_09230,0.9994019362010784
test_09231,0.67605239558387
test_09232,6.239735564634562e-06
test_09233,7.462911445957553e-06
test_09234,0.9892369561344425
test_09235,1.2738130463964197e-07
test_09236,2.5323371508886896e-08
test_09237,0.9999942906315313
test_09238,0.999999971621046
test_09239,0.709914230211676
test_09240,0.0019793504246422887
test_09241,0.4129167584369242
test_09242,0.44019085064545604
test_09243,1.1834298978224379e-05
test_09244,0.4361594521590497
test_09245,0.999999999518414
test_09246,0.5948859702483211
test_09247,0.049243715857705296
test_09248,0.9996879468773519
test_09249,0.9999995475520675
test_09250,1.8766376176433306e-06
test_09251,0.001355190298329501
test_09252,3.8674318665360707e-10
test_09253,0.9999999962163442
test_09254,0.979813249913078
test_09255,0.998319133158234
test_09256,0.999915746815317
test_09257,0.08748146554156468
test_09258,0.7559514259775019
test_09259,0.9999988616295231
test_09260,2.723683787449433e-05
test_09261,0.10437324636781237
test_09262,0.9961192747026029
test_09263,0.16115251891417062
test_09264,0.019180529978969036
test_09265,0.8187266864510421
test_09266,0.9972210315092438
test_09267,0.997005292926044
test_09268,0.9999546390266054
test_09269,1.3444401700932778e-07
test_09270,6.954597794999294e-05
test_09271,0.9999954325315026
test_09272,0.9928040917641734
test_09273,0.9999990063903883
test_09274,0.5634393504229824
test_09275,9.802185899339306e-07
test_09276,9.468502368922508e-05
test_09277,0.9999999665039747
test_09278,0.2773353753487806
test_09279,2.015427194810696e-10
test_09280,1.1501056743278212e-05
test_09281,0.4832581622698926
test_09282,6.033389062938491e-08
test_09283,0.0001254923844536263
test_09284,0.9999959677446227
test_09285,0.22017366447637396
test_09286,0.0023908928447015543
test_09287,0.9806757291726075
test_09288,0.06835064191009711
test_09289,0.9467000149771027
test_09290,4.840665759564429e-06
test_09291,0.999421594454081
test_09292,0.9214360186660372
test_09293,0.004492032420430272
test_09294,0.0059365263071858715
test_09295,4.389771529692781e-07
test_09296,6.996592019150677e-10
test_09297,0.2229622144031842
test_09298,0.4436482453568989
test_09299,2.8453908417072388e-08
test_09300,5.0966794477099497e-14
test_09301,2.738679079207107e-07
test_09302,0.030483947858051655
test_09303,0.541244927868646
test_09304,0.44772960203911893
test_09305,0.9881199664067886
test_09306,3.351438828933375e-07
test_09307,0.44847551671910213
test_09308,5.165299023413384e-12
test_09309,0.999998659906176
test_09310,0.9999996119178352
test_09311,0.38934946764195116
test_09312,0.9842617868387401
test_09313,0.8976094823221086
test_09314,2.293613998788811e-06
test_09315,0.003785479525212211
test_09316,0.6575403290791237
test_09317,0.9999999999999725
test_09318,0.9973711702149269
test_09319,0.9999984901439445
test_09320,0.9726504216872337
test_09321,0.024940347537939955
test_09322,0.9983047614296661
test_09323,0.9999669216312987
test_09324,0.8027070602709602
test_09325,0.9999993930058264
test_09326,0.5662314975849125
test_09327,0.014506377191760948
test_09328,0.6725064099560557
test_09329,0.17581046949004303
test_09330,0.001026931177704347
test_09331,0.9999999999854298
test_09332,5.351605355189586e-05
test_09333,0.6200073690771684
test_09334,0.999998143945709
test_09335,0.4273079851641016
test_09336,1.3700133656938921e-08
test_09337,0.999999101587824
test_09338,1.0034364350776932e-07
test_09339,0.0013316368618958218
test_09340,0.6631505004757482
test_09341,3.6975756111021713e-14
test_09342,0.05734975203699916
test_09343,6.958013345121046e-10
test_09344,0.9999982641317184
test_09345,0.9996151581625949
test_09346,0.9998810184398224
test_09347,4.020982279213653e-09
test_09348,0.1246080017202895
test_09349,3.193669025623101e-05
test_09350,0.9999999999988678
test_09351,0.9999903155271791
test_09352,0.7524371940712717
test_09353,2.5739309264136036e-10
test_09354,0.999990036097725
test_09355,0.9999997673088901
test_09356,0.9649651084331168
test_09357,0.9979371939994116
test_09358,3.711384689135719e-12
test_09359,3.4796320816128716e-09
test_09360,0.3976292446258274
test_09361,4.526354758652055e-07
test_09362,1.1831941804724796e-07
test_09363,0.8049048446962899
test_09364,1.084538695705034e-08
test_09365,7.72854284749239e-09
test_09366,0.9999999998896671
test_09367,0.2411530162422632
test_09368,0.02536932735580584
test_09369,5.974734778989084e-09
test_09370,5.7950377828251215e-05
test_09371,0.013491584519687318
test_09372,0.9999900902418597
test_09373,0.00032077783313601586
test_09374,0.9999999999969612
test_09375,0.0005974043242377744
test_09376,4.502285128779582e-05
test_09377,0.686187398397732
test_09378,0.9843932064349381
test_09379,0.9999999999964149
test_09380,3.7566092434871506e-06
test_09381,0.9930453107049394
test_09382,0.9998725299732052
test_09383,0.9398247012269064
test_09384,0.2531328957267452
test_09385,0.9999999693509176
test_09386,0.949756533942714
test_09387,0.9999999999371811
test_09388,0.908412456559247
test_09389,0.33675940187366254
test_09390,0.9037473058162544
test_09391,0.02492867528119594
test_09392,4.2625332402518675e-06
test_09393,0.035325289818105336
test_09394,0.9992789108904454
test_09395,0.21093675589677185
test_09396,0.9999991096217964
test_09397,0.016520088822008238
test_09398,0.9999994300212527
test_09399,0.020760206711758315
test_09400,0.4734366420050409
test_09401,0.9561336006604506
test_09402,0.9433537757074875
test_09403,0.012254789706210904
test_09404,0.9980349891942792
test_09405,0.00024313268473674903
test_09406,0.9999999999509261
test_09407,0.701610387884646
test_09408,0.1938381335343662
test_09409,0.6010419346094301
test_09410,0.999952879242517
test_09411,0.9999999999999969
test_09412,0.9999999999817595
test_09413,0.9999999999542848
test_09414,0.00038723932938389337
test_09415,0.9999999999998781
test_09416,0.9999997104257642
test_09417,0.0004055242146235755
test_09418,0.9999998105785077
test_09419,5.993409932052948e-06
test_09420,0.9999799892635807
test_09421,3.4051043365566717e-08
test_09422,0.0012874273787956102
test_09423,0.012289387263857492
test_09424,0.9996436137249951
test_09425,7.969538830810971e-08
test_09426,0.7192340915674046
test_09427,2.845789234216924e-06
test_09428,1.8873413505563687e-05
test_09429,0.9992847000504024
test_09430,0.9921595065997385
test_09431,0.9990244761954701
test_09432,0.004635215420211343
test_09433,0.6244774804809459
test_09434,0.9999999855461331
test_09435,0.7620533978984365
test_09436,0.4796688351795553
test_09437,0.058001580890555786
test_09438,0.3713769811134485
test_09439,0.008910005297220988
test_09440,0.9946342739109088
test_09441,8.481221657368375e-05
test_09442,0.026399764987599644
test_09443,0.7450315969793408
test_09444,0.9999999979612182
test_09445,0.4954542565874169
test_09446,0.5194745949907493
test_09447,0.6425777887351711
test_09448,0.9156887961478736
test_09449,0.9999990894644952
test_09450,0.9999994078252192
test_09451,6.283058196287056e-06
test_09452,0.9999999999998035
test_09453,0.9999570131339162
test_09454,0.6060673241213288
test_09455,0.9999999999993042
test_09456,0.999998401509423
test_09457,0.0006830872922573906
test_09458,0.0009734228234597593
test_09459,0.9999999999227194
test_09460,0.9999977425823663
test_09461,0.9979438947745412
test_09462,0.016806738365929948
test_09463,8.166708268372815e-05
test_09464,0.36530478545321954
test_09465,0.999886024784048
test_09466,1.6223514565360106e-08
test_09467,0.999980590217757
test_09468,0.8394948949497666
test_09469,0.009879131052004065
test_09470,0.9999903139953834
test_09471,0.842618661235004
test_09472,0.9999999999988713
test_09473,1.4771366652241107e-07
test_09474,0.14188670327192582
test_09475,0.9999999812790656
test_09476,0.9999999999915961
test_09477,0.4789765205249554
test_09478,1.706580742290352e-05
test_09479,0.9999999638461063
test_09480,6.979057613758982e-05
test_09481,4.5762141578286055e-05
test_09482,3.928768178472624e-06
test_09483,0.9999999999693894
test_09484,0.01838063675987487
test_09485,0.0034161476670628447
test_09486,0.999999976248992
test_09487,0.9999995273164548
test_09488,2.1662177416303478e-08
test_09489,0.9793630916860496
test_09490,6.309835769779277e-06
test_09491,0.136443675625293
test_09492,0.9999999999999988
test_09493,0.0037357553552355787
test_09494,4.142947823732954e-06
test_09495,0.0004920151886029361
test_09496,4.973951500214087e-05
test_09497,2.1797426841345123e-09
test_09498,0.9999275505179479
test_09499,0.0016208105623703572
test_09500,0.9999985383899527
test_09501,0.9965565807464503
test_09502,0.0022553099936447984
test_09503,0.9999999736663793
test_09504,0.06246712422214358
test_09505,0.9999999998179074
test_09506,0.9064443923809252
test_09507,0.999999505436775
test_09508,0.9999998162611785
test_09509,1.4030036010534318e-10
test_09510,0.30372186386652034
test_09511,5.02685931561204e-09
test_09512,2.559333973092694e-06
test_09513,0.7033023589227334
test_09514,0.999999689567877
test_09515,0.0926673179942776
test_09516,0.9351430591786527
test_09517,0.9773283035912088
test_09518,4.666300094670217e-07
test_09519,0.9999995837747306
test_09520,0.8094071958233666
test_09521,0.9999997170957997
test_09522,0.9931029868773451
test_09523,2.2303516679008195e-07
test_09524,0.9147331492579567
test_09525,0.9999969310244503
test_09526,0.9999999997661175
test_09527,0.0633610345341179
test_09528,2.8370903795692006e-08
test_09529,0.9999889264618927
test_09530,0.017633999541444605
test_09531,8.761984068350389e-07
test_09532,0.00037675427355445885
test_09533,0.5553903198706303
test_09534,0.9998658343404092
test_09535,0.005933562326621548
test_09536,2.030297549033543e-10
test_09537,0.9999677541417731
test_09538,0.0011578868019945835
test_09539,0.9915377156636651
test_09540,9.857161509763072e-05
test_09541,0.058208406512970066
test_09542,7.081708713332635e-07
test_09543,0.9999964337334115
test_09544,0.9978269168210594
test_09545,0.9993888097050092
test_09546,1.4029944584500021e-05
test_09547,5.230106089676494e-07
test_09548,1.512750691264413e-05
test_09549,0.9999975240720536
test_09550,4.9448619150078663e-08
test_09551,0.018033300532879784
test_09552,0.9501297763628037
test_09553,1.3255562384812714e-05
test_09554,0.0015886063616099503
test_09555,4.903541393379591e-06
test_09556,0.4671041691357476
test_09557,1.30424024645937e-10
test_09558,0.0868671255091629
test_09559,0.9995716803411747
test_09560,0.21504819203913694
test_09561,0.03892560791416324
test_09562,0.9999980964046379
test_09563,9.713326864285553e-05
test_09564,0.9999809947065653
test_09565,0.9999643740165314
test_09566,0.3604071699383407
test_09567,0.9976543582116657
test_09568,0.9999999954671224
test_09569,1.2613117641787638e-06
test_09570,0.00033528072494804655
test_09571,0.10139132380270398
test_09572,0.021198784639966137
test_09573,0.9394596182179251
test_09574,0.9999997752019065
test_09575,0.5484456501788965
test_09576,5.571772012868938e-05
test_09577,7.104549183795575e-07
test_09578,1.4563005358667738e-06
test_09579,0.9902981629208236
test_09580,0.14847740753505517
test_09581,0.995124231022948
test_09582,0.9911616044412064
test_09583,0.04293565666708796
test_09584,0.9998589680805092
test_09585,0.5278125023795437
test_09586,0.8472101328624327
test_09587,2.2603009673125814e-06
test_09588,0.9999999799552325
test_09589,0.9999999796202502
test_09590,0.9999998084781836
test_09591,0.9881422216198792
test_09592,0.9673707887288937
test_09593,0.006774992364545621
test_09594,0.9999997234311269
test_09595,0.6081985465241706
test_09596,0.9999670221734263
test_09597,0.9997966974942114
test_09598,0.9041425984635242
test_09599,0.00014274405446675697
test_09600,6.611338135638596e-11
test_09601,0.9996910529090021
test_09602,0.0014162984473505178
test_09603,2.7940057773490883e-05
test_09604,0.004443303751515598
test_09605,0.9976388071001756
test_09606,0.2954776485691849
test_09607,0.1385193831170332
test_09608,0.0031441045522854105
test_09609,0.9997158232998382
test_09610,0.9999998997272325
test_09611,0.24778597834381483
test_09612,0.9999997968219414
test_09613,0.5871029417664925
test_09614,0.0201143192465658
test_09615,0.00125143527312578
test_09616,0.00019269435465962126
test_09617,0.9944425022964465
test_09618,0.9267777190130158
test_09619,0.009397743461284656
test_09620,0.9999854247930496
test_09621,0.9999999999624561
test_09622,2.360393945625931e-08
test_09623,0.9999989935347874
test_09624,0.20945669161521094
test_09625,0.999996559378616
test_09626,0.9999755696244127
test_09627,0.0022793032739515714
test_09628,0.00018732136288050164
test_09629,0.9999409955798142
test_09630,0.999997817472402
test_09631,1.1178507797436183e-15
test_09632,0.3066935260956966
test_09633,0.9999920858498086
test_09634,0.9999999116128728
test_09635,0.642534411664254
test_09636,5.075311202828575e-08
test_09637,0.5222935409868554
test_09638,1.5353955494782154e-07
test_09639,0.8777896407836268
test_09640,0.06116645649859034
test_09641,5.9518882035007094e-05
test_09642,0.9999999982105809
test_09643,0.9039828567449486
test_09644,2.722063023744469e-08
test_09645,0.0016979687251388964
test_09646,0.000473633111526437
test_09647,0.05563658054366135
test_09648,0.44406082700447114
test_09649,4.742350422937714e-09
test_09650,1.3651713546750017e-09
test_09651,0.05203519979032678
test_09652,0.40473104164839957
test_09653,0.9820435713756426
test_09654,6.367995977361247e-05
test_09655,0.9999999999995214
test_09656,0.999999663778689
test_09657,9.317751934337079e-06
test_09658,0.0488449460728207
test_09659,0.9795318435475553
test_09660,0.9974301856276138
test_09661,0.9999999999994752
test_09662,0.031251921214420095
test_09663,0.9991666474710923
test_09664,0.9999998848612618
test_09665,3.5435689937715207e-08
test_09666,0.5004233050943097
test_09667,9.382704040771008e-06
test_09668,2.1253695612179015e-07
test_09669,0.9670258098022139
test_09670,2.543897607818643e-15
test_09671,0.16470757245383139
test_09672,0.999339823166105
test_09673,3.1979335013392983e-09
test_09674,0.010908998792074118
test_09675,6.276085113854831e-08
test_09676,0.9999965762744163
test_09677,3.49562910794299e-05
test_09678,0.9999990431564731
test_09679,1.3645240392479694e-07
test_09680,0.9979355372938101
test_09681,0.9078361153984777
test_09682,0.03911302333509847
test_09683,0.0037976655843428493
test_09684,0.8573746730264499
test_09685,0.18681383735027368
test_09686,0.003235103060866615
test_09687,1.43644638049261e-10
test_09688,0.09984215566603387
test_09689,4.599685065310981e-06
test_09690,0.9999995833349712
test_09691,0.9999992329643149
test_09692,0.9363194480947818
test_09693,0.04623142352357064
test_09694,0.999843769540772
test_09695,1.2471753529335853e-07
test_09696,5.201623862362734e-08
test_09697,0.9811383020313136
test_09698,0.9998412641854972
test_09699,0.19245681954365637
test_09700,0.6280520004899192
test_09701,0.32034204524771537
test_09702,0.9999999998937463
test_09703,0.9999999916288423
test_09704,0.8836865000739796
test_09705,0.9999999991196022
test_09706,0.10795567152545245
test_09707,0.9996647829392897
test_09708,0.9215121678156615
test_09709,0.1575520621803788
test_09710,0.007304862894903234
test_09711,0.00020042937694794734
test_09712,3.9521994321073133e-07
test_09713,0.9999999609800041
test_09714,0.9999996644315192
test_09715,0.00018486145787746834
test_09716,0.3192557197186635
test_09717,0.98476595821489
test_09718,0.9999999976790299
test_09719,5.05268507189116e-05
test_09720,0.03097865256965079
test_09721,0.5187389574763567
test_09722,4.365973491234641e-12
test_09723,0.9881399114084182
test_09724,0.42960706302030977
test_09725,0.9999858073537105
test_09726,0.04490018540297819
test_09727,0.9999839790146312
test_09728,6.37993295342529e-09
test_09729,2.9024467077745435e-06
test_09730,0.9999985730043803
test_09731,0.03554093732116963
test_09732,0.2188362478021361
test_09733,0.01649939612807702
test_09734,5.995569732743035e-08
test_09735,0.07725426616075856
test_09736,0.00014850592495281568
test_09737,0.9999951418451676
test_09738,3.388340069003645e-10
test_09739,0.9028125132009043
test_09740,1.7163484216929258e-07
test_09741,0.42410242752927346
test_09742,9.711112583742697e-18
test_09743,0.9940868330261623
test_09744,0.9999999942476241
test_09745,0.9070388507364375
test_09746,0.9986953746994414
test_09747,0.9999999998839184
test_09748,0.12373587423998744
test_09749,0.9999984775892456
test_09750,0.9999997584772511
test_09751,0.9861607204553362
test_09752,0.507731796134727
test_09753,0.9861020518109794
test_09754,5.503012455952583e-10
test_09755,0.9532588662426871
test_09756,0.942973086887212
test_09757,0.6377461299921972
test_09758,6.8234987412512075e-06
test_09759,0.9999999998377148
test_09760,0.0006065849586464842
test_09761,0.11595387597921858
test_09762,0.0001428247437929222
test_09763,0.9907923625630108
test_09764,3.673224672952485e-09
test_09765,1.4337740861502543e-06
test_09766,0.008817349083967245
test_09767,1.5819785783705708e-06
test_09768,0.9913835706976082
test_09769,3.0334640365241004e-09
test_09770,0.0019354895295230423
test_09771,0.7855773873058971
test_09772,0.9998906362899704
test_09773,0.999999999703824
test_09774,5.33210313263586e-07
test_09775,6.198786820408778e-07
test_09776,0.9945306599816985
test_09777,0.9543525891016662
test_09778,0.10277674191720322
test_09779,0.974002155496924
test_09780,2.013535608462792e-07
test_09781,0.04489623678140478
test_09782,0.999999999999482
test_09783,0.9991635922635393
test_09784,0.0006614996226305561
test_09785,0.9998493897061234
test_09786,5.051392844999984e-07
test_09787,0.1577713688056355
test_09788,0.9856526138133189
test_09789,0.8193742906273205
test_09790,0.000370321675708441
test_09791,0.932340914166658
test_09792,0.44525766471042094
test_09793,0.17500604650921286
test_09794,3.05274816118031e-06
test_09795,0.09607662451127347
test_09796,0.013160514377367831
test_09797,0.0005142992115671101
test_09798,0.999999617492312
test_09799,0.9994418811562849
test_09800,0.8092295224458731
test_09801,0.21935498688763164
test_09802,0.9999999992897279
test_09803,0.9501082332401054
test_09804,0.9179823893892579
test_09805,0.9999999837498434
test_09806,0.9105238382597477
test_09807,0.999999999998404
test_09808,0.9999653114166369
test_09809,0.39004207951747827
test_09810,0.9999997769919393
test_09811,0.006818713113751318
test_09812,0.34281851795971696
test_09813,0.00023962347697227708
test_09814,0.9822280261081553
test_09815,0.00020666671492435256
test_09816,0.6751853996033003
test_09817,1.881750810430006e-05
test_09818,0.9999963137308365
test_09819,0.986575058227452
test_09820,0.9998128841328868
test_09821,2.958229885512508e-09
test_09822,0.9999828381177667
test_09823,0.9999999999097968
test_09824,0.9999998304995561
test_09825,0.9983956596813301
test_09826,0.9999980877520347
test_09827,0.9999998201664135
test_09828,0.9999999999997343
test_09829,0.523938366795905
test_09830,0.9999999999999986
test_09831,0.9999999973198666
test_09832,0.9984417076167962
test_09833,0.9999999999999998
test_09834,0.998329850614825
test_09835,1.992485969338511e-12
test_09836,0.9999894510878233
test_09837,0.9999999935593031
test_09838,0.9999999796501796
test_09839,0.9963917719151716
test_09840,0.45469320479257497
test_09841,0.9999989238055607
test_09842,0.0017433936886083463
test_09843,8.473674040572074e-10
test_09844,0.0024832407378023325
test_09845,0.9999995978060119
test_09846,0.9835881031397247
test_09847,7.586372559099936e-11
test_09848,0.6111112613844004
test_09849,0.9999997196469421
test_09850,0.9999999975461755
test_09851,0.9723894876784598
test_09852,0.9932041900145603
test_09853,0.9228660205487615
test_09854,0.9999859537744729
test_09855,0.0002038345946222202
test_09856,1.5625202367492447e-07
test_09857,0.9975998467014303
test_09858,0.5892550331950683
test_09859,7.685424914624052e-05
test_09860,0.00038133224519182096
test_09861,1.0
test_09862,0.2901732477100907
test_09863,0.9999392155936686
test_09864,0.9874456727533708
test_09865,5.805129924020767e-14
test_09866,0.3908226335624015
test_09867,7.199724961610969e-06
test_09868,0.9999999998867994
test_09869,0.9999991915465262
test_09870,0.10385174677180878
test_09871,0.026474640546437504
test_09872,0.5416124561078577
test_09873,0.9999985950574848
test_09874,2.486161810502597e-08
test_09875,0.9999999990718538
test_09876,0.9999995777893522
test_09877,0.0017232650943342675
test_09878,3.218236056350401e-05
test_09879,2.595649185129509e-12
test_09880,3.3419002091679242e-06
test_09881,0.9999999999998773
test_09882,0.07099808663425361
test_09883,0.24298997477557277
test_09884,0.999903432544303
test_09885,0.999719985026126
test_09886,0.9833628343311727
test_09887,0.2835381462861449
test_09888,2.691397865021234e-10
test_09889,0.9999302497812854
test_09890,0.2745308703482562
test_09891,3.79336078240339e-05
test_09892,0.9999999999972731
test_09893,0.006139923315810673
test_09894,0.9966150057505396
test_09895,0.0993368366837989
test_09896,3.0147474583566185e-08
test_09897,0.9996636681459494
test_09898,0.9937566686663367
test_09899,0.9997071153420872
test_09900,4.94638806507254e-07
test_09901,0.0010699844085268967
test_09902,0.9943113534248815
test_09903,6.134177248986283e-06
test_09904,4.495301402934374e-10
test_09905,0.9998790777102797
test_09906,0.9999999978570107
test_09907,0.9999395668168762
test_09908,8.08797513987452e-05
test_09909,0.09188269191820303
test_09910,0.009790119936095819
test_09911,0.9793717884099762
test_09912,0.8746092466690496
test_09913,0.5697132781370022
test_09914,0.06875318287355038
test_09915,4.1201124911503435e-07
test_09916,0.8922550691639086
test_09917,0.020041824947677526
test_09918,0.4736517637912527
test_09919,0.0007294593166797278
test_09920,0.00018645844199020656
test_09921,0.9998370652911701
test_09922,2.1950912190758594e-08
test_09923,0.5798521451915208
test_09924,0.9713411261677056
test_09925,0.9999999999962111
test_09926,0.9999999717021066
test_09927,0.054039178637957465
test_09928,5.8184118892966914e-05
test_09929,0.9903744560593055
test_09930,0.9999999939840563
test_09931,1.0551909023017952e-05
test_09932,0.9999999658813243
test_09933,0.07987200352457378
test_09934,0.007574868815195696
test_09935,4.029159128667395e-09
test_09936,1.0
test_09937,0.9995594782378563
test_09938,0.999604346350529
test_09939,0.363840876415998
test_09940,0.9907803064930596
test_09941,0.9999999860696893
test_09942,0.06241461593378625
test_09943,0.9999733706690425
test_09944,0.722506346405775
test_09945,0.9981383437538345
test_09946,2.313383882877272e-13
test_09947,0.9997682654644677
test_09948,0.9916501155251354
test_09949,0.0015919295743674546
test_09950,0.010053997288332077
test_09951,0.9999999999999505
test_09952,1.6712961019860408e-07
test_09953,0.1035655771039948
test_09954,0.10928529751260399
test_09955,5.170981103642194e-12
test_09956,0.999999999996707
test_09957,2.4762272629401786e-05
test_09958,0.7120886050492603
test_09959,0.47279508875605614
test_09960,0.9999999729982462
test_09961,0.0020131210802701825
test_09962,0.9062297554626646
test_09963,0.9997831002922641
test_09964,0.002492209690874515
test_09965,1.603394398447768e-05
test_09966,0.9999999825206922
test_09967,7.381211533746942e-08
test_09968,0.005488149262007627
test_09969,0.8230428171344741
test_09970,0.11287401085844409
test_09971,1.8746672195817698e-09
test_09972,0.9999999999995423
test_09973,0.5071421858751499
test_09974,0.9999999868120707
test_09975,0.0005276782999113388
test_09976,0.9996515237042147
test_09977,1.4392759860055045e-07
test_09978,0.5463657730043546
test_09979,0.9999999307153612
test_09980,0.334555985665274
test_09981,0.9851944424025367
test_09982,0.9999996886900036
test_09983,0.993626356302993
test_09984,1.3522325741427845e-12
test_09985,0.0001589399283851492
test_09986,0.9999999999990208
test_09987,0.08402017593791428
test_09988,0.9999971845440093
test_09989,0.9998470546493253
test_09990,2.0858675599478735e-08
test_09991,0.9999999853950579
test_09992,0.11645768972613742
test_09993,0.003557172838192323
test_09994,0.9999999904358805
test_09995,0.9999999953411154
test_09996,0.9999999491459104
test_09997,0.6005331625104997
test_09998,0.7870344489726295
test_09999,0.9999984780078
test_10000,0.9625565165281763
test_10001,0.999995392453398
test_10002,0.9999999998628886
test_10003,0.9986643467386294
test_10004,0.9999993442666902
test_10005,1.7665474523602611e-09
test_10006,0.9699501142630615
test_10007,0.9999999996619406
test_10008,0.687309590697321
test_10009,5.635380173710014e-14
test_10010,0.9993434288864569
test_10011,0.9578916211110498
test_10012,0.00020775451274021394
test_10013,0.0360019858209079
test_10014,4.915500817862594e-05
test_10015,0.00012660459194135205
test_10016,0.9933258454592084
test_10017,0.9691080857427525
test_10018,0.9982096712289019
test_10019,0.023922537501195683
test_10020,1.1252714059743131e-08
test_10021,0.00012696810300496885
test_10022,7.130424396673736e-05
test_10023,4.115241630707277e-08
test_10024,0.9999905420535944
test_10025,1.3120193650362087e-07
test_10026,0.9626852454960164
test_10027,0.08590783260381514
test_10028,1.2960259363610446e-07
test_10029,0.9987929251115933
test_10030,0.920841248238091
test_10031,0.42652904176771045
test_10032,0.00022288572431528595
test_10033,0.017353110867325827
test_10034,0.3254290242612974
test_10035,0.5020366715416836
test_10036,0.0007398757985566332
test_10037,0.9999999999469752
test_10038,0.9999962887113816
test_10039,5.362369709321081e-07
test_10040,0.9967485141188464
test_10041,0.458867554112105
test_10042,0.024543463210764425
test_10043,0.9927072342631257
test_10044,0.9999265874183341
test_10045,0.00014605264244660642
test_10046,0.9999999999999998
test_10047,0.000573618096158155
test_10048,0.20540500061682643
test_10049,0.9998226699420962
test_10050,0.9988119337865201
test_10051,0.008315470411919143
test_10052,0.9407520597062435
test_10053,0.23329740305465793
test_10054,0.9999999999999277
test_10055,0.009181175583367802
test_10056,0.9871904858862404
test_10057,0.999989247984948
test_10058,0.3517886840964193
test_10059,0.9999125337388978
test_10060,0.7641463529127523
test_10061,0.00021787181216667808
test_10062,3.082065946162453e-20
test_10063,0.9999971826620164
test_10064,3.5722753037205904e-10
test_10065,7.345900086663173e-06
test_10066,0.9999969117280081
test_10067,0.9984356096597844
test_10068,0.48163854337277456
test_10069,0.0002309816891432107
test_10070,0.03822110430341696
test_10071,0.9999035864732722
test_10072,0.0007110332957911518
test_10073,0.4641570088399083
test_10074,2.2391534409244026e-05
test_10075,0.9937782218876936
test_10076,5.390181152543481e-06
test_10077,0.9935180839635178
test_10078,1.0554542804665352e-06
test_10079,0.9759995028647381
test_10080,4.529011076805822e-05
test_10081,0.0132441024384585
test_10082,0.999999999999992
test_10083,0.9999999995722948
test_10084,0.997098978654904
test_10085,0.14887160945973088
test_10086,0.9912462434206861
test_10087,0.9997785203631058
test_10088,0.647382301108904
test_10089,0.2622735017325486
test_10090,0.9723698367855745
test_10091,0.9999993808365618
test_10092,0.9999999893341791
test_10093,0.9999999427126509
test_10094,9.039822361144309e-07
test_10095,0.9149427971150239
test_10096,1.0657675840630309e-10
test_10097,0.9999999999512887
test_10098,0.07381498387426645
test_10099,0.0008301772160692215
test_10100,0.9999999999999933
test_10101,0.9939707410400177
test_10102,8.18843144727062e-07
test_10103,0.005302311179168618
test_10104,0.9999854615808298
test_10105,0.9999969198403391
test_10106,3.0563703235285697e-12
test_10107,1.5847835755935472e-06
test_10108,0.9999525019590215
test_10109,2.3244234157751246e-12
test_10110,1.0028731550841967e-06
test_10111,0.07921957807424368
test_10112,0.0005242915577612669
test_10113,0.8886995924948453
test_10114,0.889717335946431
test_10115,2.6341249741788297e-08
test_10116,5.669291523256884e-10
test_10117,0.47515274300983373
test_10118,0.9999999128547238
test_10119,0.9999999999661637
test_10120,0.04051638825666498
test_10121,0.9738684690282122
test_10122,0.005060471467454609
test_10123,0.4074963361540829
test_10124,0.4897937938095988
test_10125,0.011864160991700335
test_10126,1.2183796776159227e-12
test_10127,1.1766120024745986e-09
test_10128,0.2594927788487253
test_10129,0.9997012133178844
test_10130,0.15833885686100432
test_10131,4.611734274679801e-09
test_10132,0.02184599452926801
test_10133,1.5847789021190632e-06
test_10134,0.019681208730088343
test_10135,0.0020142479202173336
test_10136,0.052074517618522394
test_10137,0.0022005921854237275
test_10138,0.9999993443046029
test_10139,0.5296416425759483
test_10140,4.0779500268796e-09
test_10141,1.4847335095899268e-05
test_10142,0.0014387896558857533
test_10143,0.04416280763528297
test_10144,0.5068772801262287
test_10145,5.0632000843379985e-05
test_10146,0.055308954807548286
test_10147,0.9969386313035644
test_10148,0.9959401936787382
test_10149,0.050448731596232
test_10150,0.9976024781113064
test_10151,1.6697925408897898e-06
test_10152,0.03614618896047759
test_10153,0.9973677069894764
test_10154,0.9999998263910574
test_10155,0.7224709335414274
test_10156,0.9999985499410937
test_10157,0.04644951048641714
test_10158,7.21227947342822e-08
test_10159,9.412832791914787e-11
test_10160,1.4146160559679206e-05
test_10161,0.9999994909745571
test_10162,0.9999960559628582
test_10163,0.999993665286455
test_10164,0.0007502983088589483
test_10165,6.33609096848389e-08
test_10166,0.9999999992131423
test_10167,0.9999999999815208
test_10168,0.9999999967247635
test_10169,0.999988870208165
test_10170,3.000622452338588e-08
test_10171,7.796233953309769e-05
test_10172,4.570891974901191e-12
test_10173,0.9999949034739868
test_10174,0.9999999995054287
test_10175,0.674631373052786
test_10176,3.0163425047523747e-05
test_10177,1.8215381280666314e-09
test_10178,1.5576039305234283e-07
test_10179,6.183760642831945e-06
test_10180,0.4579244573824269
test_10181,0.001202281859840587
test_10182,0.9989774487561378
test_10183,2.382087083928724e-07
test_10184,0.006698003795991982
test_10185,0.9462835523351141
test_10186,0.0010131373722973948
test_10187,0.9998949285838161
test_10188,0.9999999999997988
test_10189,0.9946826048715273
test_10190,0.9999999890098328
test_10191,0.9999999999984731
test_10192,6.065275212294112e-07
test_10193,0.9554459455622143
test_10194,0.8817648534201198
test_10195,0.9568788749685933
test_10196,5.969306427619601e-05
test_10197,0.9680892095720074
test_10198,7.806732408590185e-06
test_10199,5.19183691385407e-08
test_10200,0.38467942745839395
test_10201,3.3463335561334643e-10
test_10202,0.8510623963057772
test_10203,0.9073331622495437
test_10204,7.72981722633486e-09
test_10205,0.48802533856454466
test_10206,0.7202371911882893
test_10207,1.09151312825994e-08
test_10208,0.790717392313911
test_10209,0.9999999999995575
test_10210,0.9962554650149393
test_10211,0.04937553875786593
test_10212,0.9999980937277466
test_10213,4.6622094108378376e-07
test_10214,0.9859571107949591
test_10215,0.2678238011694789
test_10216,0.78869286042893
test_10217,0.999896084988251
test_10218,0.8826821395725808
test_10219,0.45645831349210664
test_10220,0.15300859726571087
test_10221,0.027566098360242965
test_10222,0.9999999644299449
test_10223,0.7020212906156401
test_10224,0.6606079086743989
test_10225,0.1730398907985768
test_10226,8.920468428679099e-08
test_10227,5.3280246307636686e-08
test_10228,2.0678038928989577e-07
test_10229,0.337770667711886
test_10230,0.000179307437150541
test_10231,0.9999537871667903
test_10232,0.999816289456365
test_10233,0.9651968526728111
test_10234,3.416068864402884e-06
test_10235,2.2072295260470285e-06
test_10236,0.6249129183481337
test_10237,0.8807737359175072
test_10238,0.0011610374238397885
test_10239,0.9699823331552961
test_10240,0.9999999095658633
test_10241,1.184550883658337e-06
test_10242,0.9999865060801494
test_10243,0.9873781558536919
test_10244,0.4193024533186277
test_10245,0.8849092284739346
test_10246,0.9994775090284351
test_10247,0.9992781052200475
test_10248,0.8369184326540726
test_10249,8.251077344234291e-06
test_10250,0.37506547871685886
test_10251,0.9968730740474007
test_10252,1.3291202798884168e-07
test_10253,0.9944067821283893
test_10254,2.6889621161623854e-09
test_10255,1.734963940446053e-05
test_10256,0.9999764406258103
test_10257,1.851931585758913e-05
test_10258,0.9999999999981832
test_10259,0.004456864569757556
test_10260,0.4366954886482557
test_10261,0.9999999999352815
test_10262,0.6177112807223373
test_10263,0.9966901616549513
test_10264,0.9468585270258585
test_10265,4.040444709970102e-07
test_10266,1.7755456411031776e-06
test_10267,0.9999960088395582
test_10268,0.9999967961722261
test_10269,0.03254634498027977
test_10270,4.692387806451392e-16
test_10271,6.936394292541843e-05
test_10272,0.00010351841008200273
test_10273,3.1702968610799476e-10
test_10274,0.5329875129398507
test_10275,0.9999763423035657
test_10276,0.999999983362455
test_10277,0.9268265081658287
test_10278,0.9999693152931463
test_10279,0.09391781596753009
test_10280,0.7247240582669308
test_10281,4.678631148674742e-06
test_10282,0.03819508587155035
test_10283,9.105115049808544e-11
test_10284,0.999507771612661
test_10285,0.9848133850612724
test_10286,0.01087934145340675
test_10287,0.3576985062532254
test_10288,0.9999999988941359
test_10289,0.5693778429390957
test_10290,0.9976927848317063
test_10291,0.614497784918184
test_10292,0.023871078573181444
test_10293,0.9999999999871529
test_10294,0.4657018145397711
test_10295,0.5561690762808278
test_10296,0.9999999248345843
test_10297,0.23711433126862544
test_10298,5.606795547036468e-05
test_10299,0.00018812562378719557
test_10300,0.003222750167749942
test_10301,0.1713198292955396
test_10302,0.9999999998828846
test_10303,0.999999999999011
test_10304,0.9990032323621172
test_10305,0.9999911894913018
test_10306,0.0022975800547182625
test_10307,5.4477794297339554e-08
test_10308,7.285505580136742e-10
test_10309,0.9999998481991579
test_10310,0.0006013553230949359
test_10311,2.764796941906913e-07
test_10312,6.911783520997628e-05
test_10313,0.3455778304554468
test_10314,0.9999646806763833
test_10315,4.4728000679187574e-07
test_10316,0.9999994102037179
test_10317,9.962558764654007e-07
test_10318,0.9975243914598575
test_10319,0.9907382994211926
test_10320,0.9773011714241366
test_10321,0.9999278644466074
test_10322,2.102026167819358e-06
test_10323,0.0007020658387400305
test_10324,0.49794218092686177
test_10325,0.9999999999978462
test_10326,0.9999860280445724
test_10327,0.9999999999949343
test_10328,1.1043888357973628e-05
test_10329,0.9999999999867171
test_10330,1.1134324195767203e-10
test_10331,0.9714381518212456
test_10332,0.9999999863199369
test_10333,0.9999999525324721
test_10334,0.004326620899190493
test_10335,0.001822170786031169
test_10336,0.9999999999846976
test_10337,0.4389960454951759
test_10338,0.9990722501684743
test_10339,0.9999972948758787
test_10340,0.9998396512539461
test_10341,4.551574651094337e-09
test_10342,0.9852979510926215
test_10343,0.9993468805842242
test_10344,0.4362864065169494
test_10345,0.43923388744741726
test_10346,0.9997117629176524
test_10347,0.9617231043900156
test_10348,0.9978881924197345
test_10349,0.028514884863277044
test_10350,0.4365757247872534
test_10351,0.00020199222341534608
test_10352,4.709368759797932e-05
test_10353,2.3887932036615556e-15
test_10354,0.9999999999910343
test_10355,0.5882312375602479
test_10356,1.9282563669210253e-07
test_10357,2.444250842152055e-06
test_10358,0.9997544616424054
test_10359,1.0572052753092472e-05
test_10360,0.0001718271568185037
test_10361,0.999665661309713
test_10362,0.9970326970491856
test_10363,0.6890193262923144
test_10364,0.9999999487039453
test_10365,0.0002597638902182033
test_10366,1.2226812447861841e-05
test_10367,0.1241241056704969
test_10368,0.5126890430190535
test_10369,0.8947604207040711
test_10370,0.8888076757873125
test_10371,0.9999984875250005
test_10372,0.011252825181096075
test_10373,0.991395795913653
test_10374,7.004265041479335e-08
test_10375,0.9999999997733122
test_10376,0.9991341966191474
test_10377,3.8764827157414324e-11
test_10378,0.029433738324502908
test_10379,0.5577939127339401
test_10380,0.9999996822215538
test_10381,0.9818761680367261
test_10382,0.9999999980713634
test_10383,0.9838629001042286
test_10384,2.157725847773331e-05
test_10385,0.015398032272091688
test_10386,0.999999796146367
test_10387,0.9999999999895757
test_10388,2.8075992908926723e-09
test_10389,8.400808436917408e-16
test_10390,8.555445305463596e-05
test_10391,5.756847399804966e-10
test_10392,0.009182682404588628
test_10393,1.6885295589315307e-13
test_10394,0.005480625411808444
test_10395,0.8372603163738832
test_10396,0.0008270889748260665
test_10397,2.911612571582454e-07
test_10398,0.9999990209516092
test_10399,5.0779481987315865e-14
test_10400,0.9999997630020969
test_10401,0.0020121108621625108
test_10402,0.8210628562691725
test_10403,0.014289025661771381
test_10404,0.028789459092002204
test_10405,0.6051586417604439
test_10406,0.9999999983555067
test_10407,0.9999977087430918
test_10408,0.9999630338708556
test_10409,6.668361694095685e-06
test_10410,1.4814682570366904e-05
test_10411,0.9720232283334435
test_10412,0.00033768920458714373
test_10413,0.13459509199347863
test_10414,1.4978894046897174e-07
test_10415,0.9998171401631359
test_10416,0.08326261596245121
test_10417,0.296049775219305
test_10418,0.9724496144984511
test_10419,0.9999999793418288
test_10420,0.9759675901174099
test_10421,0.9625885607921139
test_10422,0.014010334753281705
test_10423,0.9999999994819675
test_10424,0.9999999995514258
test_10425,0.10572715970422061
test_10426,0.9999417691131944
test_10427,0.9999904399911113
test_10428,0.5078638105400501
test_10429,0.07929503532319293
test_10430,1.4125329525572122e-07
test_10431,0.2761196377929249
test_10432,0.00010007317914449347
test_10433,0.9999930096675167
test_10434,0.9999921349429981
test_10435,0.00011216680656512919
test_10436,3.4764547105357186e-08
test_10437,0.00024194375699275713
test_10438,0.9999999999993174
test_10439,0.0005221460214160144
test_10440,5.393848924498561e-11
test_10441,0.4869430875927718
test_10442,0.0001276752626330087
test_10443,0.9983345736239887
test_10444,0.38045143924135494
test_10445,0.6016500945475999
test_10446,0.9999999999999589
test_10447,0.9999999711995178
test_10448,0.00016608100740920004
test_10449,0.9288523592409015
test_10450,0.9999956046847567
test_10451,0.9999999993135003
test_10452,0.24327084137808352
test_10453,0.8873575461163465
test_10454,0.017889611689183075
test_10455,0.0011977558204055482
test_10456,0.005729462902861204
test_10457,0.9999917369358182
test_10458,2.395567335681862e-06
test_10459,0.326698410386034
test_10460,0.31304921898439264
test_10461,0.9825133992909482
test_10462,0.02582811908522337
test_10463,5.700059472995745e-05
test_10464,0.8524366121452399
test_10465,1.8586950300375298e-05
test_10466,0.9999999999999942
test_10467,0.9999999672188122
test_10468,0.999956878810792
test_10469,0.007822697923621532
test_10470,0.9999975467001574
test_10471,0.7111277868664763
test_10472,0.998147590603166
test_10473,0.9999999999971556
test_10474,0.999987459054918
test_10475,0.9999924090138521
test_10476,1.3498923525452208e-08
test_10477,0.3514244225999129
test_10478,0.00034286855924277413
test_10479,0.9999986094589695
test_10480,0.9997524795210601
test_10481,0.3275901931703409
test_10482,0.48224723722336543
test_10483,0.8154873763645198
test_10484,0.9143498038713345
test_10485,1.170151788368697e-08
test_10486,3.12602358471995e-05
test_10487,0.9999999999860099
test_10488,3.244984351509363e-06
test_10489,6.50123562891727e-07
test_10490,0.9999999994370832
test_10491,4.45499840765776e-07
test_10492,1.4773885631963643e-05
test_10493,0.9999999998850536
test_10494,0.051260912471834286
test_10495,0.999999915483099
test_10496,5.410162906384835e-06
test_10497,7.215235435892372e-08
test_10498,7.580873770417989e-10
test_10499,0.8675486813968012
test_10500,0.9999995686522751
test_10501,0.004851948380808557
test_10502,5.001602677910379e-11
test_10503,0.437432000531533
test_10504,0.1516151910902661
test_10505,0.9952994635199992
test_10506,0.9999999952426988
test_10507,0.03712560318144055
test_10508,0.9999966986260538
test_10509,0.9999397338017904
test_10510,0.8458569104943519
test_10511,1.3332998795203521e-08
test_10512,3.357912319150405e-05
test_10513,0.9999986591136545
test_10514,0.9999992252568722
test_10515,2.4631644859340238e-05
test_10516,0.9985216663544905
test_10517,0.9999848924788513
test_10518,0.026195466817521714
test_10519,1.5479454584433856e-05
test_10520,0.9999999999999594
test_10521,0.99994108227925
test_10522,0.5013167298492534
test_10523,0.9998195338798128
test_10524,0.9999999999999789
test_10525,0.9994414969731676
test_10526,0.999761166602847
test_10527,0.9989720088858347
test_10528,0.9999731161885321
test_10529,0.9999998533141384
test_10530,0.0022657799314072273
test_10531,0.9999999929562119
test_10532,0.3513834865409597
test_10533,0.9999993245671693
test_10534,6.002244205424322e-08
test_10535,0.00027298397703480633
test_10536,0.9954896794812547
test_10537,0.9999769858151584
test_10538,6.587422276304398e-06
test_10539,0.9989249438835921
test_10540,0.00032725187797166903
test_10541,1.3303662411654564e-05
test_10542,0.9999994740886131
test_10543,0.9999999999898841
test_10544,0.00015057013878731228
test_10545,0.04415042372955225
test_10546,0.9999944587740959
test_10547,0.9999575774614863
test_10548,0.00021592839184300793
test_10549,0.004734100257749393
test_10550,0.9999999999918846
test_10551,7.434014376152589e-09
test_10552,0.781268236713861
test_10553,3.940908688916589e-07
test_10554,0.999999995592439
test_10555,0.9994138846016598
test_10556,0.0002559334256730241
test_10557,0.6034311012377971
test_10558,3.530232799961032e-05
test_10559,0.8950736852968944
test_10560,0.9999861910885003
test_10561,0.07979941231592873
test_10562,0.9999083553813333
test_10563,0.9989982061952365
test_10564,0.999999525297611
test_10565,0.5354489283056991
test_10566,0.999999999970093
test_10567,0.10891603896853966
test_10568,0.9999999993898054
test_10569,0.00020554496315088614
test_10570,0.9283554163422043
test_10571,0.9582390721671329
test_10572,0.9999940209184013
test_10573,0.9999999999999607
test_10574,0.4290826905916884
test_10575,0.9999999867530156
test_10576,0.9999972265856496
test_10577,0.6685994292322215
test_10578,1.6968436826741339e-06
test_10579,2.34129710280052e-07
test_10580,0.41547845063876204
test_10581,0.0006916011608559528
test_10582,0.9999998934415923
test_10583,0.00012533998418466256
test_10584,0.6903425874503004
test_10585,4.280943232492547e-06
test_10586,5.856531584948832e-10
test_10587,0.13717481269262616
test_10588,5.165145639493889e-07
test_10589,0.08621443021675113
test_10590,0.009755058372052174
test_10591,7.515373068043107e-08
test_10592,0.0020563288206137216
test_10593,0.99999239931889
test_10594,0.9955481210819053
test_10595,2.49588880000526e-05
test_10596,0.9999986153501248
test_10597,1.4291239318841643e-05
test_10598,0.9992172126237158
test_10599,0.9687950965364236
test_10600,0.1721696714757288
test_10601,4.7560902424609247e-07
test_10602,0.9990309748349193
test_10603,0.9999999998749658
test_10604,0.9999999980789442
test_10605,0.9999999772043127
test_10606,0.9999950506020561
test_10607,0.9999996007293752
test_10608,0.08002231288651254
test_10609,0.9999999996221833
test_10610,1.8935094025856113e-09
test_10611,0.735789760204316
test_10612,0.00702141614126897
test_10613,7.012940301424359e-05
test_10614,0.6302849017053501
test_10615,0.9999999999999272
test_10616,0.9999999993811037
test_10617,0.6825217922177609
test_10618,0.999992318299241
test_10619,0.9998167300581988
test_10620,0.9999997966610701
test_10621,0.8935172913033149
test_10622,0.9752279002379656
test_10623,4.009373584902862e-09
test_10624,0.9999977671993419
test_10625,0.5622729356421423
test_10626,9.608873360128044e-09
test_10627,0.4074776829996656
test_10628,0.9997348363703807
test_10629,0.6480217414715868
test_10630,0.9999996262174942
test_10631,0.24683957660995842
test_10632,0.9999993909490837
test_10633,0.9999999999999931
test_10634,0.9999882583798377
test_10635,3.30413307498938e-19
test_10636,0.9999999987824846
test_10637,0.9999991805685079
test_10638,1.8248421089079549e-09
test_10639,0.9999979950002577
test_10640,1.2006410866213834e-05
test_10641,0.9998962435850332
test_10642,0.3969317998637188
test_10643,0.999329339698968
test_10644,0.5105305798090516
test_10645,0.13570591242399788
test_10646,1.9142703560064878e-08
test_10647,3.8118418966869895e-06
test_10648,0.9977953999807312
test_10649,0.9983806326556098
test_10650,0.6378616171787251
test_10651,0.618791581987953
test_10652,0.034748929907086015
test_10653,0.9999999998068563
test_10654,0.0015545549833176017
test_10655,5.367726932518813e-08
test_10656,0.9999469829816898
test_10657,0.0004451396911452234
test_10658,0.9999999677434042
test_10659,0.005968133889818915
test_10660,0.9657580035623725
test_10661,0.8138980239516291
test_10662,2.9370705695550493e-11
test_10663,6.257400205692649e-08
test_10664,0.9999999875384429
test_10665,0.9977379830691744
test_10666,0.9404596621810024
test_10667,2.3386887453765726e-10
test_10668,0.999999999975923
test_10669,0.9999987266276105
test_10670,1.690441140225565e-06
test_10671,0.38625747619623974
test_10672,1.577427123501125e-07
test_10673,0.6575865136486991
test_10674,0.6622940788973167
test_10675,9.388742378873378e-07
test_10676,0.9999997205348968
test_10677,0.9999956508181005
test_10678,0.7256961479332609
test_10679,0.9249455634062764
test_10680,0.026098794985182427
test_10681,0.9999580503763987
test_10682,0.9999985122439339
test_10683,1.94569528161172e-13
test_10684,9.446838461833694e-08
test_10685,0.07084209494892134
test_10686,0.9999999999412874
test_10687,0.0008050051636397262
test_10688,0.24728451372730959
test_10689,1.7008337273480426e-07
test_10690,0.0018993307054508612
test_10691,1.659719004161634e-11
test_10692,0.9586886879532518
test_10693,1.5397184686329779e-09
test_10694,0.9636357716979311
test_10695,0.999990316101756
test_10696,0.5705787780116207
test_10697,2.584018784627434e-07
test_10698,0.9998871230451625
test_10699,0.999996853507988
test_10700,2.0593703957513264e-05
test_10701,0.9278745930173361
test_10702,6.201596147840903e-08
test_10703,0.004066828704541841
test_10704,0.9553306369265443
test_10705,0.9999996472315282
test_10706,8.498664107089856e-05
test_10707,0.9999864612581981
test_10708,0.9999981667308743
test_10709,0.9976623389342303
test_10710,0.999996657919987
test_10711,0.9999896064876975
test_10712,0.9999999994073102
test_10713,1.53068706145844e-09
test_10714,0.9960793245636461
test_10715,1.1260866855245803e-14
test_10716,0.9029679598416047
test_10717,0.9999984636194881
test_10718,0.4862396874072976
test_10719,0.9999934592555073
test_10720,0.9999864954018285
test_10721,0.0011486849124429572
test_10722,0.999996554680843
test_10723,0.00010763596214763653
test_10724,0.0030740688281003137
test_10725,8.319430238276693e-07
test_10726,0.9999982868312256
test_10727,1.1101055657415777e-06
test_10728,3.8024414615107517e-13
test_10729,2.1002276990093673e-14
test_10730,0.08031771340095922
test_10731,0.0003302858838326976
test_10732,0.9435739598380889
test_10733,5.460146882253264e-13
test_10734,0.0006155842859137815
test_10735,0.9999999903391767
test_10736,1.938951283524998e-05
test_10737,0.00013176139445493566
test_10738,0.9999999999999938
test_10739,0.9999761933817835
test_10740,0.9987109789053634
test_10741,0.9999999517483154
test_10742,2.6303340809596544e-06
test_10743,0.9999885576436787
test_10744,7.54277006300267e-11
test_10745,2.862266863570616e-10
test_10746,0.016410046892537382
test_10747,0.9999999999969993
test_10748,0.955926456395189
test_10749,0.9999999999732232
test_10750,0.963405795280855
test_10751,2.198867264386627e-05
test_10752,0.9326605010825311
test_10753,0.999999999999855
test_10754,0.999999999724787
test_10755,3.538523152744432e-12
test_10756,0.9136550059289615
test_10757,0.0409105488526042
test_10758,1.5632078583869114e-06
test_10759,0.7287983726395328
test_10760,0.002655609657360748
test_10761,7.641281951689908e-05
test_10762,0.9999770326676434
test_10763,0.9978266943284348
test_10764,0.745221499864338
test_10765,0.9998851751921938
test_10766,0.988426665637919
test_10767,5.667413433427141e-10
test_10768,0.9999999991583375
test_10769,0.0004653707929591366
test_10770,1.0790001047835707e-05
test_10771,0.898700396482047
test_10772,2.8080801231177987e-11
test_10773,0.9999991877641197
test_10774,0.9953584288126632
test_10775,0.0041253739501939555
test_10776,0.2770107319319964
test_10777,1.5375699712006034e-09
test_10778,0.9995621627804256
test_10779,0.9797689656825573
test_10780,0.9999996243378301
test_10781,0.9999952189594272
test_10782,0.004909099015913715
test_10783,0.04418636676175485
test_10784,7.544679685533043e-06
test_10785,0.9998043475580638
test_10786,0.9999998882158558
test_10787,0.9999496833364985
test_10788,0.0010618871960959236
test_10789,2.3717242314582977e-05
test_10790,0.5128928329563665
test_10791,0.46652508347870547
test_10792,0.9999434503156424
test_10793,0.9442972807626518
test_10794,0.9626827156370692
test_10795,1.1631856105608908e-09
test_10796,0.9989168709862377
test_10797,0.9984084534412833
test_10798,0.9999999998045043
test_10799,2.921337422832321e-08
test_10800,0.9999943958043798
test_10801,6.97934027864246e-11
test_10802,0.02777297549176609
test_10803,0.9999999999998688
test_10804,0.8057044475252401
test_10805,7.071721004173114e-05
test_10806,0.9999999882181667
test_10807,0.9999634205856183
test_10808,0.9999999999312558
test_10809,0.9996622175926141
test_10810,0.37027706749605627
test_10811,0.005558474155254147
test_10812,6.516608323669427e-11
test_10813,3.999656667835072e-08
test_10814,8.536883689447065e-10
test_10815,0.9924220125825486
test_10816,0.07055360502380367
test_10817,0.9500194269929252
test_10818,0.9999997961327496
test_10819,0.9984746830507656
test_10820,9.033679126616197e-07
test_10821,4.830709585973878e-05
test_10822,0.9992306946503555
test_10823,0.9263913054338244
test_10824,1.722083582515681e-06
test_10825,0.999331331397908
test_10826,0.9999999893073682
test_10827,0.9455045158064022
test_10828,0.9999838979432518
test_10829,0.07388022802343996
test_10830,0.999999998896291
test_10831,0.8611865520448723
test_10832,0.4747524510422234
test_10833,0.9990241803685878
test_10834,0.9993394745186146
test_10835,0.40742874259831247
test_10836,0.0007755721917604314
test_10837,0.38587477198373654
test_10838,5.982151918304872e-11
test_10839,0.01320781464209331
test_10840,0.9999999372205716
test_10841,6.977691309092829e-10
test_10842,0.9480856161947213
test_10843,2.1501758911058532e-14
test_10844,0.0010508010377134945
test_10845,5.5096488712930555e-08
test_10846,0.9999966569204126
test_10847,0.22110312384393155
test_10848,7.375027514847532e-06
test_10849,0.00036580938803131886
test_10850,2.4060982128335478e-06
test_10851,3.823793796445801e-15
test_10852,0.0047435837730558945
test_10853,0.2657008371036882
test_10854,0.5703088302453024
test_10855,3.080004844878666e-09
test_10856,0.006061533932381316
test_10857,0.9985954383636171
test_10858,6.076804515483068e-05
test_10859,0.9999806502980177
test_10860,0.0005259346344670352
test_10861,0.3024283081326923
test_10862,0.9879063756193368
test_10863,0.9999993270690948
test_10864,0.008370275264364974
test_10865,0.9999072611109414
test_10866,0.9999969899876333
test_10867,0.9993234473624064
test_10868,7.213052269835071e-12
test_10869,7.919253502019837e-05
test_10870,7.594175423318503e-07
test_10871,0.00020208311316744615
test_10872,0.9999999999238572
test_10873,0.999999999999603
test_10874,0.6854524976497134
test_10875,0.3536549143534427
test_10876,0.26696564860749694
test_10877,0.9999984578697769
test_10878,0.9999999993853399
test_10879,6.360972007136986e-06
test_10880,0.4255250921023974
test_10881,1.926598416545727e-09
test_10882,0.00023528574029964175
test_10883,0.780754621064271
test_10884,0.999999955897384
test_10885,0.5287181439645324
test_10886,0.8167911254838203
test_10887,0.9999999999985016
test_10888,0.9999784505391336
test_10889,0.6240477738127381
test_10890,0.01010235942910819
test_10891,0.014262927073107877
test_10892,0.9999684274910772
test_10893,0.0001361801210760226
test_10894,3.106903825254434e-11
test_10895,0.9833015378010858
test_10896,4.789064253642059e-06
test_10897,0.00017451066872890486
test_10898,0.5033063132009807
test_10899,0.4537014093112858
test_10900,0.09588430036596464
test_10901,0.996958415866884
test_10902,0.999999642655044
test_10903,0.9999617584174243
test_10904,0.9999999932065506
test_10905,0.999830285548361
test_10906,0.9997234318635793
test_10907,6.015865103779764e-05
test_10908,0.1651702602932869
test_10909,0.9999994412135795
test_10910,1.8392128031133234e-05
test_10911,3.23435628958877e-08
test_10912,0.9999845467567483
test_10913,7.856312823821516e-06
test_10914,0.6463572792460452
test_10915,0.058075146433384336
test_10916,0.48159582603653645
test_10917,0.8351620229333421
test_10918,0.0007631177196470706
test_10919,0.41405801465286274
test_10920,0.9999999999679602
test_10921,0.9670692260433763
test_10922,0.9805954265156196
test_10923,0.9999999201080798
test_10924,0.9998535182189646
test_10925,0.9999977864564655
test_10926,7.65522314819102e-06
test_10927,0.9999999402782048
test_10928,2.0819253655547034e-10
test_10929,3.548239446489974e-09
test_10930,0.999930893609605
test_10931,0.06233209726328866
test_10932,0.9999642157541462
test_10933,0.9999999999967695
test_10934,2.6741362306910926e-07
test_10935,1.2094575174958387e-05
test_10936,0.9970115827717333
test_10937,0.9600398846509874
test_10938,2.376036633221423e-06
test_10939,0.9501751225928309
test_10940,1.527590991810096e-09
test_10941,3.1648797787365615e-05
test_10942,0.018481907398379956
test_10943,0.0002534563251944619
test_10944,0.9999999999061443
test_10945,4.936241837808812e-12
test_10946,6.039859288474977e-13
test_10947,0.9999999746396071
test_10948,0.1541197779030073
test_10949,7.785300563348385e-07
test_10950,0.003890335985382714
test_10951,0.9998652037577154
test_10952,4.0069704254747396e-11
test_10953,0.9751251753368434
test_10954,0.9999958063268612
test_10955,0.9999690375994179
test_10956,1.8117716596162074e-11
test_10957,1.8290930723930653e-09
test_10958,5.077045031231066e-07
test_10959,0.0015815973746923148
test_10960,0.989900155779146
test_10961,0.15019816396799615
test_10962,0.562233643618101
test_10963,0.00043864401186152193
test_10964,1.3722667961383514e-09
test_10965,0.002201654397796876
test_10966,0.030102133118452244
test_10967,0.9999980132154833
test_10968,6.54487833929726e-09
test_10969,0.9999141399564299
test_10970,0.009084002676950432
test_10971,0.5908059839185488
test_10972,0.9999980377107123
test_10973,0.000571543696878634
test_10974,0.061991473564690036
test_10975,0.9999999991579183
test_10976,0.9999995695857641
test_10977,0.4378145114448132
test_10978,0.9998892043052685
test_10979,3.612335725924737e-05
test_10980,0.7592791986281792
test_10981,0.9827890915038147
test_10982,0.999999585371233
test_10983,6.509605569488746e-05
test_10984,0.858256188992002
test_10985,0.9992321239329245
test_10986,0.020945411278953944
test_10987,0.999999983703808
test_10988,0.004944058295809351
test_10989,0.0011322750915300512
test_10990,8.765955071236586e-06
test_10991,0.00018425122290708984
test_10992,0.9999910956418805
test_10993,0.9999847913663839
test_10994,0.00041755519666211916
test_10995,2.5910162494033062e-14
test_10996,0.9995770978419116
test_10997,0.999153096346356
test_10998,0.00026997092589198875
test_10999,0.08705640575920845
test_11000,0.0002975490404513657
test_11001,0.8841579826598231
test_11002,0.023243884167017684
test_11003,4.801330035444719e-07
test_11004,2.2323952153513278e-06
test_11005,0.882325194488897
test_11006,0.00019471625352890392
test_11007,0.011544916654724013
test_11008,0.0007714131573969682
test_11009,6.615509606169801e-12
test_11010,0.9965340002498582
test_11011,0.7621234496301945
test_11012,0.44729510170121994
test_11013,0.3736008164852126
test_11014,0.9998976216630984
test_11015,0.5490040357043313
test_11016,0.11680494502397729
test_11017,0.007376053529523977
test_11018,0.9999971902658866
test_11019,0.000676586078572354
test_11020,0.6198493239864775
test_11021,0.9999893068981651
test_11022,0.00031481623334970565
test_11023,0.003928061782437611
test_11024,0.9999999999999999
test_11025,0.9999999957190637
test_11026,0.9999996341370367
test_11027,0.9999010257428012
test_11028,0.9999481719597574
test_11029,0.8265720221998338
test_11030,0.9184753675566603
test_11031,0.014496152524744937
test_11032,9.324659427504594e-07
test_11033,0.23016292332177413
test_11034,0.0007525325627427948
test_11035,0.9999988469172278
test_11036,0.9999995038843992
test_11037,2.2017567265556556e-05
test_11038,0.9999710553588941
test_11039,0.6318681604663685
test_11040,0.9999982517567036
test_11041,7.643595342093744e-10
test_11042,0.18276638878800702
test_11043,0.9968430377753026
test_11044,0.9999999935123174
test_11045,0.999995683902863
test_11046,0.9999996987330186
test_11047,0.9999999893641933
test_11048,0.9971777754366495
test_11049,0.6810567597282213
test_11050,6.198397734538622e-11
test_11051,0.5739056970443988
test_11052,0.999999949553523
test_11053,0.979659679210005
test_11054,0.9996498174155546
test_11055,0.17635876541186707
test_11056,0.9288240710661855
test_11057,4.3198885398604685e-06
test_11058,0.9749069291310115
test_11059,6.4309785509706465e-12
test_11060,0.9981099258575825
test_11061,6.243545909675408e-09
test_11062,0.9999709277441408
test_11063,0.06602466364432857
test_11064,0.9823489183787674
test_11065,0.9999998788829736
test_11066,0.9999972106018846
test_11067,1.3574324739102929e-05
test_11068,7.815316315629277e-07
test_11069,0.999997557759355
test_11070,0.9999999999961824
test_11071,0.9999999979152094
test_11072,3.0860836565202825e-05
test_11073,9.603831888245206e-09
test_11074,1.0033640316249541e-06
test_11075,0.9999999999877521
test_11076,0.9996052797553878
test_11077,1.6992238957773334e-13
test_11078,3.243505029853324e-05
test_11079,0.9960280128717165
test_11080,5.700488100098304e-07
test_11081,0.5942800322462003
test_11082,7.90642005779674e-09
test_11083,4.753449554102454e-06
test_11084,0.9999993803055987
test_11085,1.8656086516055944e-11
test_11086,0.08393539799115607
test_11087,0.971675756106599
test_11088,1.6301349497306376e-06
test_11089,0.011260222942902916
test_11090,0.9260290258015735
test_11091,0.9939031180818653
test_11092,5.437128252848159e-05
test_11093,0.9770032648354543
test_11094,0.46689624791731105
test_11095,0.9999999999999982
test_11096,2.807016535925457e-07
test_11097,0.6684998760880791
test_11098,0.0007888120035065465
test_11099,0.9999982979839833
test_11100,0.9999996223357634
test_11101,5.5019418236802965e-09
test_11102,0.5390920166910725
test_11103,0.999999995652677
test_11104,0.5175823147892811
test_11105,3.937030727635866e-07
test_11106,0.6242789606407375
test_11107,0.9999181570353042
test_11108,0.9999525195665314
test_11109,0.9999999988604291
test_11110,0.9932718768370405
test_11111,0.5277585860685701
test_11112,0.9894910182018695
test_11113,0.9993990838230922
test_11114,0.9660029345474136
test_11115,0.9947589542456108
test_11116,0.9999999980646411
test_11117,0.9953307205046856
test_11118,0.9914150575680412
test_11119,0.9834545396499037
test_11120,0.009990980585973327
test_11121,0.9908561384998004
test_11122,0.6019911775252424
test_11123,0.9712505996820815
test_11124,0.9997928104752001
test_11125,0.9999999987925169
test_11126,0.9999999999829383
test_11127,0.9712161774733816
test_11128,0.006417646144625912
test_11129,0.5981568675403383
test_11130,0.9999199799761945
test_11131,0.18568002070751255
test_11132,0.9953870713765216
test_11133,3.852910170884607e-06
test_11134,0.34375998264487323
test_11135,0.9960431286547531
test_11136,0.999999999995195
test_11137,0.13166218981136316
test_11138,0.9824043516298449
test_11139,0.026549403605069924
test_11140,0.022954636680186352
test_11141,0.9968584874240422
test_11142,9.527771325513587e-10
test_11143,0.8132435734100754
test_11144,0.9999993541255269
test_11145,0.008298258043526525
test_11146,4.44708562015535e-11
test_11147,0.9998687020093393
test_11148,0.0005434752550568853
test_11149,0.00012522140856450646
test_11150,0.9999998275967241
test_11151,0.0009189010806141615
test_11152,0.9858691975171927
test_11153,0.9999999383260101
test_11154,0.9993869989300548
test_11155,0.003199128523432149
test_11156,0.20970046249506444
test_11157,0.9999800848929662
test_11158,4.523387579636613e-07
test_11159,2.130020343937227e-09
test_11160,0.21299447427968632
test_11161,0.6584446267954862
test_11162,7.706009409797406e-09
test_11163,1.3270199609538494e-10
test_11164,0.47961354789548366
test_11165,0.9998058470325882
test_11166,0.6861492075893129
test_11167,4.179400127801697e-07
test_11168,0.047656587338705765
test_11169,0.9997188664924148
test_11170,2.640987442021625e-05
test_11171,0.0007135892259653154
test_11172,0.9068636537075005
test_11173,0.9979787175979278
test_11174,2.1891971010509284e-06
test_11175,1.4476681481929918e-05
test_11176,0.7370786537611655
test_11177,0.007094095378207108
test_11178,4.410082393538867e-09
test_11179,2.8620884021008264e-07
test_11180,0.9999999769989278
test_11181,0.9999390065429323
test_11182,0.017030318667630138
test_11183,0.5234430361840977
test_11184,0.999987662177889
test_11185,0.9997804536094521
test_11186,9.533664744530287e-15
test_11187,0.0027000324838641412
test_11188,0.9999999967886359
test_11189,0.0028454716093151656
test_11190,0.0040717689997620534
test_11191,0.9999756956609045
test_11192,0.022171168645801986
test_11193,0.00012300751661703836
test_11194,0.3547138957521687
test_11195,0.9999832677221633
test_11196,0.07657353272119916
test_11197,0.9994209584298099
test_11198,0.9995384113002097
test_11199,0.006330637824620073
test_11200,3.886897531377603e-06
test_11201,0.13224596805646138
test_11202,0.9727338499583806
test_11203,0.9975365870148916
test_11204,0.7041528534584571
test_11205,8.439508742141787e-11
test_11206,0.9999666929368338
test_11207,6.118062588002243e-10
test_11208,0.9380736750320717
test_11209,4.325436244964569e-06
test_11210,0.999990983562393
test_11211,0.0039609417682240486
test_11212,0.9775115269951543
test_11213,6.839878689588015e-06
test_11214,0.0060295730171635205
test_11215,8.556642204228291e-10
test_11216,0.07849795195133329
test_11217,0.9997098757988669
test_11218,0.9980938461893747
test_11219,0.5658241092471956
test_11220,0.9998432117422993
test_11221,0.8498081173367491
test_11222,2.258018044840051e-09
test_11223,7.165318170851279e-05
test_11224,0.9983807238533504
test_11225,4.093927258218076e-08
test_11226,0.5236402383408987
test_11227,0.9999780946004158
test_11228,2.022244703377089e-07
test_11229,0.7400514069257944
test_11230,6.392518926988708e-10
test_11231,0.548149340544382
test_11232,0.0004902928079734601
test_11233,0.9960333077591588
test_11234,0.9999995542236089
test_11235,0.3743199714874751
test_11236,0.9999726986919755
test_11237,4.835484219744338e-05
test_11238,0.9999748836939433
test_11239,0.9862292685816111
test_11240,0.9999959698000616
test_11241,0.9992368913076921
test_11242,0.999999999997687
test_11243,0.9871554756172666
test_11244,0.03833201773267404
test_11245,6.378913407282329e-09
test_11246,0.9994529056436379
test_11247,0.00010778966448013382
test_11248,0.9998711468994914
test_11249,0.0006422050663177567
test_11250,0.9998752367443231
test_11251,0.9988475299069359
test_11252,6.573918296656804e-09
test_11253,0.015857362133647062
test_11254,0.9999967912595403
test_11255,0.04032717309268549
test_11256,0.4572422699747354
test_11257,0.9999996909767683
test_11258,0.9999053928276553
test_11259,0.0011913621066930308
test_11260,2.420464289480803e-10
test_11261,4.576716246858492e-06
test_11262,0.9999930660105585
test_11263,0.3233267864249718
test_11264,0.7235115159800439
test_11265,0.3321475764862788
test_11266,0.01026808052408691
test_11267,0.00010753414939560741
test_11268,0.7148342291675788
test_11269,0.6620175630996026
test_11270,0.9999951888538583
test_11271,0.526295743478075
test_11272,0.000862922432770233
test_11273,0.5090220286697202
test_11274,0.9738156378562617
test_11275,1.0596697233844335e-08
test_11276,0.001338136415044493
test_11277,0.9867760256364981
test_11278,5.612280617465964e-07
test_11279,0.2765971279653474
test_11280,0.9309570653290926
test_11281,0.6188392645747698
test_11282,0.09206573972381711
test_11283,0.0012516183960450348
test_11284,0.7847042489379852
test_11285,9.671807980538168e-05
test_11286,1.6750098400745474e-08
test_11287,0.9992904261378958
test_11288,0.9994910698163917
test_11289,0.0015704688503606066
test_11290,0.9999999999998836
test_11291,0.9999701647468084
test_11292,0.999999740170485
test_11293,0.0013445307850494422
test_11294,0.9983674632892967
test_11295,0.999999999999095
test_11296,2.1127864815113472e-09
test_11297,0.9996130436023889
test_11298,7.359271799452925e-05
test_11299,0.8416235229266529
test_11300,0.9999999998098509
test_11301,0.9442323304975182
test_11302,1.8115952980546714e-09
test_11303,0.6725345535273879
test_11304,0.999963588429937
test_11305,0.14811592417224562
test_11306,0.9999985613899893
test_11307,0.9946497549938997
test_11308,0.9995915981603901
test_11309,1.5668062373183617e-05
test_11310,4.101613076203553e-05
test_11311,0.0002701570952149476
test_11312,0.9615241385358906
test_11313,1.3551494417823584e-07
test_11314,0.00026706125028485184
test_11315,0.15790044587675844
test_11316,0.5461492096278792
test_11317,0.9995627919263277
test_11318,0.4087604218711389
test_11319,0.036298763881712465
test_11320,2.404081447710287e-05
test_11321,0.11032342614445054
test_11322,3.588136588635567e-05
test_11323,2.9174853018649896e-05
test_11324,8.158404407989053e-13
test_11325,0.9997652931084797
test_11326,2.1542399760540593e-08
test_11327,0.999996832283992
test_11328,0.9999999998662703
test_11329,0.0018384522483102885
test_11330,0.028228019835570127
test_11331,3.27031559846904e-05
test_11332,0.9999999989200867
test_11333,0.9879734403943297
test_11334,0.008562718224235145
test_11335,0.7651439006769811
test_11336,0.9411137342332878
test_11337,0.9992118049496841
test_11338,0.36896532853372466
test_11339,0.2613993353707996
test_11340,0.04387912836837533
test_11341,0.9999999339162322
test_11342,1.2967738065724181e-11
test_11343,0.9999672588252455
test_11344,0.005529692824768506
test_11345,0.0009981537206311404
test_11346,0.9152119147474718
test_11347,0.9992706673200931
test_11348,0.8411632331790546
test_11349,0.02036991786774756
test_11350,0.07259987158447342
test_11351,3.909377169710168e-09
test_11352,0.0051345143908421605
test_11353,0.9999999999922924
test_11354,7.980696257346877e-05
test_11355,0.057893770698638006
test_11356,0.0034118506987894743
test_11357,1.114133103966213e-06
test_11358,0.0005132458391985458
test_11359,0.20669905567899882
test_11360,0.002083896264329634
test_11361,4.845645463018348e-07
test_11362,3.0086008665183376e-08
test_11363,2.523091916482877e-10
test_11364,1.3890606775645675e-10
test_11365,0.062174145458493014
test_11366,0.9992567974317584
test_11367,2.145554326646368e-06
test_11368,0.3953271628315157
test_11369,0.7657113642406433
test_11370,0.9554102821063872
test_11371,6.910586829889326e-05
test_11372,0.00016619968583574078
test_11373,1.427586521762652e-07
test_11374,0.4645283242046536
test_11375,0.0019245021588862503
test_11376,8.042630631423506e-09
test_11377,0.9996145892618546
test_11378,0.3960797865609694
test_11379,0.00032024560689869236
test_11380,1.4599337840936094e-07
test_11381,6.505069326731549e-11
test_11382,0.9959276091239029
test_11383,0.022218946368600227
test_11384,0.11362320031017764
test_11385,0.999999990656525
test_11386,0.9999994858091195
test_11387,0.9999910713649813
test_11388,0.0005939054727504374
test_11389,4.1049649265995834e-10
test_11390,0.851406309372271
test_11391,0.9999998458933514
test_11392,0.9981037997478976
test_11393,0.8381922742818977
test_11394,0.0059065064161838805
test_11395,0.9921332821365564
test_11396,0.45776375806727726
test_11397,3.8977607919132144e-08
test_11398,0.9948496209835913
test_11399,0.42097572220107254
test_11400,0.1811221728961504
test_11401,0.9996408159485657
test_11402,0.973656106922423
test_11403,0.8469050443733945
test_11404,0.9999114606708382
test_11405,0.1743827186943654
test_11406,7.380743218946162e-05
test_11407,2.5089132737279728e-05
test_11408,0.37188820426627417
test_11409,0.03212160603778924
test_11410,4.130925870306588e-08
test_11411,0.031527878925495675
test_11412,0.858080069086843
test_11413,0.0020837905715805735
test_11414,8.317821778535022e-07
test_11415,0.9999980252936438
test_11416,1.5668375063674776e-05
test_11417,0.9931904403523668
test_11418,0.9681906493081816
test_11419,0.9999999721084626
test_11420,1.8360947677954216e-06
test_11421,0.9180014979960639
test_11422,0.7718920087050224
test_11423,0.07314240742073945
test_11424,0.9999110836091348
test_11425,9.974326198820025e-07
test_11426,0.002038225173200619
test_11427,0.9997253165329844
test_11428,1.0157134676804532e-05
test_11429,0.9999999217748587
test_11430,5.431117130637813e-05
test_11431,0.9999999677087019
test_11432,0.5903011319834894
test_11433,1.7211588202427018e-09
test_11434,0.9742162033205093
test_11435,0.9999999736389257
test_11436,0.9169348829882151
test_11437,0.9913221917956115
test_11438,3.9828893343436075e-06
test_11439,3.6970169359786767e-06
test_11440,0.0017187625787685895
test_11441,0.25400938644749815
test_11442,0.0002558643070599237
test_11443,0.6330009366307207
test_11444,0.04765876621475659
test_11445,0.9573363832889492
test_11446,4.125271993801812e-08
test_11447,0.9647291393937174
test_11448,0.0013572720599812197
test_11449,0.9956017034829827
test_11450,0.9998812704975506
test_11451,0.6481048429108743
test_11452,0.7922194178580386
test_11453,6.269924514128554e-05
test_11454,0.004575168230965125
test_11455,6.836578909332604e-10
test_11456,2.059412558627809e-13
test_11457,0.8528708359225479
test_11458,0.2990662028979265
test_11459,0.003054224763896544
test_11460,0.9995984117422567
test_11461,0.9509718830594167
test_11462,0.9999534816071587
test_11463,0.11881022577170869
test_11464,0.9999999999997499
test_11465,0.9694134955267462
test_11466,0.9794547149352031
test_11467,3.12664479526441e-08
test_11468,0.9999953745853989
test_11469,3.149569655665837e-06
test_11470,5.568813635728634e-07
test_11471,0.7938042621007649
test_11472,1.833836046412129e-07
test_11473,0.0013601533972498582
test_11474,0.9999996586107541
test_11475,0.9176276366769245
test_11476,0.02586946222383813
test_11477,0.9999984031940099
test_11478,4.791356919149873e-06
test_11479,0.04979632654580739
test_11480,0.9924254801340471
test_11481,1.5176140943661197e-08
test_11482,0.14625283114699522
test_11483,0.9999999999949345
test_11484,9.452515701611505e-09
test_11485,0.9999999999955547
test_11486,0.9462441846669345
test_11487,0.1820316303477671
test_11488,2.5949104319698765e-07
test_11489,0.9858585819999488
test_11490,0.9939735478698637
test_11491,0.0005749319853266964
test_11492,1.8235735979134021e-07
test_11493,0.9999095407180723
test_11494,0.8381758775699111
test_11495,7.537591293888674e-05
test_11496,0.9925125443513896
test_11497,0.9999999942227589
test_11498,0.25572030970320747
test_11499,0.5359135333231054
test_11500,8.123250296562985e-08
test_11501,0.9999500273135955
test_11502,1.2600455076779438e-05
test_11503,0.02369117903133441
test_11504,0.999998724718445
test_11505,0.9914506962534824
test_11506,1.614491388836892e-05
test_11507,0.09485822093393464
test_11508,0.0003784404605106125
test_11509,0.0007944829693339834
test_11510,0.14420526411121903
test_11511,0.008479636766379329
test_11512,1.531216413421566e-06
test_11513,0.021397788746987563
test_11514,3.949263494377179e-10
test_11515,3.765769176820719e-10
test_11516,0.8653678688281656
test_11517,0.015332458050578396
test_11518,0.09783693988649193
test_11519,0.9999999999100573
test_11520,0.5532014946570206
test_11521,0.015590595967924226
test_11522,0.031864936485163725
test_11523,0.8328242871855561
test_11524,2.280688012848859e-13
test_11525,0.9874181957525421
test_11526,0.4217650017683051
test_11527,0.043680607090031874
test_11528,0.014872559935366044
test_11529,4.259220790831354e-15
test_11530,0.9340682992962026
test_11531,0.9720959130578742
test_11532,0.9999848337629262
test_11533,0.7778595009550301
test_11534,0.9999999934421433
test_11535,0.5578959011864439
test_11536,0.9999999903759543
test_11537,0.999706182668196
test_11538,0.16699692056064117
test_11539,0.9999980349025678
test_11540,0.9999999572307521
test_11541,3.290143112430007e-09
test_11542,0.0005160958275792737
test_11543,0.9723205666441626
test_11544,0.0006407428217559885
test_11545,0.9999999995476156
test_11546,0.0015539858205563769
test_11547,0.9999999993188017
test_11548,0.03683879070250745
test_11549,1.5391699319947106e-07
test_11550,0.873650828756702
test_11551,6.033554929898923e-08
test_11552,0.9740859634078761
test_11553,0.7979585101781771
test_11554,6.578118923175762e-05
test_11555,0.9998352929805276
test_11556,0.32214321125519707
test_11557,0.9994635673247044
test_11558,0.9999999944570699
test_11559,0.0003480990867960519
test_11560,0.31695094157815296
test_11561,1.0932056569505639e-08
test_11562,0.9999999996116684
test_11563,0.999999972565068
test_11564,0.05189906191521182
test_11565,0.9103501470709616
test_11566,0.00032641393883985943
test_11567,0.9990301410401228
test_11568,0.2630979895209658
test_11569,0.9999999999990036
test_11570,0.04757584766983401
test_11571,0.017943072577065514
test_11572,0.0007372774413179539
test_11573,0.5457183788403606
test_11574,0.9999998967818221
test_11575,0.9997157672262902
test_11576,0.9933225988944373
test_11577,0.9999999532781387
test_11578,0.34432657549009904
test_11579,0.9897557315854357
test_11580,0.8609991898972711
test_11581,0.5143348452585043
test_11582,1.571141268208454e-09
test_11583,0.06615349414013219
test_11584,0.9999920740051241
test_11585,0.00011298638101371951
test_11586,0.9999999739046366
test_11587,0.9986583471276287
test_11588,0.09198495987221338
test_11589,0.9998659622281111
test_11590,0.9999533293132177
test_11591,0.8891785742802527
test_11592,0.999078234309552
test_11593,0.08413587568147225
test_11594,0.999999999999175
test_11595,6.789864603609166e-11
test_11596,0.9999999743797283
test_11597,0.9999999060855194
test_11598,1.2716551768313095e-08
test_11599,0.0013488560518622819
test_11600,0.2259146702869962
test_11601,0.9999572011475751
test_11602,0.014019234656250554
test_11603,0.9998957262549713
test_11604,0.9999999992581096
test_11605,0.999999999998789
test_11606,3.802724205294498e-08
test_11607,0.9999999997870574
test_11608,6.340481872711828e-05
test_11609,0.9999999999961618
test_11610,1.4556923208614378e-09
test_11611,0.9999999998164794
test_11612,0.9948908250902381
test_11613,0.99999253128948
test_11614,0.0015088011735891018
test_11615,0.9999999993406841
test_11616,0.9984992097407183
test_11617,0.9999996982611179
test_11618,0.9999997467296895
test_11619,0.2995118251195279
test_11620,0.342842017351676
test_11621,0.0001309787362653723
test_11622,0.9343088301880507
test_11623,0.019494012474451823
test_11624,0.9680003959403549
test_11625,0.9408796978842069
test_11626,0.9999999999148925
test_11627,0.9999999822553276
test_11628,3.442351847037764e-08
test_11629,0.30444885620301876
test_11630,0.11880248241263924
test_11631,4.330969380731898e-08
test_11632,1.133956014673255e-08
test_11633,0.9999998791683011
test_11634,0.10374631526696027
test_11635,0.9999965085898413
test_11636,0.9999906457861353
test_11637,0.9992354296012038
test_11638,0.8384524328387132
test_11639,0.0006465404624500903
test_11640,0.9999999918782494
test_11641,0.9995129467348232
test_11642,0.9999998047494414
test_11643,0.9999999982215821
test_11644,0.9822628945930707
test_11645,1.8363958616049296e-05
test_11646,1.3084895311636766e-13
test_11647,3.7510885889713597e-07
test_11648,0.999778845936117
test_11649,0.00022931689628518363
test_11650,0.999999984207921
test_11651,0.0003052465238008312
test_11652,4.435749208253324e-06
test_11653,0.013714542622243295
test_11654,1.0269146238393106e-10
test_11655,0.06538227346785527
test_11656,0.9990727431089297
test_11657,8.33167433131746e-05
test_11658,0.02401912081071729
test_11659,1.3400808497315114e-11
test_11660,0.525056423947392
test_11661,6.31553725813949e-10
test_11662,0.9999992365360424
test_11663,0.00021759444781978553
test_11664,0.8254048859743789
test_11665,6.311912722536524e-07
test_11666,0.00709959852716662
test_11667,4.896507839252356e-09
test_11668,0.999999999998911
test_11669,0.9999997630656249
test_11670,4.6811450257279414e-05
test_11671,0.9580427887280558
test_11672,0.9999999974247868
test_11673,0.33756164078208156
test_11674,1.3991628081648838e-15
test_11675,0.025739729575924877
test_11676,0.9999997374768026
test_11677,0.45225300800360846
test_11678,5.195366006309389e-07
test_11679,0.9999999990103388
test_11680,7.1014931224406725e-12
test_11681,0.8267743431987211
test_11682,0.14488016030829073
test_11683,0.5032165921600437
test_11684,0.983844332681702
test_11685,0.02092710313334891
test_11686,0.9961822396109641
test_11687,9.268120188798863e-05
test_11688,0.06264212578772256
test_11689,0.002123451697692727
test_11690,0.9999725744788306
test_11691,0.9540970473860799
test_11692,0.4006018681485781
test_11693,0.9303635444718259
test_11694,2.091817309391371e-08
test_11695,0.9998543375904887
test_11696,8.82268212603002e-05
test_11697,0.0002589412459754108
test_11698,2.7217477918311073e-05
test_11699,0.9720131673986298
test_11700,0.19974398885111455
test_11701,6.110235732212929e-11
test_11702,1.0070401481653681e-07
test_11703,0.003326057095290955
test_11704,0.9983062489617096
test_11705,0.9998564061579511
test_11706,0.9999997657427435
test_11707,5.161420495379544e-11
test_11708,0.9999962312450243
test_11709,0.9986205047198864
test_11710,0.9894500488429403
test_11711,0.9999995818024395
test_11712,0.3297746438419941
test_11713,0.9328089346868293
test_11714,0.9999999998977223
test_11715,0.9999964543557704
test_11716,0.025179542967190167
test_11717,5.589054726568246e-14
test_11718,0.10930449225783967
test_11719,2.475904672608291e-05
test_11720,0.9999872582732623
test_11721,0.9213000415666088
test_11722,0.9684134997149115
test_11723,0.9999999945302098
test_11724,1.0117652238532693e-10
test_11725,0.3702635797052122
test_11726,0.8294834949890106
test_11727,0.9999992362499227
test_11728,0.9256655209589981
test_11729,0.9985208365806602
test_11730,0.008319180448967959
test_11731,0.0009256124994178697
test_11732,0.993138789813504
test_11733,0.9999959437336592
test_11734,7.748043644329767e-06
test_11735,0.9947334478324876
test_11736,0.0268923700274225
test_11737,0.9992771480807957
test_11738,0.9997480814242788
test_11739,0.9968156612375402
test_11740,0.0031652856632154655
test_11741,0.008299287999898583
test_11742,0.39444883328333014
test_11743,0.9337469324240898
test_11744,0.8710968946128097
test_11745,0.009196101537310795
test_11746,0.9553340401049397
test_11747,3.836032931426793e-05
test_11748,1.0343228100658552e-10
test_11749,0.9999999931918455
test_11750,0.2731951007107423
test_11751,0.9999999999754924
test_11752,0.9999725545376106
test_11753,0.006701786797936994
test_11754,0.9999998304898549
test_11755,0.6171641917461897
test_11756,0.9833051421292474
test_11757,5.034533895769189e-06
test_11758,0.0003286919230894016
test_11759,0.8284167798662376
test_11760,0.9959069528368387
test_11761,0.9508604160643037
test_11762,0.999998600191369
test_11763,0.14907417678546572
test_11764,0.9999999969146729
test_11765,4.1167618490311015e-06
test_11766,0.7388251031164159
test_11767,0.8621908471610025
test_11768,1.7799622091196111e-10
test_11769,7.975698163026878e-07
test_11770,0.13171191442383035
test_11771,0.9999999996186759
test_11772,0.9999884275795505
test_11773,0.010198602218482152
test_11774,9.306092230898756e-09
test_11775,0.9999989885615259
test_11776,0.7917522603508029
test_11777,0.9999998171954514
test_11778,0.9999889362301175
test_11779,0.9999988507864359
test_11780,0.999860232218304
test_11781,0.06288490957321513
test_11782,0.00014204412078360208
test_11783,0.38877583449634046
test_11784,0.9999994186301944
test_11785,4.774828390393089e-07
test_11786,0.999532051709221
test_11787,0.00011067581728270867
test_11788,0.024150186604471394
test_11789,0.00017598941092917156
test_11790,1.6193037000129454e-07
test_11791,0.99586932108784
test_11792,0.9999512420312997
test_11793,0.9999998672731882
test_11794,0.9639025947135704
test_11795,0.9955590788188007
test_11796,1.7218257226089785e-06
test_11797,0.9115950469618013
test_11798,0.000681148487542356
test_11799,0.9999975454327654
test_11800,9.043775705736112e-07
test_11801,0.024681523697745927
test_11802,5.12015945202836e-07
test_11803,2.4525347395294494e-07
test_11804,9.704915032895427e-08
test_11805,0.0015149195124800846
test_11806,0.6074454000604115
test_11807,0.9977472246642147
test_11808,0.9989998289462234
test_11809,0.26084020324504564
test_11810,0.9998255708635064
test_11811,0.0002155368265814444
test_11812,0.5147179766213836
test_11813,0.0007928084768284877
test_11814,0.061537989453128016
test_11815,4.4948501461527477e-10
test_11816,0.9990219419095201
test_11817,0.00013592056200033325
test_11818,1.8775388219633022e-08
test_11819,0.9423032132466655
test_11820,0.8116087583090762
test_11821,0.9999990000869896
test_11822,0.9974318386251522
test_11823,0.9999998555292473
test_11824,0.9999995395236517
test_11825,0.6849380883629737
test_11826,1.6990281905914994e-07
test_11827,0.9999556342943912
test_11828,0.9014311332049808
test_11829,0.07960952880173285
test_11830,0.8344632556265082
test_11831,1.202441884770028e-07
test_11832,4.7473207926314685e-06
test_11833,2.0745082596323353e-07
test_11834,0.9999982474293599
test_11835,0.04679987224203237
test_11836,0.9793906977810845
test_11837,0.9999999999657582
test_11838,0.0038386412611585412
test_11839,4.2232528693710627e-07
test_11840,1.503273892814172e-07
test_11841,0.23459429370041188
test_11842,0.0001422160883963698
test_11843,1.8633196930320155e-06
test_11844,0.00023468776626352268
test_11845,0.3144438235834558
test_11846,0.1576477828201144
test_11847,0.6952767132493989
test_11848,0.9999892111769637
test_11849,1.7724976518860902e-11
test_11850,0.9999999936814776
test_11851,0.003818882107685606
test_11852,0.28336503900381976
test_11853,0.9950964367743271
test_11854,1.542452979568028e-10
test_11855,0.9324746176554612
test_11856,0.98116422336051
test_11857,8.612040926913004e-11
test_11858,0.999999999998459
test_11859,0.7423593800599697
test_11860,0.0005791398849926261
test_11861,0.01844764067276433
test_11862,0.003788538075143496
test_11863,0.0007730617509498993
test_11864,0.984738407884985
test_11865,0.9988758850443882
test_11866,0.9929372857841523
test_11867,0.99992146894727
test_11868,6.15391429438824e-05
test_11869,0.9999999995881139
test_11870,0.9862522666985953
test_11871,0.9999821038179588
test_11872,0.9999999480753958
test_11873,0.7726936076106727
test_11874,0.5619392151394201
test_11875,0.4815642287612651
test_11876,0.9999999935345629
test_11877,0.014817677125829331
test_11878,0.4265475184978364
test_11879,6.853047895801648e-07
test_11880,3.578413664435287e-05
test_11881,0.9962924076722259
test_11882,0.999999999825681
test_11883,0.011163833718739753
test_11884,0.9999999999971708
test_11885,0.3982620720713652
test_11886,0.19909186606391857
test_11887,0.9999975459666128
test_11888,0.9990234151120575
test_11889,0.423158788321005
test_11890,1.3949058549710957e-11
test_11891,0.8973968335252052
test_11892,0.5029321473997233
test_11893,0.9999898225622156
test_11894,0.9998760510395914
test_11895,0.004017848041646378
test_11896,0.9999999999997875
test_11897,0.0025626906337578963
test_11898,0.04912632736689796
test_11899,0.999999999514145
test_11900,0.9997463685229575
test_11901,0.9846778754674268
test_11902,0.9999999999106555
test_11903,0.6738094447650691
test_11904,0.9999916297260425
test_11905,0.9999982510781742
test_11906,6.472563697404628e-08
test_11907,0.9999999871181853
test_11908,1.1408837957026659e-06
test_11909,7.2989699174309e-06
test_11910,0.9990848546409705
test_11911,0.9999997150220479
test_11912,5.239437660848867e-13
test_11913,0.13235060625821238
test_11914,0.004870162175836461
test_11915,0.002076183576416475
test_11916,6.323239575471137e-07
test_11917,0.6838034803008863
test_11918,0.9761808782718436
test_11919,0.5178450646339683
test_11920,0.9832060649327581
test_11921,0.05395147431594806
test_11922,1.5699506416368523e-06
test_11923,0.9999989666908637
test_11924,0.9989423504349522
test_11925,0.9972980669845412
test_11926,0.9760949028975461
test_11927,0.9999999999999988
test_11928,0.0001942644439641213
test_11929,0.01892559167415228
test_11930,0.9999982719990639
test_11931,0.9890830031264897
test_11932,0.04764075895016128
test_11933,0.3075435789130604
test_11934,3.097604299774705e-06
test_11935,0.024142055442955626
test_11936,0.9999600379775235
test_11937,6.684519653736049e-10
test_11938,0.9999790015673846
test_11939,0.08333323045638812
test_11940,1.5494954551652014e-11
test_11941,1.3875129785262591e-15
test_11942,0.9054882236791257
test_11943,2.7108914304986673e-05
test_11944,9.841482167153584e-11
test_11945,0.9999959942193346
test_11946,0.21767883941458627
test_11947,0.000855994439706139
test_11948,0.016955081915956856
test_11949,0.3122128302304197
test_11950,5.5979373670341616e-09
test_11951,5.6211886558271255e-05
test_11952,2.98274749780345e-17
test_11953,0.03146379380871763
test_11954,0.006163377331603001
test_11955,0.9999735572266288
test_11956,0.6360024483106421
test_11957,0.999957171284223
test_11958,0.004128868539190687
test_11959,0.6777603179272109
test_11960,2.3324895644668295e-12
test_11961,1.9558618958901024e-05
test_11962,8.571986088553466e-05
test_11963,0.9999999999996197
test_11964,5.298127846003646e-05
test_11965,0.8422988039186681
test_11966,0.9986761361523682
test_11967,0.022189789163548634
test_11968,0.9999785172602601
test_11969,5.0836969578040714e-06
test_11970,0.028740375858022173
test_11971,4.676329070615206e-07
test_11972,0.9980520706194728
test_11973,0.5729852392403234
test_11974,0.9999999492127353
test_11975,0.9999999998695597
test_11976,0.07684674638394556
test_11977,0.9856459861362966
test_11978,0.9999999442803086
test_11979,0.9999551050099448
test_11980,0.9999988255601104
test_11981,6.795209485640285e-05
test_11982,0.9982874908663961
test_11983,0.9262307227883526
test_11984,0.441286964627811
test_11985,0.31723047443802793
test_11986,0.2898968251504505
test_11987,0.3570650886277219
test_11988,0.9999999999974525
test_11989,0.9475818645770215
test_11990,0.9999999999974527
test_11991,0.9961011295816509
test_11992,3.5594276522323254e-08
test_11993,0.9999999930916306
test_11994,0.24682116130664286
test_11995,0.801461295439392
test_11996,0.002351592802628548
test_11997,0.9999958229022168
test_11998,0.0031285983603977705
test_11999,0.01907362123414308
test_12000,0.9954879218558772
test_12001,3.3474021961965805e-08
test_12002,0.02778623472653325
test_12003,0.6168211169611819
test_12004,0.36267782009657495
test_12005,0.009944682242972248
test_12006,2.426389922144974e-10
test_12007,0.9711432539815426
test_12008,0.5382291700553858
test_12009,0.0062469127268919315
test_12010,0.019188347587900736
test_12011,0.9999992211309625
test_12012,0.1503541730668087
test_12013,1.04984036591869e-06
test_12014,0.39649161735623917
test_12015,0.9999998101865912
test_12016,0.49336273238669603
test_12017,0.9999999586782918
test_12018,0.9955763764859527
test_12019,0.9999999979551706
test_12020,2.068550071192889e-07
test_12021,0.9999999484848368
test_12022,0.9852683763575207
test_12023,0.4407288404261832
test_12024,0.08345638815322018
test_12025,0.9972500640491997
test_12026,0.0012615860199745312
test_12027,0.9999936131551117
test_12028,0.007853390429588589
test_12029,0.3174496373528285
test_12030,0.5940455758173333
test_12031,0.9997616040099813
test_12032,0.0014000048574245242
test_12033,0.9999999913698785
test_12034,0.9999960447196882
test_12035,0.9776333925413425
test_12036,1.5130043263592136e-07
test_12037,0.8573380599257
test_12038,0.00017884215193305996
test_12039,2.848651369143224e-06
test_12040,0.9999996361863054
test_12041,0.9999999814059847
test_12042,0.00029023542119039226
test_12043,0.984458874914272
test_12044,0.13222085592487995
test_12045,1.4153139772364184e-05
test_12046,0.9999999737044065
test_12047,1.0056805463440966e-11
test_12048,0.9999999968810793
test_12049,0.000468158207751028
test_12050,0.07959872380329124
test_12051,2.5361799528687285e-08
test_12052,1.2425298998391562e-05
test_12053,0.0004628148474531658
test_12054,0.9999998834451781
test_12055,0.9999949801263359
test_12056,0.8341830875749116
test_12057,0.8939641782184319
test_12058,0.9512047086041753
test_12059,0.9999869591230551
test_12060,0.999998890733705
test_12061,0.0009380690957408131
test_12062,2.4755924225386726e-06
test_12063,0.9998284153568351
test_12064,0.9999948036858446
test_12065,0.05643635605630069
test_12066,0.011762752558293045
test_12067,0.9999999997814961
test_12068,7.895085607549202e-05
test_12069,0.07817016254946013
test_12070,0.7129274332507617
test_12071,0.8974396916594822
test_12072,0.9933380761837254
test_12073,0.03191881526960605
test_12074,0.034703329799405505
test_12075,0.9999946934626605
test_12076,0.6623172977422296
test_12077,0.13599583551184902
test_12078,0.9999639646296877
test_12079,1.8001556002655067e-10
test_12080,8.995032027649583e-09
test_12081,0.999992868309164
test_12082,0.0005646044423381196
test_12083,0.4709220441731613
test_12084,0.9999964283819966
test_12085,0.9973668639272109
test_12086,0.999999999581543
test_12087,0.9999999999215927
test_12088,0.011780930311266397
test_12089,0.014262663789479234
test_12090,0.009881332096578422
test_12091,0.927333172373058
test_12092,0.9999296054431968
test_12093,0.9999999901175693
test_12094,0.9999999985727144
test_12095,0.9999999999109354
test_12096,0.9993106174266626
test_12097,0.004238733468344961
test_12098,0.9994680818014761
test_12099,0.1495720770420305
test_12100,0.049493260031417005
test_12101,0.9999999999987496
test_12102,4.903505184701263e-07
test_12103,7.382247249276419e-12
test_12104,0.8206803166226373
test_12105,0.00056024708207422
test_12106,0.9968345394375131
test_12107,0.9999999963374242
test_12108,0.8332300341452828
test_12109,5.3541358159705175e-08
test_12110,4.544167928260931e-05
test_12111,0.9999999990126147
test_12112,0.9999183207953949
test_12113,0.932465163595077
test_12114,0.9999960855271897
test_12115,0.001322751421553278
test_12116,4.1988570437878234e-13
test_12117,0.004911847773631612
test_12118,0.9999999978654538
test_12119,0.999999999992933
test_12120,0.9999999993993482
test_12121,4.206124924066726e-09
test_12122,0.0006767620721632045
test_12123,1.4693924590769137e-05
test_12124,0.9999967075455265
test_12125,0.04958433475868051
test_12126,0.9999998634458518
test_12127,0.9999998033049928
test_12128,0.9999585165538616
test_12129,1.8184391197285686e-05
test_12130,0.9999193050827668
test_12131,0.9999085885618797
test_12132,0.0005734236288777375
test_12133,0.999999997766066
test_12134,0.9999999951415155
test_12135,0.00018070967329463007
test_12136,0.9956108813496239
test_12137,0.9362704160769224
test_12138,0.004201999582027615
test_12139,0.9798820134126804
test_12140,0.9999999924018581
test_12141,5.996517118922288e-11
test_12142,0.993583562785968
test_12143,0.9820996528971246
test_12144,0.05908674961641911
test_12145,0.12482379129652231
test_12146,0.9991204071409878
test_12147,0.0008127364289208096
test_12148,0.05919305347502409
test_12149,0.9999999997418347
test_12150,8.68917776890396e-09
test_12151,0.9991320031824837
test_12152,0.7254035148529903
test_12153,0.00013319422613289328
test_12154,0.9999999281446443
test_12155,0.9976559562337866
test_12156,1.6329160316353115e-09
test_12157,0.5326761340689216
test_12158,2.901623218884946e-07
test_12159,0.9526473865177025
test_12160,0.9979505487235832
test_12161,0.9999992988709907
test_12162,0.9999996573427166
test_12163,0.03037572996596609
test_12164,0.9999999995342677
test_12165,0.014133552776367927
test_12166,0.9999999992974129
test_12167,0.9999999993574726
test_12168,0.022024761331302302
test_12169,0.9778094288901966
test_12170,4.1243907457326325e-08
test_12171,0.00019006421518475287
test_12172,0.7345620505812631
test_12173,0.9999932601601237
test_12174,0.339339515010144
test_12175,0.9999825780999163
test_12176,0.0016965520752644453
test_12177,0.2219344014817911
test_12178,0.017399405033389097
test_12179,0.09247827912914768
test_12180,0.9999999999997551
test_12181,0.9999999999977511
test_12182,0.5716367219658766
test_12183,0.9990737348887804
test_12184,1.4293261810792518e-06
test_12185,0.9999657951631375
test_12186,0.7534231676856346
test_12187,3.589355806186115e-07
test_12188,2.456830649250653e-07
test_12189,0.8221853480502009
test_12190,0.9999999999998513
test_12191,0.9999910232411557
test_12192,0.000714498356234286
test_12193,0.0036005543157125973
test_12194,3.2480886651823966e-07
test_12195,8.322786664394591e-13
test_12196,1.702600984510291e-06
test_12197,9.671767923962186e-07
test_12198,0.010661551696958768
test_12199,0.00010693224414561014
test_12200,0.9993568530642771
test_12201,9.070658880849099e-14
test_12202,0.9975208685795618
test_12203,0.999992749183095
test_12204,0.12245234258626977
test_12205,3.1518641157797533e-06
test_12206,0.029353028868805656
test_12207,2.3807659277180134e-08
test_12208,0.9998975856053985
test_12209,0.9999961547509699
test_12210,0.0008628263552148852
test_12211,8.903854943670045e-07
test_12212,0.9999394673678834
test_12213,1.3669757744902012e-13
test_12214,0.9999995081929448
test_12215,0.9999982745047491
test_12216,0.7826469373790975
test_12217,0.013618366209968173
test_12218,3.4273149133010294e-10
test_12219,7.04653139235648e-05
test_12220,0.0004952675024856745
test_12221,0.00498560743639658
test_12222,0.0026787339364509628
test_12223,1.7198839418430966e-09
test_12224,0.6076674066184105
test_12225,0.003557007398943952
test_12226,0.0005125388840912423
test_12227,0.3485457388923992
test_12228,0.9985240239826428
test_12229,3.1570582165604316e-05
test_12230,0.07056513819849863
test_12231,0.26799214571990415
test_12232,0.0005436822544638382
test_12233,0.00015555191726917113
test_12234,0.8538798563160175
test_12235,0.3022013720631666
test_12236,1.4394914809319087e-10
test_12237,0.997935698575347
test_12238,0.9955586957154745
test_12239,0.9999855129951152
test_12240,0.0822470215435153
test_12241,0.0011088901340859474
test_12242,4.794819303343345e-05
test_12243,0.9999400965754515
test_12244,3.4389985211084575e-05
test_12245,0.9040059989558331
test_12246,0.9999978265860671
test_12247,5.265166278069172e-10
test_12248,0.0003043143612139143
test_12249,2.056267846941864e-06
test_12250,0.30343331775373017
test_12251,1.1001885261588261e-05
test_12252,0.00875433631013957
test_12253,0.2550503432901152
test_12254,0.9981078995127779
test_12255,2.4775720535006555e-07
test_12256,0.011015818211220142
test_12257,0.04356590419701449
test_12258,5.717589420508086e-13
test_12259,0.9996285341038185
test_12260,0.998901334034289
test_12261,0.9999999972009112
test_12262,0.34118857031684957
test_12263,0.5185815990172907
test_12264,0.007881142627564751
test_12265,2.7389896848571345e-11
test_12266,0.7037735833467955
test_12267,0.005787463547861542
test_12268,5.606226231850884e-07
test_12269,0.9999999987424644
test_12270,0.09996063721721914
test_12271,0.23529387052597878
test_12272,0.9888973353938258
test_12273,0.015140548107972638
test_12274,0.9997329008174798
test_12275,2.9434519841988582e-08
test_12276,0.2507522877349516
test_12277,0.9938533970695962
test_12278,0.0009697772847310983
test_12279,0.9430669799719069
test_12280,0.9925162049715535
test_12281,0.00010082369548009064
test_12282,0.0006890928771811286
test_12283,0.5018580896836619
test_12284,5.1719529420212175e-05
test_12285,0.011322265329112936
test_12286,0.009269032353853887
test_12287,0.9577640947718264
test_12288,0.9999992526582032
test_12289,1.9479586976281622e-10
test_12290,0.11388426724378245
test_12291,0.9999999642332005
test_12292,0.9997100716437208
test_12293,0.887378507285304
test_12294,0.3702261869635865
test_12295,0.9973131885829574
test_12296,0.999999999823849
test_12297,2.007017380816539e-06
test_12298,0.9775603709399538
test_12299,0.9997650986215175
test_12300,0.0022490149442721615
test_12301,0.9881637883533113
test_12302,0.007030088005400532
test_12303,0.006139885561009993
test_12304,0.9999796640976584
test_12305,3.948505660866331e-06
test_12306,0.9697609054389152
test_12307,0.39500553413852335
test_12308,0.38320861493408864
test_12309,0.9999999861334552
test_12310,4.194962360133984e-05
test_12311,0.8036779911667131
test_12312,0.9999410706538818
test_12313,1.0979820297279478e-06
test_12314,0.9864358386021733
test_12315,0.0031870885841511812
test_12316,2.3157505924908198e-05
test_12317,2.597185239188778e-07
test_12318,8.010134672701114e-10
test_12319,0.9999983300275499
test_12320,0.9997084436639252
test_12321,0.9999999934008825
test_12322,4.088619929812716e-13
test_12323,0.12547370123466625
test_12324,4.5758388773374424e-06
test_12325,0.9999996651377467
test_12326,0.9999995886577426
test_12327,0.9999977654064169
test_12328,4.463297428715995e-05
test_12329,0.9601109165834594
test_12330,0.9999581233261878
test_12331,4.742764782035506e-07
test_12332,0.5024985497695051
test_12333,0.027854970325066494
test_12334,1.6034020883382626e-10
test_12335,0.8033306200439548
test_12336,0.04174266014704377
test_12337,0.10064158169242401
test_12338,2.6309784659019047e-07
test_12339,0.8832558663205521
test_12340,0.8912112721225025
test_12341,2.6304486388329886e-08
test_12342,0.002130366669546683
test_12343,4.0752149976784164e-07
test_12344,0.6823252792737378
test_12345,0.9993298668524062
test_12346,0.9999653677001668
test_12347,0.999921405100601
test_12348,0.02705013181367088
test_12349,0.0009450179702188922
test_12350,2.486287357866821e-06
test_12351,9.671922404390817e-05
test_12352,0.9999999823924405
test_12353,0.9953960618340167
test_12354,0.0003198691131718869
test_12355,1.5403172970473598e-06
test_12356,0.9077339651968992
test_12357,0.9999471926367215
test_12358,0.002030370077384241
test_12359,0.9999999990657613
test_12360,0.003949404216244012
test_12361,0.9999994832550672
test_12362,0.9058233405482244
test_12363,2.8224041973253943e-05
test_12364,4.031771241989779e-05
test_12365,0.9999999999469674
test_12366,0.03662897749824151
test_12367,0.052121142003709424
test_12368,0.9999999607593877
test_12369,0.967902682590826
test_12370,1.8827930690986734e-10
test_12371,0.9995971739526677
test_12372,0.9999999608125383
test_12373,0.9999759747113524
test_12374,0.00024337557874401535
test_12375,0.9999966585431308
test_12376,7.137491981248144e-05
test_12377,1.2697221903734027e-05
test_12378,1.0724425259019206e-06
test_12379,3.5719381935690545e-06
test_12380,3.1292156246057546e-05
test_12381,0.018537788546087994
test_12382,0.001695784955618007
test_12383,5.377292988187404e-09
test_12384,0.9961516717775543
test_12385,0.003790418890283456
test_12386,0.7804265765091319
test_12387,0.9999888424741059
test_12388,1.9460448306350593e-05
test_12389,0.00661813131059417
test_12390,0.9999999999989595
test_12391,0.9999999999934028
test_12392,7.443344855861518e-05
test_12393,3.245263914022289e-08
test_12394,0.2667026565669901
test_12395,0.999999999736559
test_12396,0.9999862277704342
test_12397,4.089685885988312e-09
test_12398,0.0969910566424365
test_12399,6.633792656733653e-05
test_12400,0.9999999971146608
test_12401,0.014398396219362765
test_12402,9.149029130898528e-05
test_12403,0.7424573089638515
test_12404,4.0718139333623404e-10
test_12405,0.019736196897462414
test_12406,0.2754039029752904
test_12407,0.8135395567249204
test_12408,0.9999999854460482
test_12409,0.8516829197012762
test_12410,0.003642469297037895
test_12411,0.9999923394979588
test_12412,0.9999989573438738
test_12413,0.3151985714321881
test_12414,2.522405161668913e-13
test_12415,0.6164292348350534
test_12416,0.7198101538351322
test_12417,0.9999842698945544
test_12418,0.9999194061000874
test_12419,0.7832615653482901
test_12420,0.999999999460001
test_12421,1.157661308489294e-12
test_12422,0.9999999999999976
test_12423,0.011906675583778479
test_12424,0.0001219707312547723
test_12425,0.16554468876739728
test_12426,0.9999999210198793
test_12427,0.8014212729286385
test_12428,0.9999998807804105
test_12429,0.7751985797846914
test_12430,0.9999963325500356
test_12431,0.999786260580088
test_12432,0.9999999831391375
test_12433,0.6393911484368986
test_12434,0.9993462391636683
test_12435,2.3475470822333164e-06
test_12436,0.0005502802623425177
test_12437,0.00782412390862948
test_12438,0.00047426559285971653
test_12439,1.880237246000965e-07
test_12440,0.9006208379244546
test_12441,0.9999999870101566
test_12442,0.9999982673704351
test_12443,0.0002911360463590491
test_12444,3.6343558432177733e-06
test_12445,0.999991933597965
test_12446,0.7133762899184615
test_12447,0.013795826643982184
test_12448,7.019925222976408e-05
test_12449,0.9904981568321238
test_12450,0.9998896516183715
test_12451,0.9987825832363153
test_12452,0.9911619939723283
test_12453,0.9999981215367861
test_12454,0.999998434315282
test_12455,0.0687192797524707
test_12456,0.01781833466710376
test_12457,3.89773553051675e-12
test_12458,0.9970684968829485
test_12459,0.9999549690518199
test_12460,1.4727141999763595e-05
test_12461,0.9999991603635595
test_12462,0.07084966279234958
test_12463,0.3332359701776283
test_12464,0.008497660725600133
test_12465,0.999999999999994
test_12466,0.00029568095314100556
test_12467,0.9995265000586836
test_12468,0.3670482631740438
test_12469,0.02668359050059695
test_12470,0.9993602001653425
test_12471,0.6988139564848695
test_12472,3.157817883140117e-06
test_12473,0.9999999966995521
test_12474,2.46604138902392e-09
test_12475,0.6893864646256115
test_12476,0.9989698222744072
test_12477,1.5293176985188718e-07
test_12478,0.9999999967506887
test_12479,0.01035097141914511
test_12480,1.940627980059956e-09
test_12481,0.5018163971176461
test_12482,0.9849629515494802
test_12483,5.079988180835755e-07
test_12484,0.9999999999998201
test_12485,3.6331686819172866e-05
test_12486,4.526142770214919e-05
test_12487,0.7818449773735403
test_12488,0.00043414423635334447
test_12489,0.9999999812897693
test_12490,0.6749217513340346
test_12491,0.0023195608370837253
test_12492,0.8063753556271458
test_12493,0.9996230016984418
test_12494,0.9998226244824668
test_12495,6.3347135450417486e-06
test_12496,0.8965608248285274
test_12497,0.0498582443792313
test_12498,0.9086431357258538
test_12499,0.9998926556157312
test_12500,0.999999999999999
test_12501,0.9999999999071014
test_12502,1.062048912452404e-12
test_12503,0.9999106568826421
test_12504,0.9999975267153534
test_12505,0.1170232423013113
test_12506,0.9999166844641153
test_12507,0.49225033138152124
test_12508,0.9999998673326127
test_12509,0.0007165436201516833
test_12510,0.9999347166156966
test_12511,0.34761378320868974
test_12512,0.004362956430032286
test_12513,0.11113223319260816
test_12514,0.9999981780135982
test_12515,0.012058805200091845
test_12516,0.9238690228296129
test_12517,0.002188795553034872
test_12518,2.372256122038617e-06
test_12519,8.280867683867419e-05
test_12520,9.721265834870282e-09
test_12521,9.277248141459359e-05
test_12522,0.0005449779565221419
test_12523,2.7093157266161992e-08
test_12524,0.999999649464032
test_12525,0.006248653142799092
test_12526,0.9999997906063862
test_12527,7.878151109663541e-12
test_12528,1.341314084169205e-08
test_12529,1.7423337399461338e-08
test_12530,0.9999740651050166
test_12531,0.0011924524052844571
test_12532,0.015984456778618754
test_12533,0.9999999999945888
test_12534,0.9999812578224565
test_12535,0.9573083359959131
test_12536,6.334694206737279e-06
test_12537,0.9993505735049575
test_12538,0.9999996680663629
test_12539,1.0495515452474728e-05
test_12540,0.7162526853424453
test_12541,0.5032756060521919
test_12542,8.109006446618725e-08
test_12543,0.001123408810826959
test_12544,1.748188044813619e-05
test_12545,0.9999999999999969
test_12546,0.011381323689994602
test_12547,1.330246435071159e-06
test_12548,0.7034287000279207
test_12549,0.9996279120502235
test_12550,0.6897217876588069
test_12551,0.6570164393114928
test_12552,0.9938863527938566
test_12553,0.9991856878915972
test_12554,3.680694596077409e-08
test_12555,0.9999999971510662
test_12556,0.30695182164956253
test_12557,0.6250006351578077
test_12558,0.00657529705003887
test_12559,0.9999849952858075
test_12560,0.99999999764882
test_12561,0.9999993644009504
test_12562,0.03103800220966376
test_12563,0.9999999998918235
test_12564,0.4305314222210863
test_12565,2.5362042669284453e-09
test_12566,0.9999947095995613
test_12567,8.892869705620487e-13
test_12568,9.614457054046649e-09
test_12569,0.9330522864646854
test_12570,0.9999994423209551
test_12571,4.96604499751586e-10
test_12572,0.8927344206778333
test_12573,1.4196650247546054e-05
test_12574,0.6531810374773053
test_12575,1.816761138943712e-08
test_12576,0.4900708888124204
test_12577,0.024955741895306614
test_12578,1.909801786375729e-09
test_12579,0.9994713131222882
test_12580,0.013357430708630857
test_12581,0.9858542627499216
test_12582,2.1321278070547214e-09
test_12583,0.999984498248566
test_12584,0.9975464523571986
test_12585,0.9895104383022275
test_12586,7.0333720366409635e-06
test_12587,1.1558859632824055e-07
test_12588,1.286948001262642e-06
test_12589,6.0786127719873295e-12
test_12590,0.23753060712172552
test_12591,0.9999883808701909
test_12592,6.081141583409101e-10
test_12593,3.0962766071717496e-10
test_12594,0.43375856599097173
test_12595,0.9999990438944533
test_12596,2.403239359183112e-07
test_12597,0.9996959368681126
test_12598,0.7348475722204978
test_12599,9.720295215248557e-06
test_12600,0.998827414974128
test_12601,0.9552875937856716
test_12602,4.8681349078733906e-09
test_12603,0.9999999898460019
test_12604,1.310059570827181e-09
test_12605,0.03206214853451531
test_12606,0.9999381647582466
test_12607,0.0029965016575310985
test_12608,0.8853184434931454
test_12609,0.999999944287624
test_12610,0.06860308402553976
test_12611,0.006988700211925365
test_12612,6.738666533189216e-06
test_12613,0.09431709112442652
test_12614,0.9999084101998909
test_12615,0.45489143124418857
test_12616,0.5101750660366131
test_12617,1.5153025629617462e-12
test_12618,1.0027829481000243e-07
test_12619,0.9999999986619427
test_12620,0.8482501278660085
test_12621,4.6567312758309556e-05
test_12622,1.785685857228042e-09
test_12623,0.9747268597576567
test_12624,0.9999999999962864
test_12625,1.389765195353502e-08
test_12626,1.0504608693129457e-09
test_12627,0.0012773377865761251
test_12628,0.009294163984042115
test_12629,0.9995027676373789
test_12630,0.1268679030774209
test_12631,0.9999999705572321
test_12632,0.008399942303381315
test_12633,0.03898657575342475
test_12634,0.00016862502917335516
test_12635,0.0032424992873938863
test_12636,0.9513740737292004
test_12637,0.23588346838723318
test_12638,0.0002710482081192806
test_12639,0.998940362365136
test_12640,0.24266507007972954
test_12641,6.953215028990418e-09
test_12642,0.6944990666432083
test_12643,0.999999905202311
test_12644,3.069873010262139e-06
test_12645,0.9999241523084517
test_12646,0.9999995770290838
test_12647,3.413124608253302e-06
test_12648,1.6231871369484816e-11
test_12649,0.005952382438128865
test_12650,0.9999999995940454
test_12651,0.9999991322404816
test_12652,1.6535104080105964e-06
test_12653,0.9999999807257764
test_12654,4.915248561192201e-13
test_12655,0.9984650333661395
test_12656,0.9492138638244001
test_12657,0.9961633911799503
test_12658,0.9999999957500205
test_12659,1.0919400883009588e-12
test_12660,0.44788810488272274
test_12661,0.9999999907729544
test_12662,0.9957037738801346
test_12663,3.4604111612805637e-07
test_12664,2.6412087826819363e-10
test_12665,0.9999999970564828
test_12666,3.177832733281662e-05
test_12667,0.999999889045631
test_12668,0.3438482980894376
test_12669,2.6428903725599002e-08
test_12670,0.9999908043875632
test_12671,0.9999913187815226
test_12672,0.0007620739378244403
test_12673,5.456102915140615e-06
test_12674,0.8854068628846571
test_12675,2.7181579575824605e-07
test_12676,0.9997728866449243
test_12677,0.9999386578395959
test_12678,0.029132734496174123
test_12679,0.9999996219289369
test_12680,0.7209817014637432
test_12681,0.2918924654466782
test_12682,0.9736887255259152
test_12683,0.0005340847228760767
test_12684,0.9949567722485156
test_12685,0.0004316892438143843
test_12686,0.9996353826131268
test_12687,0.9999998626939497
test_12688,0.999999999908525
test_12689,0.0929793367476176
test_12690,0.00031517708867826437
test_12691,0.9961130638724809
test_12692,0.9804677617129169
test_12693,0.999794450916989
test_12694,0.00034961405939991727
test_12695,1.7224606160049517e-10
test_12696,0.6677555101117172
test_12697,9.766746049506201e-06
test_12698,0.3555630232144769
test_12699,1.2914828546803052e-06
test_12700,0.00011596610794671589
test_12701,0.9921113755318585
test_12702,1.522533583061658e-09
test_12703,0.006856840528921736
test_12704,0.9999999974967517
test_12705,0.9999999183717893
test_12706,9.202649867912473e-10
test_12707,0.5333885917576596
test_12708,0.9999999993595751
test_12709,0.9999999946263136
test_12710,1.895188779176267e-08
test_12711,0.5224934539295143
test_12712,0.9999912809588248
test_12713,0.06358781564831682
test_12714,0.03769669812794604
test_12715,0.13831255357866365
test_12716,4.481720529511635e-16
test_12717,0.4315072564351755
test_12718,0.29500001591049557
test_12719,0.773082060195784
test_12720,0.9999994045587126
test_12721,0.9999999179107916
test_12722,0.9836384844954065
test_12723,2.7860010732127074e-10
test_12724,1.7254629303820875e-10
test_12725,0.5333537778445137
test_12726,0.9999538387613648
test_12727,0.6897649975957725
test_12728,0.7793792189176162
test_12729,0.9163793271486731
test_12730,1.2390621261751862e-05
test_12731,0.99999975598335
test_12732,0.7711259289548229
test_12733,0.9960697780124474
test_12734,0.9999986554693052
test_12735,0.9982785194204742
test_12736,0.999513405788421
test_12737,0.9999953386119069
test_12738,0.7868863398112229
test_12739,0.9999999728744242
test_12740,2.8188806521337497e-05
test_12741,4.343915370790651e-06
test_12742,0.0028548512316471718
test_12743,1.5293176985188718e-07
test_12744,1.712320901974323e-05
test_12745,0.3775579380621139
test_12746,0.9726419315063981
test_12747,0.7413119484729411
test_12748,0.28598109093089596
test_12749,2.824528642990133e-10
test_12750,3.726435102790378e-08
test_12751,0.050169165189347976
test_12752,0.999999904389325
test_12753,8.023397122377328e-05
test_12754,4.607815502427842e-05
test_12755,0.7190911838158004
test_12756,0.9834903313138927
test_12757,0.6193336407634839
test_12758,0.004265810278767368
test_12759,1.3243095318247835e-10
test_12760,0.7101725524418113
test_12761,0.29976248192772503
test_12762,4.326145248938907e-05
test_12763,0.1699911306731626
test_12764,9.302933643091274e-12
test_12765,0.9681841922310284
test_12766,0.0004985232605011409
test_12767,3.290043133600179e-06
test_12768,0.9999941839966024
test_12769,0.9997308631895518
test_12770,3.509895818462826e-12
test_12771,9.17221672462349e-08
test_12772,0.012751769775797563
test_12773,0.9941778854118135
test_12774,8.923825773852315e-06
test_12775,0.9999952671136916
test_12776,0.00018543622862015618
test_12777,8.077873927833555e-08
test_12778,0.9999998610714206
test_12779,0.00038780217768937425
test_12780,0.99999977232547
test_12781,0.9999999966014179
test_12782,7.818676162453755e-13
test_12783,0.999999989552233
test_12784,0.3456048185810845
test_12785,0.9988182926878235
test_12786,0.6009534706212741
test_12787,0.9967721171735326
test_12788,2.2536445103557343e-07
test_12789,0.988563639094433
test_12790,0.02048612687795497
test_12791,0.004783218540057661
test_12792,0.010119826439160307
test_12793,0.998753833202205
test_12794,0.1181896135014403
test_12795,0.9999999999951417
test_12796,0.9999999556682719
test_12797,0.999998597157983
test_12798,0.9606873549400808
test_12799,2.3471508008721714e-10
test_12800,0.4558925421050904
test_12801,0.012625176592084975
test_12802,9.711683544909103e-05
test_12803,0.999999964838544
test_12804,0.9999999998775628
test_12805,0.12272514717956885
test_12806,2.86902261138314e-07
test_12807,0.9925133498601848
test_12808,1.7265351692541454e-05
test_12809,0.9991482326333101
test_12810,0.00020342067873311626
test_12811,1.0351835828559022e-05
test_12812,0.6015170969160012
test_12813,0.9999933969273423
test_12814,0.1933121902757737
test_12815,1.359808827280286e-07
test_12816,0.00025805504908018597
test_12817,3.5118949784392504e-08
test_12818,4.021219725092661e-06
test_12819,2.0665140420535805e-13
test_12820,0.9999737794883456
test_12821,1.1749032919272833e-05
test_12822,0.9497475662463432
test_12823,0.99999997786805
test_12824,1.2990163810767434e-09
test_12825,0.05123745626633808
test_12826,0.5776899145239868
test_12827,0.05356176050997001
test_12828,0.357173249182681
test_12829,0.9999821857106195
test_12830,2.66418472593532e-09
test_12831,0.0014604586550577086
test_12832,0.9999995592021749
test_12833,2.3016881989390518e-10
test_12834,0.9999999995648615
test_12835,0.9999782437523614
test_12836,0.9459374869665003
test_12837,0.9999607920835437
test_12838,0.9999973810782573
test_12839,1.3730201007183957e-08
test_12840,7.395259577078933e-10
test_12841,2.277580282063423e-10
test_12842,0.0019979074881661557
test_12843,0.9999999040181471
test_12844,0.8125932691628287
test_12845,9.68810963648243e-08
test_12846,0.002006728663144432
test_12847,0.9999927698308728
test_12848,0.9999926009945609
test_12849,0.0005808911526082278
test_12850,0.8643687463261089
test_12851,0.01446518577473288
test_12852,0.08095359663600524
test_12853,0.9563101466494588
test_12854,0.08825258756961032
test_12855,0.02045106527055769
test_12856,0.9999999999807635
test_12857,0.9031048063979752
test_12858,1.087393960586618e-10
test_12859,0.9999999999948621
test_12860,0.9997373944769989
test_12861,0.08903160075420864
test_12862,0.0002572437004745847
test_12863,4.4300223163515675e-08
test_12864,6.075774571345872e-08
test_12865,0.999999999997175
test_12866,0.5525349458471274
test_12867,0.9902563454068412
test_12868,0.5990910357539738
test_12869,3.049760721591963e-07
test_12870,0.9999999972969926
test_12871,0.6312414883864484
test_12872,0.9989910919177618
test_12873,0.7809386517197333
test_12874,0.9999997654407919
test_12875,0.005235247444840964
test_12876,2.2096991945406307e-06
test_12877,1.8676480288870543e-06
test_12878,0.9990239001991492
test_12879,0.9156252547832865
test_12880,2.7269261023670047e-06
test_12881,1.5607003209626082e-10
test_12882,0.9999999999998292
test_12883,0.0001550966748306387
test_12884,0.5138566561999895
test_12885,2.5176557351113952e-05
test_12886,0.35542662611382214
test_12887,0.0007886588290694029
test_12888,9.160717253706964e-09
test_12889,4.132026584337251e-06
test_12890,0.9999989794616175
test_12891,6.55437932911855e-09
test_12892,0.01773432206203161
test_12893,0.9999398126283606
test_12894,0.001281649781723669
test_12895,0.6114321513874972
test_12896,0.999999999999791
test_12897,0.9999827388492469
test_12898,0.004603756054969858
test_12899,1.975358409012855e-11
test_12900,0.9991106857470129
test_12901,0.5844580146815426
test_12902,0.9999022292139802
test_12903,0.5978800528337209
test_12904,0.25896467018016284
test_12905,0.9999999947130048
test_12906,5.6838796471175905e-06
test_12907,0.017677918819950036
test_12908,0.9999999999881446
test_12909,0.9999202585170386
test_12910,0.007907182543549825
test_12911,0.9999710100522613
test_12912,0.9999999999961454
test_12913,2.747116539547155e-05
test_12914,3.8285767421199935e-05
test_12915,0.999999999969944
test_12916,0.9999999999978872
test_12917,0.9999999918136746
test_12918,2.1237325381663236e-06
test_12919,0.9942489941781194
test_12920,0.9999898672269569
test_12921,2.544259867067232e-07
test_12922,0.0004113276732282573
test_12923,0.9999987481373134
test_12924,0.9991485300541503
test_12925,0.9999944466126807
test_12926,0.9993317168772358
test_12927,0.0008069111811699313
test_12928,9.613663158534907e-05
test_12929,0.9999764439018126
test_12930,0.9999982214415858
test_12931,1.661841693478434e-07
test_12932,1.857480975214908e-09
test_12933,0.9999999988358211
test_12934,0.9569973846578311
test_12935,0.020007892492884236
test_12936,0.9173573985776029
test_12937,0.979722630743529
test_12938,0.32062351774343106
test_12939,0.9999999967510831
test_12940,0.9999997391269333
test_12941,0.003094642721600958
test_12942,0.049684532675001794
test_12943,9.66744201883594e-07
test_12944,0.9980307618585502
test_12945,0.000529588988320162
test_12946,0.9999999974673734
test_12947,0.9819917462086053
test_12948,0.01951708827722793
test_12949,5.282907203158808e-06
test_12950,0.8795284412880118
test_12951,0.01570484378247569
test_12952,0.2544652864420528
test_12953,0.999999999996561
test_12954,0.0005056430816659269
test_12955,0.047565158352346815
test_12956,0.99999769257917
test_12957,0.6836784018495252
test_12958,2.9815697261009357e-11
test_12959,0.4027646452959174
test_12960,0.965479723055692
test_12961,0.0006867348682548146
test_12962,0.21609609496794713
test_12963,0.9999729473656722
test_12964,8.360383657742407e-08
test_12965,0.5364392453624767
test_12966,0.9704882203821339
test_12967,4.378552734894164e-06
test_12968,0.03375969783064399
test_12969,0.12565620414924988
test_12970,0.2887372107713807
test_12971,5.45402764384782e-10
test_12972,0.3583153577658543
test_12973,5.738499034860785e-10
test_12974,1.6368607495177707e-06
test_12975,0.4647524686411257
test_12976,0.0001079015278952528
test_12977,9.626535557925807e-08
test_12978,0.9914203801908443
test_12979,0.00027802671477480327
test_12980,9.636770745498621e-09
test_12981,0.9935382590825905
test_12982,0.9999999072032386
test_12983,2.2288212135715562e-08
test_12984,0.14993388399448682
test_12985,0.9896608102744084
test_12986,0.9301988811262125
test_12987,0.9984457011743981
test_12988,0.0011378361350483643
test_12989,0.9192908051449611
test_12990,0.9998545979978148
test_12991,0.001419448420873669
test_12992,0.24908775812300843
test_12993,0.9999999999957858
test_12994,0.09576072748024726
test_12995,0.7495222250529989
test_12996,0.9996693039201336
test_12997,4.3432798197894904e-07
test_12998,0.9997443029827565
test_12999,0.6803176243531167
test_13000,0.1956724783089356
test_13001,0.999999999999891
test_13002,7.89276452645902e-12
test_13003,0.9999999508430261
test_13004,0.5052656593821496
test_13005,0.6701133476713292
test_13006,0.09599449393668955
test_13007,0.0002363108087068422
test_13008,0.14471632461088707
test_13009,0.9970367752515545
test_13010,0.305141667008766
test_13011,0.06931318715148961
test_13012,5.29619695332274e-06
test_13013,0.9995852459796715
test_13014,0.33606834668176677
test_13015,0.9999676825168602
test_13016,1.2980916455353875e-06
test_13017,0.9960434666980855
test_13018,1.6320911476356216e-11
test_13019,0.9665906377388502
test_13020,0.028027239321455982
test_13021,0.00019876158006704745
test_13022,0.4473767763559007
test_13023,0.5862245621854143
test_13024,0.9972769378370336
test_13025,0.9999999090037195
test_13026,0.9999999999986569
test_13027,0.996499697028745
test_13028,7.510787407522565e-07
test_13029,0.9866090657107182
test_13030,0.019144552712425628
test_13031,0.9999968272272652
test_13032,0.9999598474927429
test_13033,0.0001459551448561947
test_13034,0.9927801462830086
test_13035,0.24702530688701083
test_13036,0.7202703825478168
test_13037,0.9999999997647491
test_13038,0.5778727781141944
test_13039,0.9999999999814946
test_13040,0.9999890956271091
test_13041,0.7539784405469283
test_13042,0.8555692886112142
test_13043,0.996630617125082
test_13044,0.9996816395581896
test_13045,0.02613840236860415
test_13046,0.9999970153301134
test_13047,3.2215776999901664e-05
test_13048,0.00035603477620772714
test_13049,0.9999965977129279
test_13050,1.818952930204594e-12
test_13051,0.009225480520362676
test_13052,0.945464862051246
test_13053,0.9999998051793282
test_13054,5.233772161721302e-06
test_13055,1.4044686672246262e-06
test_13056,0.9999999999989525
test_13057,5.5409382234365196e-05
test_13058,4.43669365561289e-07
test_13059,0.9999998939015344
test_13060,0.994601168026431
test_13061,0.9999993934296254
test_13062,0.9999999716440944
test_13063,1.649106331057246e-05
test_13064,0.00011137166150447594
test_13065,0.9999999988493369
test_13066,0.9482861918711697
test_13067,0.10264375277429258
test_13068,0.8914845181160214
test_13069,0.9999929673886374
test_13070,0.999619851247677
test_13071,0.029816014006094925
test_13072,4.144969015355324e-07
test_13073,0.3347839577136554
test_13074,0.9999999399789452
test_13075,0.9663573158985618
test_13076,0.0507993315719474
test_13077,0.6746145898353451
test_13078,0.9999456078406477
test_13079,0.9999999991739161
test_13080,4.046865224915829e-06
test_13081,7.879353697514159e-05
test_13082,0.9337715246844294
test_13083,0.502610162619752
test_13084,0.9999991708025284
test_13085,0.9999590595445864
test_13086,0.9474437435777658
test_13087,1.886626076798989e-14
test_13088,0.9941260055077465
test_13089,0.48380040962406307
test_13090,0.0006410490971190596
test_13091,0.5459430116308576
test_13092,0.9999999627315459
test_13093,0.0003193146752513613
test_13094,0.9430154173845332
test_13095,0.9999999542703784
test_13096,2.4657543770167137e-10
test_13097,0.11118563482871263
test_13098,1.4684861189108247e-08
test_13099,0.0049039094013781535
test_13100,0.0014331149669190488
test_13101,1.0894242253855032e-11
test_13102,0.006744414202156601
test_13103,0.001974822442041802
test_13104,3.714921520723188e-10
test_13105,0.9965127397556107
test_13106,0.9876554887292122
test_13107,0.4105100526000155
test_13108,0.9999873114925334
test_13109,4.515383233663472e-09
test_13110,0.9999999999708047
test_13111,0.47159808836112055
test_13112,0.9999312635934171
test_13113,1.391068281167868e-05
test_13114,7.187677200502318e-06
test_13115,0.7147920493411054
test_13116,0.8916237479398025
test_13117,9.945988342413272e-12
test_13118,0.12427939540413276
test_13119,4.604025677690223e-05
test_13120,0.020445341921659498
test_13121,0.07342347403505199
test_13122,1.507730388624003e-05
test_13123,0.00015086525544464813
test_13124,0.999904475216733
test_13125,0.999999789507485
test_13126,0.1236072228899899
test_13127,0.9999999996428635
test_13128,0.6728057457878767
test_13129,0.0017206522695024766
test_13130,0.6661351601315921
test_13131,0.03073327233389077
test_13132,0.9999867472543373
test_13133,9.189159268922428e-05
test_13134,4.2369761523544614e-08
test_13135,0.0003516560176633265
test_13136,5.8599369560094235e-06
test_13137,0.9999999770707636
test_13138,0.5937981675327512
test_13139,0.5746126223179918
test_13140,0.0029139255285734796
test_13141,0.9998944182149014
test_13142,9.860315170702496e-05
test_13143,0.9999999999850906
test_13144,0.002671761913463555
test_13145,0.25996310367622555
test_13146,0.9999992932866077
test_13147,0.9999999999409509
test_13148,5.293476791254621e-06
test_13149,4.296156636059425e-05
test_13150,0.4804318677152822
test_13151,0.9999162741222261
test_13152,6.398102975982841e-11
test_13153,0.9999999999412095
test_13154,0.05804180970458251
test_13155,0.9999999999994725
test_13156,0.1056040031886101
test_13157,0.9999999825334746
test_13158,0.961393134495611
test_13159,0.9987055081123537
test_13160,0.7548324895177491
test_13161,0.08644803378848023
test_13162,0.999958737503686
test_13163,0.9999800302632922
test_13164,7.898581016679172e-06
test_13165,0.5137105910791695
test_13166,0.18587716725616904
test_13167,2.667949166429123e-07
test_13168,0.2495068929854086
test_13169,0.0024665598351002647
test_13170,0.7570891058655246
test_13171,0.16493580416704
test_13172,0.9999999920042573
test_13173,0.0005728287195359273
test_13174,0.9999999999087574
test_13175,2.908767769604855e-10
test_13176,0.14077458615746935
test_13177,0.05782454563005132
test_13178,1.2482978599592379e-05
test_13179,7.061931447426563e-07
test_13180,0.9999999991289437
test_13181,0.0010644726719618628
test_13182,0.9524468945661042
test_13183,0.9999999999999998
test_13184,2.6974166169385404e-06
test_13185,0.9999999999913931
test_13186,0.49241199673363323
test_13187,0.8647725556025486
test_13188,0.00026683045314918475
test_13189,0.4474645398261274
test_13190,0.0007401895610703567
test_13191,0.0013332858514970613
test_13192,0.9999999999999603
test_13193,0.11393588209023502
test_13194,0.9999999999999982
test_13195,0.005138021711539865
test_13196,0.9999999999999999
test_13197,2.1562900571458775e-06
test_13198,0.09211371834277678
test_13199,0.9999999995438211
test_13200,0.49613260409836907
test_13201,0.013198708887413283
test_13202,0.9101918049396939
test_13203,0.9999998128002964
test_13204,0.3703798404196782
test_13205,7.147493734687522e-06
test_13206,2.9105576638363212e-05
test_13207,0.999997779864114
test_13208,4.1991027570062925e-06
test_13209,5.026890787191104e-10
test_13210,0.9999561212350183
test_13211,0.9999999428190677
test_13212,0.9999999752513755
test_13213,9.005263030743395e-07
test_13214,5.439565506969591e-05
test_13215,0.001286197988156104
test_13216,0.9992696010710882
test_13217,0.9999999975790439
test_13218,0.9999999999579969
test_13219,0.004327094368492147
test_13220,0.9999999789913891
test_13221,0.003956911452836923
test_13222,0.9998555551248205
test_13223,0.0034615342236256025
test_13224,0.9995842591660111
test_13225,0.1419701782887941
test_13226,0.9999888880008991
test_13227,0.9999999937405342
test_13228,0.03431962371264725
test_13229,6.991113543227885e-08
test_13230,0.03831027860229244
test_13231,0.9388659466119251
test_13232,0.9999762250211457
test_13233,1.5754568221908897e-11
test_13234,0.99999999999976
test_13235,1.6919334701475744e-06
test_13236,0.6212310606400087
test_13237,0.0004566350294870217
test_13238,0.9999999999062288
test_13239,0.5722814790022963
test_13240,2.0201097738259335e-06
test_13241,2.4942506826909267e-05
test_13242,0.0003363857140023297
test_13243,0.9999737316689293
test_13244,0.9966153362020329
test_13245,0.7275083777348873
test_13246,0.9930708850941917
test_13247,0.9999205205259003
test_13248,0.9121158252070041
test_13249,0.20869186240638907
test_13250,0.9999923996264133
test_13251,0.0011503822219030566
test_13252,2.70327818378362e-12
test_13253,0.00534106278008111
test_13254,3.3206095253950208e-06
test_13255,0.803310783408524
test_13256,1.5195334890308862e-12
test_13257,2.2179703504032863e-08
test_13258,0.6601477573847816
test_13259,0.9997655328783815
test_13260,0.09788772237687185
test_13261,5.4464734053341224e-11
test_13262,1.1972301610429868e-09
test_13263,4.575025739101e-05
test_13264,0.501080596554126
test_13265,0.9999989476192173
test_13266,0.999998000284213
test_13267,0.6524176277976058
test_13268,0.0001865703612090756
test_13269,5.009160100272243e-05
test_13270,0.00021554692426257836
test_13271,0.0033662886847424275
test_13272,3.286661450199323e-11
test_13273,0.9996626088924154
test_13274,0.0005344141153902507
test_13275,2.867247875604674e-06
test_13276,0.034629590555501875
test_13277,0.293434472624075
test_13278,0.055949258851051724
test_13279,0.01584438341899532
test_13280,1.546375649134899e-05
test_13281,0.9999118261237793
test_13282,1.0289832276421207e-06
test_13283,0.42572691593776035
test_13284,0.9764557686253157
test_13285,1.7418333161367172e-07
test_13286,0.9910489595354035
test_13287,9.934235101347792e-14
test_13288,0.9993683497122
test_13289,4.445451652716227e-08
test_13290,0.9999995653876461
test_13291,0.9999999996825876
test_13292,0.9999992321277327
test_13293,0.9998991072846765
test_13294,0.5616353344988461
test_13295,0.9999999999757074
test_13296,0.9999999987738131
test_13297,5.831664211242545e-05
test_13298,0.9594216458875595
test_13299,0.9999998758878477
test_13300,0.841363976327143
test_13301,0.8736921874232393
test_13302,0.9999375232431201
test_13303,1.1849837511189042e-08
test_13304,0.9105478940733942
test_13305,4.520953854362878e-07
test_13306,6.026434380302255e-07
test_13307,2.0305566803685455e-05
test_13308,0.9999004444938977
test_13309,0.9999999999899551
test_13310,0.9999999982136819
test_13311,0.9999999921930787
test_13312,0.02182760563837809
test_13313,0.5652269990710874
test_13314,0.9893127178766455
test_13315,0.9999964811048838
test_13316,0.07695279905808464
test_13317,0.9999594863089596
test_13318,0.001507828597462198
test_13319,0.988982926695436
test_13320,0.00012769508360536443
test_13321,0.9999937203583542
test_13322,8.612348820058874e-05
test_13323,0.9991944919735232
test_13324,0.006539940851923562
test_13325,5.690428881363007e-10
test_13326,0.04225639663762347
test_13327,0.999999410956007
test_13328,4.1468720413737426e-12
test_13329,1.1580721016900615e-06
test_13330,0.0002999761411357986
test_13331,0.27213784305184074
test_13332,3.0473442407585965e-07
test_13333,0.9999999938140016
test_13334,0.000698286928729353
test_13335,7.389561464163366e-05
test_13336,0.030649842633926797
test_13337,0.9960554797336957
test_13338,0.036992210715848434
test_13339,0.9806300095196108
test_13340,2.8294597005512955e-05
test_13341,0.9999992274893967
test_13342,0.0362765793437842
test_13343,0.9999781756796724
test_13344,0.9999985667387306
test_13345,0.6271183763001625
test_13346,0.9763549726781777
test_13347,5.462240307578424e-08
test_13348,0.0433529719409863
test_13349,1.7919030699968049e-06
test_13350,0.3373938193498653
test_13351,0.9629772068690943
test_13352,6.568567511135264e-09
test_13353,0.015223362999751524
test_13354,0.99813544371698
test_13355,9.730509028472997e-05
test_13356,0.9999997143600612
test_13357,3.3131730005687185e-05
test_13358,0.9999969460775068
test_13359,0.9998467947340762
test_13360,0.9999999959108055
test_13361,0.028057577259031956
test_13362,0.9999998272132611
test_13363,6.25989022962542e-08
test_13364,0.9955924739998103
test_13365,0.9985647957013861
test_13366,0.9999991885418481
test_13367,0.9999851823054291
test_13368,0.17223155778435376
test_13369,0.4350747297776212
test_13370,0.8091650367532915
test_13371,0.9999994897782754
test_13372,0.999999350142981
test_13373,0.9190140864452377
test_13374,0.9997810766355706
test_13375,0.9895738491597816
test_13376,0.999557646831301
test_13377,0.9999982769521891
test_13378,5.124645856041329e-08
test_13379,0.00018887413106257253
test_13380,0.7299554030575286
test_13381,0.00047938269583904815
test_13382,0.9999497314358093
test_13383,0.9999999999972462
test_13384,0.9106073831926316
test_13385,0.9958576901589118
test_13386,0.0005966356110612241
test_13387,1.4575026646297685e-06
test_13388,0.00016975527994658182
test_13389,1.2398363840783298e-09
test_13390,0.006887445574174096
test_13391,0.9999999983794725
test_13392,0.01838638080381278
test_13393,0.6666614053864136
test_13394,0.9970798560431616
test_13395,0.9997695117479539
test_13396,0.9968460792241407
test_13397,0.49997276769906634
test_13398,0.030560213940731388
test_13399,0.9957371152143693
test_13400,0.9999999959570727
test_13401,0.0022800213961789426
test_13402,0.7684429221791069
test_13403,0.960034513605412
test_13404,0.9986423243696207
test_13405,0.999999994640559
test_13406,0.9896823369201232
test_13407,8.861230109226956e-05
test_13408,1.8435201099798783e-05
test_13409,0.9485475160596585
test_13410,0.1180646713686869
test_13411,0.9948741090884067
test_13412,0.9975835346366286
test_13413,0.0039326321338366485
test_13414,0.14334990054226612
test_13415,0.9990432889561285
test_13416,0.9999991829114443
test_13417,0.00037411906354776244
test_13418,0.19530894824868722
test_13419,0.9993452427055118
test_13420,0.9999992889530613
test_13421,8.08251565834599e-10
test_13422,1.4907221962849928e-05
test_13423,0.4731608462874839
test_13424,0.8337308988871673
test_13425,0.010091914124479325
test_13426,1.5947786772828792e-14
test_13427,0.999999971568035
test_13428,0.999998462162889
test_13429,0.10120045496771517
test_13430,4.646562035220443e-07
test_13431,0.9999999999994241
test_13432,4.428495463250749e-06
test_13433,0.003124859287746293
test_13434,0.9993671666468442
test_13435,0.5331203652124044
test_13436,0.00016547967857981948
test_13437,3.888874692665703e-06
test_13438,0.9973276289097384
test_13439,0.9999996807264864
test_13440,0.995745029214876
test_13441,0.9658773901913686
test_13442,0.9999999998873016
test_13443,0.29519042598779166
test_13444,0.9999851105846933
test_13445,0.9999999895601558
test_13446,2.9522032605182273e-07
test_13447,0.09573288664785014
test_13448,6.522665145999516e-07
test_13449,1.976851457788864e-11
test_13450,0.8513092069778851
test_13451,1.1331503999056799e-10
test_13452,0.9013126961641795
test_13453,0.9991346698199266
test_13454,4.990859162432706e-07
test_13455,2.528523003926542e-06
test_13456,0.9999999603573164
test_13457,0.3089234389639869
test_13458,0.7992601298011828
test_13459,0.9999999521351459
test_13460,0.03751202575424529
test_13461,0.00019387427406779333
test_13462,0.9758096507934393
test_13463,3.5357522117716636e-07
test_13464,0.0036351677569634953
test_13465,0.16682894086195174
test_13466,0.8464302826657204
test_13467,1.4773921630540798e-09
test_13468,0.02934760338434804
test_13469,0.9976787501589166
test_13470,0.40546651690418295
test_13471,0.9999999999921845
test_13472,0.9999999430653534
test_13473,0.9999999991390609
test_13474,0.8260554274857691
test_13475,0.9999862848796461
test_13476,0.00061750719834592
test_13477,0.999995471104714
test_13478,0.9999980795833439
test_13479,0.9998126362201426
test_13480,1.0
test_13481,0.9972148673582695
test_13482,0.16185598411724916
test_13483,0.9396459912026871
test_13484,0.1278729687859671
test_13485,0.9997951550736394
test_13486,0.5005931542874018
test_13487,0.2870332078551743
test_13488,9.162822510151674e-06
test_13489,0.6764588739613651
test_13490,7.2560622070404015e-06
test_13491,0.00107582118037744
test_13492,0.9999999777318462
test_13493,0.4848688308576239
test_13494,2.6167996115679186e-12
test_13495,0.7067759072637784
test_13496,0.8165758159030665
test_13497,1.0334984678753396e-05
test_13498,0.9340610480710254
test_13499,0.0029900656810272915
test_13500,0.9997483084629311
test_13501,1.6293166087477974e-05
test_13502,0.00021336050013529852
test_13503,0.5823088955596386
test_13504,3.731556479211986e-08
test_13505,0.0017451203769908762
test_13506,0.017486726233043502
test_13507,1.1442706324446654e-09
test_13508,0.9999999999999997
test_13509,0.00018049198370320517
test_13510,0.020399693468952144
test_13511,0.7070187963455318
test_13512,0.9998650066032777
test_13513,0.014074016253780821
test_13514,0.004088590838166378
test_13515,0.0004932673046631799
test_13516,0.1437489058416579
test_13517,0.3867771979673036
test_13518,0.059406796507942686
test_13519,0.5574881480726928
test_13520,0.6783385197365536
test_13521,0.9999999999070186
test_13522,0.002877306936577536
test_13523,0.9999999892806555
test_13524,0.9732925642184532
test_13525,0.9999051544929012
test_13526,1.1224147000836479e-11
test_13527,0.9876631654540926
test_13528,0.8808282774033394
test_13529,0.999905071116244
test_13530,0.9999999999727704
test_13531,6.693379948601105e-05
test_13532,0.4103939016993434
test_13533,0.9726929698336395
test_13534,0.0005720304041373137
test_13535,0.9998070598805905
test_13536,5.908412954438202e-09
test_13537,1.6751520156276935e-06
test_13538,0.0011650286939892001
test_13539,0.024248736115457338
test_13540,0.9997511895863092
test_13541,0.9999730140403982
test_13542,1.196734737267401e-07
test_13543,0.005458637426448438
test_13544,0.9999987960403148
test_13545,0.9999986270915093
test_13546,0.9999900313847954
test_13547,7.026221414495912e-06
test_13548,0.2263872171491501
test_13549,0.5157389579225926
test_13550,0.0004910979817417999
test_13551,0.8565918099327787
test_13552,7.661006351497246e-08
test_13553,0.9961953899984517
test_13554,0.9711496048636459
test_13555,0.00014527575010935
test_13556,0.734986945099891
test_13557,0.9999971957103448
test_13558,2.290184671740248e-06
test_13559,5.981204218712137e-07
test_13560,0.001443317136310555
test_13561,2.4256841291706292e-05
test_13562,0.6716218992267304
test_13563,0.9999329069040752
test_13564,0.9922719332054054
test_13565,0.9999999999873044
test_13566,0.5894942499550961
test_13567,0.9999996221868447
test_13568,0.9886124124896774
test_13569,0.988138708790242
test_13570,0.9889353847815551
test_13571,0.09549830611737868
test_13572,0.9999798894506129
test_13573,0.9999998447217047
test_13574,0.2513523125515082
test_13575,0.9999999103434867
test_13576,0.7223542606960593
test_13577,1.2287297219692528e-05
test_13578,0.9522014535229775
test_13579,0.42633427990103856
test_13580,2.719122385283667e-07
test_13581,0.9998872555450555
test_13582,0.9999733628471672
test_13583,1.7761006143082864e-10
test_13584,0.9999998623154458
test_13585,0.9999999987939063
test_13586,0.9999999999999754
test_13587,0.15523011290999894
test_13588,0.9999999278932071
test_13589,0.99998839609183
test_13590,1.8055722750586609e-06
test_13591,0.0026789398391385234
test_13592,0.9982333262460792
test_13593,0.9999999999988229
test_13594,6.946557451104889e-07
test_13595,1.9323247818713023e-06
test_13596,1.3935054600697439e-08
test_13597,3.671893621079624e-07
test_13598,1.2330841903365742e-06
test_13599,0.9443559493971507
test_13600,7.75934684523992e-05
test_13601,0.9970756250288815
test_13602,0.9999999976740771
test_13603,0.9999194715298602
test_13604,0.9999994892456445
test_13605,0.4619501047451984
test_13606,0.9999804364053189
test_13607,0.00024117319574715166
test_13608,3.17092354896362e-08
test_13609,0.9999581308507208
test_13610,0.9999999997783031
test_13611,0.9999937383970461
test_13612,0.9999999997240148
test_13613,0.7900227763464549
test_13614,0.9999999999999984
test_13615,0.9685147375743831
test_13616,0.0017469430399480743
test_13617,0.9999999999675389
test_13618,1.6337168869789493e-05
test_13619,0.9994240024977619
test_13620,0.034867895477815214
test_13621,0.5719916043077953
test_13622,0.9999832287089598
test_13623,2.8545706157196138e-06
test_13624,5.470244814960156e-10
test_13625,0.6723594299428077
test_13626,0.0022987817454734175
test_13627,2.2055770336549564e-11
test_13628,0.4644577066211055
test_13629,9.023619054647479e-06
test_13630,5.373495615937658e-06
test_13631,0.014618137033094617
test_13632,0.9999650963277
test_13633,0.09380335159005576
test_13634,0.999980746110291
test_13635,0.964090489414494
test_13636,0.9999885203480297
test_13637,0.8652138004134977
test_13638,0.9999999999999922
test_13639,0.9999999947708275
test_13640,0.3023132558931254
test_13641,0.8637392638547821
test_13642,0.19167282430975444
test_13643,1.1271931143887471e-07
test_13644,5.5003312735623e-08
test_13645,0.9999999999090284
test_13646,0.9999698305834902
test_13647,0.9979634558220729
test_13648,0.8939200924751302
test_13649,0.001024100471171513
test_13650,5.931912081294143e-06
test_13651,0.7899395388189177
test_13652,6.433211266733063e-07
test_13653,0.9999914043667422
test_13654,0.004325921451542091
test_13655,9.862266429636051e-09
test_13656,2.932352314768131e-07
test_13657,0.01242315481356996
test_13658,0.7504245469154314
test_13659,0.9956766562168098
test_13660,6.091795024790996e-16
test_13661,0.48087510078804624
test_13662,0.726421964997652
test_13663,2.536570339187122e-11
test_13664,0.9999999999998839
test_13665,0.0029214165873406197
test_13666,0.999999984620151
test_13667,5.959805793434458e-05
test_13668,5.106101276877744e-12
test_13669,0.9952471592518886
test_13670,0.0018817388879912003
test_13671,0.09214175675089462
test_13672,7.76892505929323e-06
test_13673,7.372179368920408e-05
test_13674,0.5536431574303747
test_13675,0.5817644011945031
test_13676,0.4057902024004737
test_13677,0.006723945941648743
test_13678,3.518764922282132e-09
test_13679,1.2888259174262227e-06
test_13680,0.002576147464455731
test_13681,0.9999993056790355
test_13682,0.9712200690436019
test_13683,0.9999913008397113
test_13684,1.2030858974355052e-07
test_13685,0.5073053501053642
test_13686,0.0001812496422811349
test_13687,0.9999945943749422
test_13688,0.9999998756417792
test_13689,0.9999995087346059
test_13690,4.588012187794647e-06
test_13691,0.9995315468388376
test_13692,0.67879102509776
test_13693,0.005071445754903195
test_13694,7.627942839615058e-05
test_13695,0.99998881800924
test_13696,0.9999998516877298
test_13697,0.19847707300926998
test_13698,0.9309051727995481
test_13699,0.9995960701432389
test_13700,0.9999998931570857
test_13701,1.07308490366163e-07
test_13702,0.9999999988791416
test_13703,0.014934674804104806
test_13704,2.312860668766733e-12
test_13705,0.9999988473777714
test_13706,4.813988736595689e-07
test_13707,5.463884700798544e-07
test_13708,3.824557429325441e-06
test_13709,0.7759403916024794
test_13710,0.3434578552454534
test_13711,0.04479896156688789
test_13712,0.9991208655784014
test_13713,0.8586049011137128
test_13714,0.054903065615123946
test_13715,0.32831952806824294
test_13716,0.05469033632209142
test_13717,0.9998183363691965
test_13718,0.8075421343905131
test_13719,0.5781379163917517
test_13720,0.021854444891300413
test_13721,0.9996525341396161
test_13722,0.8237971030467406
test_13723,0.002563288305186011
test_13724,0.0002559811521926202
test_13725,0.9993681117866835
test_13726,1.7020918967022658e-07
test_13727,0.991425447167648
test_13728,6.73134615185886e-12
test_13729,0.9999999999733207
test_13730,0.0013732112518347833
test_13731,1.0539688029959409e-10
test_13732,0.9999999977443723
test_13733,0.6424798537615364
test_13734,0.3612095150347319
test_13735,0.9999999988506656
test_13736,0.9973623280972721
test_13737,2.6528165728808966e-05
test_13738,0.938975491901208
test_13739,0.999999990565285
test_13740,0.26724793662037866
test_13741,0.12940853339456543
test_13742,0.00020508991574219815
test_13743,2.2059200774904828e-07
test_13744,0.18812940336644834
test_13745,0.04865051194699939
test_13746,0.4433349087841218
test_13747,4.0588596786707393e-07
test_13748,2.5100574866096173e-05
test_13749,0.27300807589907006
test_13750,6.936927483479622e-08
test_13751,0.9984963439445562
test_13752,0.005387502120636812
test_13753,0.9999829173271604
test_13754,0.9999897271404723
test_13755,0.06189649060240737
test_13756,0.9999999998694264
test_13757,0.7534589913139393
test_13758,2.629238133697543e-12
test_13759,0.9149638212655973
test_13760,1.437880679684428e-11
test_13761,1.2138593967595994e-08
test_13762,4.2213101386347074e-10
test_13763,0.9999999998970789
test_13764,0.999996197180264
test_13765,0.9998795827010039
test_13766,1.7097714971610225e-05
test_13767,0.07530682478690211
test_13768,0.9999998807560908
test_13769,0.9999839904360865
test_13770,0.012189405130025442
test_13771,0.9988395866522475
test_13772,3.3528696539428285e-08
test_13773,0.8620723984361631
test_13774,3.4768365079316267e-09
test_13775,2.3234184638226558e-11
test_13776,0.9999668573284202
test_13777,0.9999998493021744
test_13778,0.9999999999323543
test_13779,0.4330497257577368
test_13780,0.9999879080143476
test_13781,0.025988315915836696
test_13782,0.9999347746748184
test_13783,0.008739160502927721
test_13784,0.0027235741767012442
test_13785,0.9999211646540123
test_13786,0.0026134274651951218
test_13787,0.9999997640088354
test_13788,0.23217693673014517
test_13789,0.10166331734426011
test_13790,0.23173031449362974
test_13791,0.0037780224303363783
test_13792,0.9974515861066293
test_13793,1.5521835193296757e-05
test_13794,0.0004674588840258718
test_13795,3.83167098529723e-09
test_13796,0.9999999999948411
test_13797,0.9999330743323063
test_13798,4.871495383853172e-07
test_13799,6.787307590379992e-05
test_13800,0.9999417051829722
test_13801,0.9999860734799452
test_13802,1.8664713761100221e-06
test_13803,3.887148282803747e-15
test_13804,1.853316054438596e-05
test_13805,0.031094716885632503
test_13806,0.9999913916224007
test_13807,2.132349598611407e-08
test_13808,0.9999992213436224
test_13809,0.02387495555689136
test_13810,0.9999997321005807
test_13811,0.0208577850053911
test_13812,0.9995245423338864
test_13813,0.9893924788969699
test_13814,4.967660525645798e-09
test_13815,0.9999999226981886
test_13816,0.9999989366188915
test_13817,0.5354605591756025
test_13818,5.5005274844892314e-05
test_13819,0.8851059471895388
test_13820,0.9888447646783509
test_13821,0.023922284187960764
test_13822,3.4663530737727045e-05
test_13823,0.9999999996596352
test_13824,2.365545837874262e-05
test_13825,6.3534795234047375e-06
test_13826,0.9999780648957701
test_13827,0.9999999771840136
test_13828,0.9840856787022747
test_13829,0.9999999924582885
test_13830,2.682920306645465e-07
test_13831,0.4105920637949196
test_13832,0.9938691648209838
test_13833,0.9999120552968415
test_13834,0.16287429893162497
test_13835,0.9999928753686764
test_13836,0.999723646610126
test_13837,0.0212400451680014
test_13838,0.32747649101556314
test_13839,0.9999999999950073
test_13840,0.9999597213352753
test_13841,1.1872593611127517e-07
test_13842,0.9895416492634572
test_13843,0.20695204385560556
test_13844,0.051839597278610955
test_13845,0.9968919192127665
test_13846,0.9980687716165138
test_13847,1.0195013675975261e-08
test_13848,0.9999998890675417
test_13849,0.07206174484334053
test_13850,0.974496851697024
test_13851,0.8593088800767668
test_13852,3.069396411519583e-08
test_13853,0.9765631196382091
test_13854,0.6014479482010687
test_13855,0.0002494868244413227
test_13856,8.287059114474446e-06
test_13857,0.9979881641221144
test_13858,0.974455133288135
test_13859,0.9999989280400324
test_13860,0.0025519476528311344
test_13861,0.9999695749320134
test_13862,0.9999998512368149
test_13863,0.9888452301058737
test_13864,0.11521062230525311
test_13865,0.9999999999999998
test_13866,6.296159762516154e-10
test_13867,0.00021490137874912148
test_13868,0.00017884398821334943
test_13869,0.750027849044091
test_13870,0.5662377020892271
test_13871,5.9158513922776375e-09
test_13872,0.004075063921270362
test_13873,0.9987705409345645
test_13874,0.9999999940286164
test_13875,0.007445314319466286
test_13876,1.0
test_13877,1.5996400103115848e-05
test_13878,0.999904510942209
test_13879,4.4442054188726825e-06
test_13880,0.9994923073512114
test_13881,0.999999999999504
test_13882,3.8648742536817e-07
test_13883,0.9999402769695653
test_13884,9.939015099151402e-05
test_13885,0.0010791221074664377
test_13886,0.015684721675927542
test_13887,0.5455783999748516
test_13888,0.9999999535826425
test_13889,4.2707232468536015e-05
test_13890,0.40810599830086597
test_13891,0.9999999999590408
test_13892,0.9999411924699302
test_13893,0.0003546237909886906
test_13894,1.325391688356623e-10
test_13895,3.2405574156826753e-06
test_13896,0.9622604582945077
test_13897,4.692387806451392e-16
test_13898,0.9999999928016405
test_13899,0.9999999980164657
test_13900,0.9962166761228162
test_13901,0.33401601305063733
test_13902,0.007269995674937649
test_13903,0.9999979723549131
test_13904,0.9940317903051072
test_13905,0.0015950571434119314
test_13906,0.9999424397460628
test_13907,0.9999999727368181
test_13908,8.009596879182742e-08
test_13909,0.7452059211072217
test_13910,0.999994736930397
test_13911,0.033025543598869965
test_13912,0.9870891339275658
test_13913,1.203603402034511e-09
test_13914,0.01319170430765242
test_13915,1.4780831223268285e-11
test_13916,0.9629906456337692
test_13917,1.9254995449671975e-08
test_13918,0.0014477202652493067
test_13919,0.9999960692355254
test_13920,0.00011009849020573366
test_13921,0.9999999925387906
test_13922,0.8311193004715466
test_13923,0.9999997723409774
test_13924,0.9983164696692096
test_13925,0.999999456192751
test_13926,0.9651108153318259
test_13927,3.254737676405118e-11
test_13928,0.9999961239438655
test_13929,0.9999816144593581
test_13930,0.9999998326456137
test_13931,0.9982103121878196
test_13932,0.9999913717096944
test_13933,0.4481429444298335
test_13934,0.021408795983983882
test_13935,0.005034171331207407
test_13936,0.9352188530670598
test_13937,0.7640203153373246
test_13938,0.7916778926707913
test_13939,0.9999999999999996
test_13940,0.9999999992208977
test_13941,4.965755486920929e-06
test_13942,2.685037465314164e-06
test_13943,0.4718226199069241
test_13944,0.9999999855525135
test_13945,1.2450874789340282e-11
test_13946,0.311167068769881
test_13947,0.9877848357348922
test_13948,3.307298399545383e-10
test_13949,2.5949386197099108e-08
test_13950,8.724698879022033e-07
test_13951,0.002483150607156895
test_13952,0.48051639896499154
test_13953,0.9999999978626354
test_13954,0.9986197419405821
test_13955,0.9999999998502223
test_13956,0.9998006329304695
test_13957,0.02446280511061264
test_13958,0.9999999994034021
test_13959,2.6102031011608693e-07
test_13960,0.42287612049913204
test_13961,0.9999997690638951
test_13962,0.9727149857004898
test_13963,0.999734934117628
test_13964,0.9980351207168876
test_13965,0.9999999921435576
test_13966,1.4268016539523094e-05
test_13967,0.9999903060415849
test_13968,0.5879245958638409
test_13969,0.016722957029549932
test_13970,0.016406005037818243
test_13971,0.9744024279438519
test_13972,2.322823223047577e-05
test_13973,0.9999999943557827
test_13974,0.9261044086503202
test_13975,0.9999668787914751
test_13976,0.9998639923354473
test_13977,0.9999991808117874
test_13978,0.9969031828072961
test_13979,1.0451982425189755e-12
test_13980,0.005510010504900932
test_13981,0.009274977311812212
test_13982,0.9069822106661272
test_13983,0.9979295494968669
test_13984,0.9982597416006609
test_13985,0.9999999999816531
test_13986,0.9999996252476666
test_13987,0.369365639541906
test_13988,0.9999949730644921
test_13989,0.9978383107437496
test_13990,0.9999989942126891
test_13991,0.002604445565788525
test_13992,0.9999564689831655
test_13993,2.5994861092459424e-08
test_13994,0.01110681144152457
test_13995,0.9959884167749544
test_13996,0.9999932517251595
test_13997,2.0258363304431926e-05
test_13998,0.00012635161372457975
test_13999,0.9999999985936818
test_14000,6.455047195297516e-09
test_14001,0.00024350543415281332
test_14002,1.0311789949391628e-06
test_14003,0.8696052786712986
test_14004,0.9996843794973309
test_14005,6.874779751461413e-05
test_14006,0.9999821406933456
test_14007,0.9999999988365518
test_14008,0.999994574317739
test_14009,0.9996356648997827
test_14010,8.062525007989886e-12
test_14011,0.9999999998039943
test_14012,0.9999992734568713
test_14013,0.9998156605511749
test_14014,1.7819593123032583e-11
test_14015,0.9972028552363871
test_14016,0.9999999997070408
test_14017,4.208150013969752e-11
test_14018,0.131503660732309
test_14019,0.9999999581593229
test_14020,0.17961759051907486
test_14021,0.006389985743644414
test_14022,0.9999999999989212
test_14023,1.8934896906942987e-07
test_14024,0.002165133232213627
test_14025,0.999807880721924
test_14026,0.04401194409864985
test_14027,1.5402411040318604e-10
test_14028,0.9307310563106337
test_14029,1.3097553643538197e-05
test_14030,0.9999915644314434
test_14031,0.9914956736445392
test_14032,4.602550070367415e-12
test_14033,9.270025850977558e-09
test_14034,3.814278151643548e-07
test_14035,0.18674542669636987
test_14036,6.730333352949982e-14
test_14037,0.0019033071514032327
test_14038,2.9040853587685823e-06
test_14039,0.9191441776561862
test_14040,0.2911767531058873
test_14041,3.05425890547767e-05
test_14042,0.9999999993041071
test_14043,0.9794159021425373
test_14044,0.3882878625768276
test_14045,5.7016647847033084e-05
test_14046,0.20977990604981128
test_14047,0.9989895451621558
test_14048,0.0003384780428431343
test_14049,0.02294198321194439
test_14050,0.023314810726553878
test_14051,2.0401841359485284e-06
test_14052,0.9908471251041776
test_14053,0.9999999999955491
test_14054,0.9999978641170059
test_14055,0.005501545782906346
test_14056,1.266444446463903e-05
test_14057,0.9984200144431591
test_14058,0.9999918191721773
test_14059,0.8417830253528726
test_14060,1.6257366331129438e-07
test_14061,0.9983021827440772
test_14062,0.0034923056365131775
test_14063,3.472586723996167e-13
test_14064,0.9998836627391261
test_14065,0.99999999999665
test_14066,4.2623199876618974e-05
test_14067,0.4514043483207804
test_14068,0.9999999490644482
test_14069,0.009497106549346573
test_14070,0.015121051471098759
test_14071,0.017004910270111435
test_14072,5.913796679637872e-06
test_14073,0.8238214055518382
test_14074,0.9999993298837393
test_14075,0.035931048097846696
test_14076,7.263908738648552e-07
test_14077,0.9999999999077038
test_14078,0.988295407923327
test_14079,0.9999897334674228
test_14080,0.9994832693349432
test_14081,0.220661352664532
test_14082,0.18943428529030068
test_14083,0.003392604745497426
test_14084,0.9794824742065825
test_14085,0.9988342313640597
test_14086,0.11894706868266534
test_14087,0.9999999994593144
test_14088,0.9999706352365716
test_14089,0.2830951482202609
test_14090,0.3231487159937774
test_14091,5.159611709561407e-07
test_14092,0.8440017640641846
test_14093,0.5278004513340149
test_14094,0.9999838049683039
test_14095,0.9892075936215292
test_14096,0.999371443774911
test_14097,0.9748004683849487
test_14098,0.9987087085842487
test_14099,0.10504385521278739
test_14100,0.013052587560601346
test_14101,0.999999999461721
test_14102,0.008910136701256404
test_14103,0.0042329565209288595
test_14104,0.9862944774144324
test_14105,0.0019268279213647643
test_14106,0.9999999999966211
test_14107,0.742554762281681
test_14108,9.990108874245519e-06
test_14109,3.758209280808777e-05
test_14110,2.5764782963246304e-08
test_14111,0.9999999998796266
test_14112,4.495356782438882e-09
test_14113,1.290076924167506e-06
test_14114,5.696497408024505e-06
test_14115,6.144624409302261e-09
test_14116,0.9999955593866768
test_14117,0.9999230222901332
test_14118,0.16620751304764161
test_14119,0.9999979199185011
test_14120,1.0500354033376158e-12
test_14121,2.8773195544347543e-10
test_14122,0.8320836179722144
test_14123,0.9507272195102363
test_14124,7.33426713116843e-12
test_14125,0.9999998458768999
test_14126,0.9208838630886087
test_14127,0.7115287149307323
test_14128,1.8760941070707092e-05
test_14129,0.927636301866946
test_14130,6.100678661815369e-07
test_14131,0.0019550114269251684
test_14132,0.9997143802429425
test_14133,5.872293391389251e-06
test_14134,0.00016458565423045814
test_14135,0.694655744330111
test_14136,0.3279452303045076
test_14137,0.0002159389692827196
test_14138,0.0560516646800886
test_14139,0.10830690853452878
test_14140,0.9999999999772072
test_14141,0.8115466700979119
test_14142,3.669701703057533e-07
test_14143,0.0002539598287399987
test_14144,1.2752485254445655e-06
test_14145,0.2421993000319695
test_14146,0.9929455026025598
test_14147,0.9999999973695963
test_14148,5.655345593796708e-06
test_14149,0.9989033839183303
test_14150,0.0017919316811792379
test_14151,0.971860236958449
test_14152,0.9999992643742563
test_14153,8.560428641869118e-06
test_14154,0.9999970059573275
test_14155,0.26643080879305286
test_14156,1.617579067448261e-07
test_14157,2.124040963336321e-06
test_14158,0.9996908937168175
test_14159,2.824221421585015e-05
test_14160,2.394340646853105e-06
test_14161,0.007950570052666767
test_14162,0.9999900106245044
test_14163,0.9999999999707766
test_14164,0.01529416107054916
test_14165,0.9999999168266732
test_14166,0.004216873360723739
test_14167,0.8121839547342189
test_14168,5.946871576701155e-05
test_14169,2.5021911946069375e-10
test_14170,0.9999999999347264
test_14171,0.7378133639909648
test_14172,0.003365680174476379
test_14173,2.9225536506196753e-09
test_14174,0.5468685617905926
test_14175,0.9999999541026369
test_14176,0.1950020903330253
test_14177,3.3036903143014134e-08
test_14178,0.02455584916456539
test_14179,0.9982332926572037
test_14180,0.07994575977449037
test_14181,0.029136526796692777
test_14182,0.041296420276200764
test_14183,0.9999999176725215
test_14184,0.648191788426946
test_14185,0.9999999999961198
test_14186,5.740027805040834e-06
test_14187,5.071005272314827e-10
test_14188,0.020946141120864327
test_14189,5.420456982808393e-09
test_14190,0.9999401600626803
test_14191,0.9999888506616748
test_14192,0.9999999965528376
test_14193,1.4490005094989989e-09
test_14194,0.10672349980943335
test_14195,0.9999205141919585
test_14196,0.999999999999971
test_14197,0.761229265715502
test_14198,0.6533348924790874
test_14199,0.0010025345528094514
test_14200,0.005032030470430153
test_14201,7.791483372297508e-09
test_14202,0.34978261700928054
test_14203,0.3665783948968216
test_14204,0.5878208856956433
test_14205,0.9395202448776845
test_14206,0.9443586712624021
test_14207,4.7362276327800536e-07
test_14208,0.9972836006872061
test_14209,0.007108142440036601
test_14210,0.9999999998295885
test_14211,0.17878858243284784
test_14212,0.9998722593027449
test_14213,1.9031708702743362e-06
test_14214,0.957529316850696
test_14215,0.9927018468932409
test_14216,0.19537434709983295
test_14217,1.7101259818214877e-11
test_14218,0.10673442327021225
test_14219,0.6322150692016897
test_14220,8.527249114975871e-12
test_14221,0.9999990614690815
test_14222,0.00038049515662952457
test_14223,0.0016399748383404864
test_14224,0.08538341824528847
test_14225,0.9998154385785669
test_14226,7.72478245722714e-06
test_14227,0.9999996311300059
test_14228,2.1768420225984793e-05
test_14229,0.9999997655999606
test_14230,0.9999999996959181
test_14231,0.7013050783263017
test_14232,1.778408057109712e-05
test_14233,0.9999970173794028
test_14234,8.626076714641056e-05
test_14235,5.111183341492518e-13
test_14236,7.788378554858464e-13
test_14237,0.9999999999805981
test_14238,0.12450215933504989
test_14239,0.999675455556146
test_14240,1.0042586581921399e-07
test_14241,0.9999996159250502
test_14242,0.004921781570596943
test_14243,0.9999999993378987
test_14244,0.9514364451987969
test_14245,0.9723680855281134
test_14246,0.999999787385758
test_14247,0.9939537954572568
test_14248,0.9992236903113213
test_14249,0.0005716166643248194
test_14250,0.9999998540381492
test_14251,0.9997254432571681
test_14252,0.8841216919987483
test_14253,0.999999999972786
test_14254,0.9996720086397635
test_14255,0.003656208426864751
test_14256,0.00015047171822919937
test_14257,0.999842363200989
test_14258,0.008030408098648698
test_14259,0.9999999999999933
test_14260,2.4453176590928936e-06
test_14261,2.529263801546475e-06
test_14262,0.9991005393945841
test_14263,0.333291545943207
test_14264,0.9999998393029833
test_14265,5.224970289496e-05
test_14266,4.875210358262542e-08
test_14267,0.2978711239104471
test_14268,1.2517758230326265e-06
test_14269,0.31773674273969943
test_14270,6.2263300551501e-05
test_14271,2.0783849533542233e-07
test_14272,0.9868124042026682
test_14273,6.014238707246e-13
test_14274,0.9999999999967565
test_14275,3.606653641106823e-12
test_14276,1.0781208779815926e-05
test_14277,3.0263321638475473e-08
test_14278,0.9999456070148023
test_14279,0.9999221652890168
test_14280,0.7152723512018563
test_14281,0.9136285084574312
test_14282,0.0035491332262356234
test_14283,7.315692113602365e-08
test_14284,0.9999988409575735
test_14285,0.22293718113995803
test_14286,0.9991931946173029
test_14287,0.1535182808558342
test_14288,0.9697018602088321
test_14289,0.999997453026837
test_14290,0.08840623759029836
test_14291,0.9999421303295223
test_14292,0.42845176304141785
test_14293,0.9994405863522837
test_14294,4.49491459357264e-06
test_14295,0.9999999912864757
test_14296,0.9999998781270262
test_14297,0.9704852311623574
test_14298,0.999999999996974
test_14299,0.999998180792362
test_14300,7.77971127794931e-07
test_14301,5.0571380165271145e-05
test_14302,1.7118904736354074e-07
test_14303,0.9999999999974334
test_14304,0.5922457475605509
test_14305,0.18043318409199716
test_14306,0.9791727590983403
test_14307,0.9999999799371964
test_14308,0.9999996987244658
test_14309,0.0002682003065082092
test_14310,3.174679494099398e-11
test_14311,0.9999999081761032
test_14312,0.7484536733138509
test_14313,0.9999553742947229
test_14314,0.9999896244824213
test_14315,4.657545098390452e-09
test_14316,1.1040974030873792e-05
test_14317,0.40848881269630793
test_14318,1.0064847556615823e-05
test_14319,0.9999392694688765
test_14320,0.015310532111877028
test_14321,0.9999999999999047
test_14322,0.9999946598754423
test_14323,0.35094949074559745
test_14324,0.7566713949642188
test_14325,0.46561895529310365
test_14326,0.0003384128300409402
test_14327,3.2731766962303007e-07
test_14328,0.9995775420274379
test_14329,4.8628473306313375e-06
test_14330,0.0018360461995101532
test_14331,0.05413442188935124
test_14332,0.8252987236615146
test_14333,0.26657219454083975
test_14334,0.9999999758530684
test_14335,0.9999994904333612
test_14336,0.999990916692798
test_14337,2.355034807572809e-10
test_14338,0.0010736533122756048
test_14339,0.9999999993727222
test_14340,0.4094645182472698
test_14341,0.9999999999821361
test_14342,0.4455223200167537
test_14343,0.9999999896269756
test_14344,0.00033569213035958696
test_14345,1.7064894379862486e-10
test_14346,0.7215469203187748
test_14347,0.9999999988279737
test_14348,8.592705641707329e-05
test_14349,0.9990846812736229
test_14350,0.0006532194086444601
test_14351,1.8181882605606402e-07
test_14352,0.4193290064610174
test_14353,0.9985376534813517
test_14354,4.212760186915447e-06
test_14355,0.7308121612815919
test_14356,0.9999913979497672
test_14357,0.0002997456437945098
test_14358,0.9999379396050412
test_14359,0.9999757151008117
test_14360,0.9965241564546421
test_14361,4.22611870006183e-08
test_14362,0.9984453099127586
test_14363,0.0006183291724961041
test_14364,0.9996882254440975
test_14365,0.11823888094245305
test_14366,0.9288218918359313
test_14367,0.9990322208694765
test_14368,0.4434580555273629
test_14369,0.9991831796994821
test_14370,0.9999999998773025
test_14371,0.9045514276171847
test_14372,0.00016578548819116146
test_14373,0.061566259214230014
test_14374,0.9273922963079653
test_14375,0.670213839819761
test_14376,2.315712355742087e-08
test_14377,4.0190671252326337e-10
test_14378,0.9830962837928736
test_14379,1.2031485767271443e-10
test_14380,0.9952915083372793
test_14381,0.7967178021304404
test_14382,0.003919763439710924
test_14383,0.999830670465655
test_14384,3.4724202967240035e-05
test_14385,2.4924315416126578e-08
test_14386,0.5681868004681362
test_14387,0.655456479501286
test_14388,8.068008441393256e-05
test_14389,0.1720690510687044
test_14390,0.9999999879633823
test_14391,0.9817643398480896
test_14392,0.9999757650144242
test_14393,2.2198432554269256e-06
test_14394,0.9997836644360139
test_14395,0.39415684620410296
test_14396,0.9999999999984954
test_14397,0.9999999997003346
test_14398,0.9996127607240631
test_14399,0.679931522126894
test_14400,0.9999973577332384
test_14401,0.385836098815303
test_14402,6.781237208292126e-09
test_14403,0.996561887477798
test_14404,0.4685071157499292
test_14405,0.9999936465909676
test_14406,0.4298755866129493
test_14407,0.04319709337433785
test_14408,0.04988513122818578
test_14409,0.5011811856841926
test_14410,0.9986075072595828
test_14411,4.067492309419394e-09
test_14412,0.9967821986915295
test_14413,0.9987997354062854
test_14414,0.0003663008368386835
test_14415,0.4918504867245703
test_14416,0.9999999994871498
test_14417,0.0013380978089865807
test_14418,0.000881509221856974
test_14419,2.0910528971600358e-07
test_14420,3.243388074714114e-07
test_14421,0.9999999939607738
test_14422,0.1261596005935821
test_14423,2.245521650356207e-06
test_14424,0.0008573668240272816
test_14425,0.5823137141957369
test_14426,0.00041720193866069335
test_14427,0.9990343593911899
test_14428,7.141232994525249e-11
test_14429,0.9999571736789019
test_14430,1.420600751615605e-10
test_14431,0.9995034112583554
test_14432,2.2682994717662544e-09
test_14433,0.9999999547808068
test_14434,0.9999999989234951
test_14435,0.003973441894363032
test_14436,0.7903990721502951
test_14437,0.9843006462496167
test_14438,0.9974735990163908
test_14439,2.049037053841619e-07
test_14440,0.0002800626638957867
test_14441,0.9999999999996354
test_14442,4.234647010059178e-08
test_14443,0.9998426457777745
test_14444,0.5233622285142807
test_14445,5.542623686453867e-08
test_14446,0.0039194835737481806
test_14447,0.999999267420633
test_14448,0.0001391578132324239
test_14449,0.00022281962397600175
test_14450,0.7641613618480976
test_14451,0.5215231494228334
test_14452,2.7968320513191666e-06
test_14453,8.200416019562355e-05
test_14454,2.7199635641340373e-13
test_14455,0.7389027014720492
test_14456,0.9938859795086766
test_14457,0.5846933290130478
test_14458,0.9999861316151133
test_14459,2.0726517145765275e-05
test_14460,2.951281804856594e-08
test_14461,0.0035506860290041094
test_14462,0.9950913360929063
test_14463,0.7929372693320814
test_14464,0.9959580050911678
test_14465,0.9999999829709454
test_14466,0.9956523143646473
test_14467,0.16680951533340982
test_14468,0.4591471874465494
test_14469,0.04612366131377086
test_14470,0.769947606154406
test_14471,7.056267938784747e-07
test_14472,0.00662866141720857
test_14473,0.08712878023734866
test_14474,0.7663186156393893
test_14475,0.9205208783120866
test_14476,0.999993256750096
test_14477,0.8006003103156696
test_14478,0.9999999911312085
test_14479,0.2044834750647321
test_14480,0.9976495928824054
test_14481,0.5415172579571992
test_14482,0.9999999270533428
test_14483,0.36532578952569517
test_14484,0.9999999810922455
test_14485,0.0006175395204068651
test_14486,3.4433495762343473e-08
test_14487,0.95330607901573
test_14488,0.9999999964328431
test_14489,7.696558978510003e-11
test_14490,0.005535357233082618
test_14491,0.9485978289880426
test_14492,0.036598387140202915
test_14493,0.30286984051086
test_14494,0.059569372604926944
test_14495,9.462815607360139e-14
test_14496,0.0004883397774188946
test_14497,0.9999999941955757
test_14498,0.9999999987379964
test_14499,0.0073573820885703975
test_14500,0.002937569218373736
test_14501,3.787610406442049e-08
test_14502,0.9999996798367035
test_14503,0.9326020972810536
test_14504,2.9924813139649586e-09
test_14505,1.1864885299260066e-18
test_14506,1.1607683627077754e-06
test_14507,0.9261369745229238
test_14508,0.010515982334999894
test_14509,1.8931121572669816e-07
test_14510,0.9801173931499416
test_14511,0.9983402501949936
test_14512,0.9999999999715479
test_14513,4.1945952151603404e-05
test_14514,1.4032956712411953e-09
test_14515,0.00019493514818168107
test_14516,0.999999988753584
test_14517,3.757724076407218e-08
test_14518,0.9999508394544232
test_14519,0.4634047432794227
test_14520,2.5236988627080255e-08
test_14521,0.9999878295695072
test_14522,5.855703082758707e-06
test_14523,0.9999998196480914
test_14524,0.9999999460208927
test_14525,0.9999834198362616
test_14526,2.3916653577598434e-05
test_14527,0.6352436213029827
test_14528,0.9999960377903807
test_14529,0.0022011934028164544
test_14530,0.974290977882277
test_14531,0.9245972334011052
test_14532,0.00013272538046883768
test_14533,0.00010624139997800418
test_14534,0.9868774821580719
test_14535,3.5431719474693064e-06
test_14536,0.9999963920085453
test_14537,1.7640693241661188e-07
test_14538,0.6046885782078698
test_14539,2.249724336802844e-05
test_14540,0.6332635034981712
test_14541,4.754649354633226e-12
test_14542,0.9999996470880388
test_14543,4.965118057447483e-13
test_14544,0.0003095647342359795
test_14545,0.9691914508170183
test_14546,0.9580635176212033
test_14547,0.9993998710254979
test_14548,1.4544728496078307e-09
test_14549,0.03734571594454562
test_14550,0.9998916851099798
test_14551,0.5346511240738899
test_14552,0.6920294365467312
test_14553,0.9999999999998788
test_14554,0.005138551540086622
test_14555,0.0016790175195952896
test_14556,0.5512989278168905
test_14557,0.999529715772959
test_14558,0.0979422908011138
test_14559,4.052930365975888e-05
test_14560,6.604020863469383e-11
test_14561,0.9999999957765306
test_14562,0.9999999991793309
test_14563,0.9999999999062408
test_14564,2.621245342860923e-09
test_14565,0.9997749864338145
test_14566,0.210137919309678
test_14567,0.9999998573847138
test_14568,1.0
test_14569,0.015663419214731994
test_14570,0.9997307257155812
test_14571,0.03890989178571822
test_14572,0.46697845511643926
test_14573,0.9999999434442173
test_14574,0.9992913575413689
test_14575,3.791812830174722e-09
test_14576,0.026567206723462848
test_14577,0.9801772492576449
test_14578,6.644599847731714e-08
test_14579,0.019194772240614243
test_14580,0.9989701581761726
test_14581,0.9999991168373255
test_14582,0.9999877127974599
test_14583,0.9999654365846322
test_14584,0.8756859317267982
test_14585,0.9372318105820385
test_14586,0.005818616494631324
test_14587,0.00013771979886844062
test_14588,0.9999988892075637
test_14589,0.01682570890075203
test_14590,0.9999999980403869
test_14591,0.9999959356208311
test_14592,0.5710540887509301
test_14593,0.9998503143452013
test_14594,0.9999999956363086
test_14595,0.9999999473603196
test_14596,3.1548363160318904e-08
test_14597,0.6325832239990223
test_14598,1.1626458530108012e-06
test_14599,0.9993740644754547
test_14600,0.9999999555393397
test_14601,0.9999991000110495
test_14602,0.5934789683897485
test_14603,0.31140908858572736
test_14604,0.6051060046483769
test_14605,0.005928775662996095
test_14606,0.6834693380545906
test_14607,4.7774532116100836e-05
test_14608,0.9999999491678933
test_14609,0.9999934261249884
test_14610,7.216440290371541e-07
test_14611,0.12539033897083415
test_14612,1.009131250992315e-09
test_14613,0.9867973606603448
test_14614,0.9999958501223506
test_14615,0.7548781973263639
test_14616,0.0322818330385439
test_14617,0.9997775683762591
test_14618,0.9999999999999016
test_14619,0.9999999966943278
test_14620,0.9962734074266917
test_14621,0.9999999999927502
test_14622,0.9999999999964077
test_14623,0.9999999956431826
test_14624,0.9976730124273453
test_14625,0.999552051380471
test_14626,0.9994150777682986
test_14627,0.757474278661064
test_14628,0.3439723833662544
test_14629,0.9997332543703528
test_14630,9.028740304290624e-05
test_14631,6.452507887195631e-06
test_14632,0.000556261456265624
test_14633,0.9872917030855799
test_14634,0.3321523663513942
test_14635,0.7888083002182142
test_14636,0.06108857901153841
test_14637,9.760052387371278e-06
test_14638,0.9979954058475055
test_14639,2.9801563232210083e-08
test_14640,0.013135870522549317
test_14641,1.738227897369237e-08
test_14642,3.710470964422686e-14
test_14643,0.9977807890100032
test_14644,0.16016396391982451
test_14645,0.7150728775512752
test_14646,0.20987618655528886
test_14647,0.04428162214121049
test_14648,1.2473028034267293e-06
test_14649,0.9815632836224826
test_14650,0.9999581045932607
test_14651,0.9999306994333745
test_14652,0.0013604988340796854
test_14653,0.9999385817728326
test_14654,1.4368192229562328e-13
test_14655,0.12017089430401359
test_14656,0.00042190449135261335
test_14657,0.9987618675961728
test_14658,0.0023695973524949687
test_14659,0.9970835249567652
test_14660,1.6064202268292204e-05
test_14661,0.00022058515025243054
test_14662,0.8837478733199422
test_14663,0.9154199866811494
test_14664,0.9999989835880607
test_14665,3.9705916712015806e-07
test_14666,0.9999999983069896
test_14667,0.7045888601962298
test_14668,0.8656899915634289
test_14669,0.0001270309616840478
test_14670,0.9999999717277687
test_14671,0.00855774280624807
test_14672,0.9360451056543351
test_14673,0.1999901056018436
test_14674,0.9076048608643107
test_14675,0.9506143259742819
test_14676,0.9940104378539538
test_14677,3.441012207771656e-10
test_14678,0.9168960416413009
test_14679,0.9931208891401734
test_14680,0.08908532733415896
test_14681,0.9999999999372569
test_14682,0.999989411579179
test_14683,5.608844161358135e-05
test_14684,0.9999998851851215
test_14685,0.9525189773831136
test_14686,0.9903053701697189
test_14687,0.6483372383842276
test_14688,0.9923531210476592
test_14689,6.676787010198573e-07
test_14690,0.9997121944244709
test_14691,0.97773871761601
test_14692,0.12133462324828995
test_14693,0.9942284745760936
test_14694,0.7332338725872692
test_14695,0.999999986809182
test_14696,0.9999999999904503
test_14697,1.9040197456497073e-05
test_14698,0.9998721627949578
test_14699,0.9999998964388601
test_14700,0.9999942729610408
test_14701,1.5328272628346303e-05
test_14702,0.9999999999975444
test_14703,2.3390133303461415e-06
test_14704,0.9999978524345923
test_14705,0.170229917178373
test_14706,0.06805850485721776
test_14707,0.003781372010904456
test_14708,0.03342455278620751
test_14709,0.9999822296376251
test_14710,0.9999999995153946
test_14711,0.0007103465943890282
test_14712,4.051034700784366e-06
test_14713,0.9999999974832461
test_14714,0.9976388226020343
test_14715,0.5473581226734854
test_14716,0.9990901039612428
test_14717,0.7580039591488136
test_14718,1.1260684086197e-13
test_14719,0.04972713301808884
test_14720,0.9998885655003846
test_14721,0.9999986814378001
test_14722,0.9999896933299959
test_14723,0.9999996570282557
test_14724,0.4885538455273365
test_14725,0.9999943621802921
test_14726,0.9999966136669276
test_14727,0.8109176164926584
test_14728,1.8599052603911853e-05
test_14729,0.6940563120768555
test_14730,0.7941311598720652
test_14731,0.9999999280546016
test_14732,0.9993353950041042
test_14733,0.9474469214724479
test_14734,2.5898386746158867e-11
test_14735,0.9999999315972892
test_14736,0.9999999999982065
test_14737,0.6267732804966966
test_14738,9.27056294012721e-05
test_14739,0.997308564557839
test_14740,0.9999996612271811
test_14741,4.526402684885119e-12
test_14742,3.0120073131330497e-07
test_14743,0.9999996136477072
test_14744,0.9999999944614285
test_14745,0.9999984622910534
test_14746,0.994480845613172
test_14747,0.1484632236942149
test_14748,4.25373051662679e-10
test_14749,0.8167004751445783
test_14750,0.07086693129170347
test_14751,0.0007114052003159522
test_14752,1.2864988430495298e-14
test_14753,1.1134753115925114e-05
test_14754,0.9999998834037465
test_14755,0.09639781394876124
test_14756,0.9539129144344543
test_14757,0.9999937790969131
test_14758,0.9999953320153715
test_14759,4.297917368951279e-06
test_14760,0.8688104244556423
test_14761,0.9963594861663578
test_14762,9.820906155562387e-11
test_14763,0.3219963774315584
test_14764,0.9999691272028368
test_14765,3.502035581590227e-11
test_14766,0.9999516478930514
test_14767,0.9999999999999992
test_14768,0.9999999947235405
test_14769,0.999999758736859
test_14770,0.9999990769115401
test_14771,0.9999999944505851
test_14772,0.02685864858538721
test_14773,3.819102905196045e-07
test_14774,0.9999425226432865
test_14775,4.737631331611836e-05
test_14776,0.48669024060129285
test_14777,0.9945941348224395
test_14778,0.9857857052374113
test_14779,6.38939306147012e-08
test_14780,0.9999997852694738
test_14781,0.08431942395139429
test_14782,0.8857919548970301
test_14783,1.956136681089317e-08
test_14784,0.5531203550963114
test_14785,0.988762283310683
test_14786,0.0014917383382716054
test_14787,0.04174959004436454
test_14788,0.986154747606151
test_14789,0.3916133465655516
test_14790,0.12922442122909034
test_14791,0.813975967588328
test_14792,0.8222253190545454
test_14793,0.9999558756780147
test_14794,2.5455969781883023e-06
test_14795,0.994393445401291
test_14796,0.9937701295031336
test_14797,0.9996565650588444
test_14798,0.9999996580787042
test_14799,0.0371740329949588
test_14800,0.13251391146982683
test_14801,1.6543006594900813e-07
test_14802,0.0229251919295058
test_14803,0.20841315309475056
test_14804,7.572549762086558e-11
test_14805,0.07685779537805879
test_14806,5.9036230256025366e-06
test_14807,3.1713342180592554e-09
test_14808,0.9753788557061785
test_14809,0.9999999973860001
test_14810,0.03865410714276831
test_14811,2.811850562017898e-08
test_14812,0.9994416882581801
test_14813,0.9999991971714444
test_14814,0.9963443602167988
test_14815,0.9999998907840267
test_14816,4.323166987940449e-05
test_14817,0.7576084090405514
test_14818,2.1494249907191768e-10
test_14819,0.9999999031769975
test_14820,3.400796214399974e-06
test_14821,0.0016168553630188944
test_14822,0.9998414361655964
test_14823,1.5410066977924985e-07
test_14824,0.9290383038498364
test_14825,0.016049751601596857
test_14826,0.9937333499651106
test_14827,0.9999968402990451
test_14828,5.879718565455738e-08
test_14829,0.999763177248828
test_14830,0.40157141739007346
test_14831,0.9999988848111583
test_14832,0.0025633388213731146
test_14833,3.7052071718034764e-06
test_14834,0.5698527080111794
test_14835,5.510209639850334e-08
test_14836,0.9695893644737993
test_14837,9.380374667860229e-09
test_14838,2.0266924464413735e-05
test_14839,0.9674755658266517
test_14840,0.045024447797771185
test_14841,0.9999999998473491
test_14842,0.9999999981660221
test_14843,2.2151541392165167e-05
test_14844,0.9525501527949047
test_14845,0.9999977516113574
test_14846,0.9999113284188845
test_14847,0.9999997136997112
test_14848,0.9999999999990696
test_14849,0.9999999999995475
test_14850,0.018114254111616237
test_14851,0.9999927405155256
test_14852,0.008680675155816874
test_14853,5.265071258410554e-05
test_14854,1.0963304952314887e-08
test_14855,0.9669562315227989
test_14856,0.0003708197161687561
test_14857,0.9999982873724773
test_14858,0.9464174281049051
test_14859,0.8927863767485267
test_14860,0.9878353194033775
test_14861,0.06538574218781429
test_14862,0.9999999997714022
test_14863,0.1354712487625451
test_14864,0.0011835938888344606
test_14865,0.9974887620874768
test_14866,2.226944448663394e-07
test_14867,6.396925351227238e-07
test_14868,1.9005691450171673e-08
test_14869,0.9999999878841674
test_14870,5.094517863563517e-06
test_14871,0.9999990300712909
test_14872,0.9933202024630491
test_14873,0.183481357303355
test_14874,0.26350681859541036
test_14875,0.9844972484518311
test_14876,0.012253604064682955
test_14877,2.463958239996142e-07
test_14878,0.9999999996928131
test_14879,0.9495925075728685
test_14880,0.9997514318527665
test_14881,0.014426294976418853
test_14882,0.0010930084055242764
test_14883,0.9969414645480098
test_14884,0.02536786642254693
test_14885,0.9508147835285354
test_14886,0.006305598671775796
test_14887,0.34032710697629875
test_14888,0.9999999798403142
test_14889,0.001681983343103866
test_14890,0.0025753324611570653
test_14891,0.9444927087735651
test_14892,2.076086168920754e-07
test_14893,0.0035238625137928694
test_14894,0.9999995774078703
test_14895,0.9999961742208454
test_14896,5.798639496522979e-10
test_14897,0.0003515890834222138
test_14898,0.9998507549823695
test_14899,7.104980271542141e-05
test_14900,0.0057356683682438046
test_14901,4.883081624664974e-06
test_14902,4.104314860327271e-06
test_14903,0.9953492382211893
test_14904,0.505649808000423
test_14905,0.9999996255039452
test_14906,0.9999996396409537
test_14907,0.03941929756847728
test_14908,2.6129827624338987e-08
test_14909,2.5946915196810425e-08
test_14910,0.12225713717695556
test_14911,0.9999995569768783
test_14912,0.9999961139761224
test_14913,0.9999998891843751
test_14914,0.8329490900812853
test_14915,0.0022709846659082723
test_14916,0.9997699177105701
test_14917,0.9999978128398047
test_14918,0.26393461647995614
test_14919,5.0729748168392937e-11
test_14920,0.16590621909633568
test_14921,0.00026062960940205905
test_14922,4.6987380876772596e-08
test_14923,8.627669847371816e-11
test_14924,0.9999999827931654
test_14925,0.9999929106452641
test_14926,0.00011855847857355624
test_14927,1.8403373472642467e-05
test_14928,0.9999999955339962
test_14929,5.5180825789528945e-05
test_14930,0.00047742751888982227
test_14931,0.9999919656328757
test_14932,0.01575631817001619
test_14933,0.06077013198787926
test_14934,6.698290641680341e-06
test_14935,2.538401902979572e-09
test_14936,0.9468007813746548
test_14937,0.9796175915406897
test_14938,0.6695164535737157
test_14939,0.00025311631349100004
test_14940,0.20237982819830067
test_14941,0.9999997710664721
test_14942,0.9998747491267845
test_14943,1.586650133814399e-05
test_14944,0.2940270114405362
test_14945,0.010012889415197134
test_14946,0.0007166014811588343
test_14947,0.69983766567203
test_14948,0.9978890627674444
test_14949,0.48074800937202017
test_14950,0.9999874816162244
test_14951,0.025277704247971388
test_14952,0.113611979929791
test_14953,0.9999999997574054
test_14954,9.879405590273559e-08
test_14955,0.0013708246027525279
test_14956,0.5351389005702338
test_14957,0.9889726029464113
test_14958,1.5720102102074235e-11
test_14959,0.00016136677294492944
test_14960,0.16448950866909062
test_14961,0.9993251648054604
test_14962,0.5541702255449968
test_14963,0.7238424627840037
test_14964,0.27338172481619294
test_14965,0.9999991978606136
test_14966,0.9978039471542226
test_14967,0.0002118873559066323
test_14968,1.0200888694479236e-09
test_14969,1.095888153783144e-06
test_14970,6.727203750898699e-08
test_14971,1.7113935656720617e-05
test_14972,0.9915653776222233
test_14973,0.6712916344667169
test_14974,0.999938029415808
test_14975,0.9988034286215102
test_14976,0.2693852194901019
test_14977,1.3750197907604998e-12
test_14978,0.2252553002184933
test_14979,1.1007123405268566e-06
test_14980,0.9999983584769502
test_14981,0.9999881517667186
test_14982,0.8925727921723577
test_14983,0.9998184687070075
test_14984,0.00011531775301895109
test_14985,0.18552908518866332
test_14986,0.984198257153353
test_14987,1.0329272159747984e-06
test_14988,0.06582860709871102
test_14989,0.9999994886900401
test_14990,0.0037111179322362156
test_14991,0.9999999999956106
test_14992,0.999997959393581
test_14993,0.9999998891573949
test_14994,0.8097311185097437
test_14995,0.0008106881328713024
test_14996,0.997335143199616
test_14997,8.921581072446643e-05
test_14998,0.9999999499772548
test_14999,0.9999999996268865
test_15000,0.9749685693844088
test_15001,0.9867384661345296
test_15002,1.0247600267277857e-06
test_15003,5.635618712181033e-07
test_15004,0.2191953232623834
test_15005,0.017263905879075683
test_15006,6.578075900044837e-11
test_15007,8.838944784783467e-06
test_15008,0.9999999670165882
test_15009,0.0009046287716109978
test_15010,3.5940134455172138e-06
test_15011,5.709878617908552e-07
test_15012,0.03658750284986749
test_15013,0.9999994894705062
test_15014,0.7554982501198256
test_15015,0.989354398644483
test_15016,0.015639360109872533
test_15017,0.1775908259770288
test_15018,0.9996399367601192
test_15019,0.5625515135206482
test_15020,0.9999974804508367
test_15021,0.3768243657085386
test_15022,3.156983799669728e-13
test_15023,0.9999999283669405
test_15024,0.9999999962502713
test_15025,4.875381817563825e-05
test_15026,0.00010622025468309763
test_15027,4.776095063939156e-10
test_15028,0.006713964962864793
test_15029,0.9967800326182723
test_15030,1.14045316216316e-06
test_15031,1.355410466748601e-09
test_15032,0.0688597441761079
test_15033,0.0004809611775953946
test_15034,0.999999782256122
test_15035,0.9690734880458498
test_15036,0.0009466220304384257
test_15037,0.25109403261762
test_15038,0.9791602760261333
test_15039,3.5079060175316983e-06
test_15040,0.8877412922305679
test_15041,0.0007667768836526146
test_15042,0.9999668403246131
test_15043,1.8722011014630837e-09
test_15044,0.9999999996392304
test_15045,0.02377735458997478
test_15046,1.1611923306769959e-06
test_15047,0.9862842893382853
test_15048,0.9977858986309105
test_15049,0.9999923905340731
test_15050,0.9999956905952787
test_15051,0.9999999999456957
test_15052,0.5616865111873836
test_15053,3.4291194498084365e-08
test_15054,0.0008170788821119712
test_15055,3.345917782124818e-08
test_15056,0.8934008233196253
test_15057,0.8824494165717939
test_15058,0.9280698853564151
test_15059,0.9999999966208178
test_15060,0.06752972873179061
test_15061,0.9999537282325826
test_15062,0.9999797353145641
test_15063,0.9999960936062766
test_15064,1.1653451318405482e-07
test_15065,0.9951545237516739
test_15066,1.6939413023261566e-10
test_15067,0.928816878106693
test_15068,0.004597557678577403
test_15069,0.1696552115200479
test_15070,0.9347330551049379
test_15071,0.5500353022375661
test_15072,0.9999999996593317
test_15073,1.8130227207659957e-06
test_15074,0.0007232776161144957
test_15075,5.25050695665871e-13
test_15076,0.9484481894758713
test_15077,0.5433929522588812
test_15078,0.006703954290351134
test_15079,0.3823464420162475
test_15080,0.05801672407476531
test_15081,0.9261008087478234
test_15082,0.9929626319035754
test_15083,0.9999999808055106
test_15084,0.9999622813843885
test_15085,0.9999991747834045
test_15086,1.0675601657529776e-07
test_15087,0.9579804984301992
test_15088,0.9964438055832732
test_15089,7.842244059967559e-07
test_15090,9.914672626445101e-07
test_15091,0.9999999911438368
test_15092,0.998978842043037
test_15093,7.790624236936533e-10
test_15094,0.8075413109763641
test_15095,0.4377234194801507
test_15096,2.5642061200282746e-05
test_15097,0.9999999999564935
test_15098,1.4795886259781765e-08
test_15099,0.9985802520345439
test_15100,0.989115018237863
test_15101,6.090006872360202e-11
test_15102,0.9999995935515036
test_15103,0.019587000958020247
test_15104,0.9994842698872595
test_15105,0.9991959827363421
test_15106,0.998637260119523
test_15107,0.10418633616872697
test_15108,0.004378918800129398
test_15109,0.47571840691009326
test_15110,0.9999997083004832
test_15111,0.9988503455452526
test_15112,0.9979398596021558
test_15113,0.6345471797932714
test_15114,0.9997929445094245
test_15115,0.9999999995267728
test_15116,0.9999999973332654
test_15117,0.4618356176614332
test_15118,0.4553677456823741
test_15119,1.2423406721070233e-08
test_15120,0.00044137472643967834
test_15121,7.392655701535945e-16
test_15122,0.11089486468623994
test_15123,0.5176529004591712
test_15124,0.0003448878160874207
test_15125,0.00028248809353259666
test_15126,9.032518307393115e-05
test_15127,0.9679490273309019
test_15128,0.06127189771562781
test_15129,0.0045880129665788255
test_15130,1.2720182677164228e-09
test_15131,0.7810248575600167
test_15132,0.032273271799828175
test_15133,0.9999999995991299
test_15134,0.9988867506766828
test_15135,0.9999999987041879
test_15136,0.9999999722518017
test_15137,0.9313570747728827
test_15138,0.9999630338708556
test_15139,0.00425069222451638
test_15140,5.90409388800496e-09
test_15141,0.9999999999999998
test_15142,0.9999577287633954
test_15143,0.28237202854337357
test_15144,1.1333580479568346e-09
test_15145,0.9999966413727035
test_15146,0.9998493245285374
test_15147,0.001250706187735175
test_15148,0.12768938634190913
test_15149,0.4510446194167429
test_15150,0.03955928911807942
test_15151,0.9996015994539935
test_15152,0.0024163715683797396
test_15153,9.028525761093627e-07
test_15154,0.999999999999967
test_15155,0.039532353290172594
test_15156,0.4569827088254761
test_15157,0.9020474605285371
test_15158,2.198958073464426e-05
test_15159,2.848916146121408e-06
test_15160,0.9994344150946339
test_15161,0.9999999998289462
test_15162,0.9724749219592588
test_15163,3.5028488294056264e-10
test_15164,0.999969722485186
test_15165,5.121841570846242e-10
test_15166,3.650217593986719e-11
test_15167,0.8529848993378665
test_15168,0.457091261502847
test_15169,0.0028774482099434744
test_15170,0.04375960962565104
test_15171,0.9998605957919025
test_15172,0.0002802845017783618
test_15173,8.993505485973627e-06
test_15174,3.738252274874498e-12
test_15175,0.9431923840616878
test_15176,0.9978517608527779
test_15177,0.4813963826030938
test_15178,2.7262485798969782e-08
test_15179,0.0007984825370906852
test_15180,0.9999999998076422
test_15181,7.371548780181367e-05
test_15182,0.08920398764270053
test_15183,2.1174193061654968e-05
test_15184,0.9999589767280812
test_15185,0.999999062383047
test_15186,0.9444640145535408
test_15187,0.16350181739284744
test_15188,0.999997923515334
test_15189,0.8952862514179813
test_15190,6.6448387551418095e-12
test_15191,0.033250444434966026
test_15192,0.0001513634249875919
test_15193,0.004380525914178184
test_15194,0.003983166200972236
test_15195,7.97027761994392e-05
test_15196,0.22597134751082418
test_15197,0.9999996862117073
test_15198,3.907318241951016e-05
test_15199,0.00022680849993378103
test_15200,6.007656908241417e-11
test_15201,0.9999955892920842
test_15202,0.9979700954544835
test_15203,2.7090263670621035e-06
test_15204,0.9997383617083593
test_15205,0.8145349075667465
test_15206,0.9999999707546176
test_15207,0.5129389184823488
test_15208,0.004177680934290573
test_15209,2.8046777033083085e-11
test_15210,2.7547534025368232e-09
test_15211,0.1109583797839695
test_15212,7.615228288040683e-05
test_15213,0.9999995319761831
test_15214,0.9961655708660704
test_15215,0.9998255309666405
test_15216,0.9863829481481341
test_15217,0.05913082065662178
test_15218,0.9999999999999971
test_15219,0.9999924666894996
test_15220,1.4988125504315202e-05
test_15221,4.1282062822817975e-08
test_15222,0.9928500972877181
test_15223,0.09680561697154869
test_15224,0.2088860393685655
test_15225,0.000420799302789773
test_15226,4.473833489448424e-09
test_15227,1.2136243692296003e-13
test_15228,0.9989419797303283
test_15229,0.004815859704625888
test_15230,0.9999942548567006
test_15231,0.9999999907634778
test_15232,2.1966324137699782e-07
test_15233,0.01948152332936165
test_15234,0.648834433207677
test_15235,0.00034272352960221394
test_15236,0.956410808040849
test_15237,0.00017609432533335703
test_15238,0.9999468441568963
test_15239,0.4321060084336427
test_15240,0.9999846361283766
test_15241,0.0009189265433174038
test_15242,1.2030722655801002e-05
test_15243,0.0012533008035597996
test_15244,3.1255953628244207e-05
test_15245,0.9995223674724204
test_15246,1.6881493903118112e-06
test_15247,0.9995655070063741
test_15248,0.6493118265322187
test_15249,0.7452704599123563
test_15250,0.3785721619907356
test_15251,0.9999999995831916
test_15252,0.9340610259948379
test_15253,0.9999957208176052
test_15254,0.0004563904324123934
test_15255,0.0006820710282052481
test_15256,0.00013313691488746413
test_15257,0.7369387992947634
test_15258,9.119019961710493e-08
test_15259,0.051283714517248204
test_15260,0.9984819978412156
test_15261,0.9877342558178187
test_15262,0.9991930888188301
test_15263,0.9999999999789257
test_15264,1.1982432035697279e-15
test_15265,0.35499687962985615
test_15266,0.9997596427663691
test_15267,0.0064633550539174404
test_15268,0.05652012512741633
test_15269,0.9992864672808439
test_15270,0.9999999890998545
test_15271,0.0038287997583967663
test_15272,0.9971422836656222
test_15273,0.768405674321916
test_15274,0.1285835147304932
test_15275,0.002113640925980084
test_15276,0.6645620486925061
test_15277,9.434229323143883e-11
test_15278,0.999999893109704
test_15279,0.9999517258262391
test_15280,0.9999418752971032
test_15281,0.008661506673484382
test_15282,0.9999999640412427
test_15283,0.9978806360461616
test_15284,0.015918076780530623
test_15285,0.3285312806338654
test_15286,0.9999863790901432
test_15287,0.9999630589318844
test_15288,0.04410771908536501
test_15289,0.1092915824380022
test_15290,0.8606115425788818
test_15291,0.10906085840479939
test_15292,0.0019942333956426074
test_15293,0.019372980710443098
test_15294,0.9989012931951959
test_15295,0.6600169872528215
test_15296,0.9999996411243683
test_15297,0.9998035164773176
test_15298,3.028342109156493e-08
test_15299,0.044285206285558126
test_15300,9.741271226079327e-14
test_15301,9.158547662548301e-06
test_15302,3.076162201166653e-05
test_15303,0.5156912309477714
test_15304,0.9912220154171343
test_15305,0.9999766659185556
test_15306,0.9999567240160164
test_15307,0.9986299247040185
test_15308,0.370711459816892
test_15309,0.9999988696264928
test_15310,5.291924150229253e-09
test_15311,0.0023168712376704
test_15312,1.9742600161044725e-08
test_15313,0.0109566928524642
test_15314,0.5352344078998028
test_15315,0.20465860344838382
test_15316,0.9999656997361492
test_15317,0.0943077245177429
test_15318,7.925848506543606e-11
test_15319,2.207250716306408e-08
test_15320,0.015102691172480876
test_15321,0.9999376065867247
test_15322,0.2394373520189571
test_15323,0.9997129534188387
test_15324,0.927733336514075
test_15325,0.9999998636369869
test_15326,0.20212533396307755
test_15327,0.9999962229695454
test_15328,1.7042580300432558e-07
test_15329,0.9999999988957134
test_15330,0.0014855580678555462
test_15331,0.9999999998453375
test_15332,0.9999414819145165
test_15333,1.83738928614237e-12
test_15334,0.5999721293548624
test_15335,6.175486699862178e-08
test_15336,0.5728789110557373
test_15337,0.9999998158092172
test_15338,1.1607154101566652e-11
test_15339,0.4593124795662079
test_15340,0.9339713790915218
test_15341,0.9983073746807889
test_15342,0.00021585488296459372
test_15343,1.058067931640848e-13
test_15344,0.9999996931741861
test_15345,0.9303859842131064
test_15346,4.667433852659379e-09
test_15347,0.9751261753013325
test_15348,0.0010434594218839777
test_15349,0.9999909628170176
test_15350,3.0262991114462103e-10
test_15351,6.34804736140906e-05
test_15352,0.002042881257791964
test_15353,0.7830716223491655
test_15354,0.9929643008205036
test_15355,0.9900529494572676
test_15356,0.0007942065224187567
test_15357,8.586518206535571e-06
test_15358,0.13315574117254697
test_15359,0.992248669627563
test_15360,0.9999994826718934
test_15361,0.9933438519911373
test_15362,3.2143534763649385e-05
test_15363,0.5183025261718861
test_15364,0.9987926697089126
test_15365,0.02121461634171335
test_15366,0.0561273034798211
test_15367,0.999999880451894
test_15368,0.8825550601368556
test_15369,0.9994815999948581
test_15370,0.03329402883447204
test_15371,0.048454452506502016
test_15372,1.1116121813066394e-16
test_15373,0.010720664357266232
test_15374,0.6637174691282558
test_15375,0.10638564570725136
test_15376,0.9995276807102564
test_15377,0.999990243278443
test_15378,0.9999341875651437
test_15379,0.9890858731216983
test_15380,0.9999999897990524
test_15381,0.9999989580930547
test_15382,0.31649501672802544
test_15383,0.000708943762524324
test_15384,0.1392498254344606
test_15385,0.006344078136473615
test_15386,0.9799555296558764
test_15387,0.999999997645937
test_15388,1.0
test_15389,0.9999977097472983
test_15390,0.00038009773916657336
test_15391,0.9999999999998146
test_15392,0.02659063736441053
test_15393,0.786211912978531
test_15394,0.018511576362487858
test_15395,0.9999999717303113
test_15396,5.3733214435270165e-08
test_15397,0.9856797193434441
test_15398,0.9999999959241177
test_15399,0.024288327828670662
test_15400,0.9999995644713116
test_15401,3.819167316762362e-14
test_15402,0.496312490845832
test_15403,1.4768089722993494e-07
test_15404,1.2496145916620822e-07
test_15405,0.9999734638086042
test_15406,0.8257974296006279
test_15407,0.9999999906651651
test_15408,0.34841669863430325
test_15409,0.9927673920172735
test_15410,0.9999985986416111
test_15411,0.9196837619833504
test_15412,0.9999985128163325
test_15413,0.9999999999993867
test_15414,0.9999999996958866
test_15415,0.9999999990375639
test_15416,0.010839346000338512
test_15417,0.9574131922926743
test_15418,0.9999506002008192
test_15419,0.9999991123659422
test_15420,0.9999888627376494
test_15421,0.6491359301436532
test_15422,0.005132042937189294
test_15423,0.6802384590202251
test_15424,0.9999955098419593
test_15425,0.9999980686392362
test_15426,0.5670709274152763
test_15427,0.9999999070380818
test_15428,0.9999984526360487
test_15429,0.9999996465094348
test_15430,0.9999866754894569
test_15431,0.9999999999116062
test_15432,5.812652224510511e-07
test_15433,0.013479866665505588
test_15434,0.9972002400353692
test_15435,0.999883975427269
test_15436,1.4374682781694095e-05
test_15437,0.959660175872099
test_15438,0.08633256203197331
test_15439,0.9999998699725292
test_15440,7.437437628099931e-05
test_15441,0.9688979514720588
test_15442,5.3010721003937814e-09
test_15443,0.0014312881571455593
test_15444,4.9302448885664406e-11
test_15445,0.9985115648140381
test_15446,0.9296857108056386
test_15447,0.0019254059271693884
test_15448,0.9999999101897612
test_15449,6.868062664420175e-07
test_15450,0.997489697691486
test_15451,5.2212284056934815e-05
test_15452,0.9949137478169868
test_15453,0.11223762828462525
test_15454,0.04047763603688437
test_15455,0.999999993125535
test_15456,0.9710248486172632
test_15457,0.5516495575779192
test_15458,0.09062720062461006
test_15459,0.08837710798050366
test_15460,0.945657462101225
test_15461,0.6312838231920848
test_15462,0.982166885530572
test_15463,2.4624425250836427e-07
test_15464,1.0881144994254667e-06
test_15465,0.9998768265744291
test_15466,0.9972912915025912
test_15467,0.6593549157607169
test_15468,0.9829345593900787
test_15469,7.64308045717968e-11
test_15470,0.8023150424854579
test_15471,1.1544622996933833e-05
test_15472,8.913510599383341e-13
test_15473,0.09169798589569936
test_15474,1.2339678851269277e-05
test_15475,0.1015992310961154
test_15476,0.006875148795233499
test_15477,0.9999987672353547
test_15478,0.9999999999992721
test_15479,0.9994103903700347
test_15480,0.9620703031328983
test_15481,0.9999999991160375
test_15482,0.001985738928666098
test_15483,0.9988354785837823
test_15484,0.09981978442819725
test_15485,0.45831323761029646
test_15486,0.8510514422826
test_15487,2.5124708147633815e-06
test_15488,0.3401320375711524
test_15489,0.004817396157453524
test_15490,2.966295674824512e-06
test_15491,1.964045456494707e-05
test_15492,0.9999999866296377
test_15493,6.094198201285927e-09
test_15494,0.7556346474942851
test_15495,0.03202677350695365
test_15496,0.02734656218515625
test_15497,0.9929467682142987
test_15498,0.8728473613540677
test_15499,0.9997946322990221
test_15500,2.457215919632452e-06
test_15501,0.999986930675061
test_15502,0.9999995857478682
test_15503,0.999957112465346
test_15504,0.9998230351094035
test_15505,0.9997932220962304
test_15506,0.9999999501809799
test_15507,0.0004021907051475202
test_15508,0.9998725352376571
test_15509,6.983199367796791e-07
test_15510,0.0014689080382954594
test_15511,0.9999999834516786
test_15512,6.447476693133299e-07
test_15513,0.7360554750275017
test_15514,0.999985020761333
test_15515,0.9875865785945694
test_15516,0.5069862378937893
test_15517,1.7402508463723664e-07
test_15518,0.00010020470837355368
test_15519,0.9999900984410605
test_15520,3.6555613534166226e-06
test_15521,0.9960436735477408
test_15522,0.9438047142253609
test_15523,0.006282228891747044
test_15524,6.978758462162858e-06
test_15525,2.4436873962075925e-06
test_15526,0.9999245115120011
test_15527,0.9999998648187112
test_15528,0.2051915249762025
test_15529,0.00152287114505516
test_15530,0.8651507945536487
test_15531,0.09540186963495105
test_15532,0.0050181027901201585
test_15533,0.0015354760257599725
test_15534,0.00012001303016014174
test_15535,8.99108762543404e-11
test_15536,0.0010947428308802746
test_15537,0.995985587232984
test_15538,0.8324863310738198
test_15539,0.04624961229475327
test_15540,3.101827855542128e-07
test_15541,0.9999999992545319
test_15542,0.0009971912165380081
test_15543,0.27694518812214586
test_15544,0.9956783026306164
test_15545,0.3132584630701332
test_15546,0.011080835446206269
test_15547,2.702040183013303e-08
test_15548,2.2829443221983837e-07
test_15549,0.011828092019212305
test_15550,0.8469770114698664
test_15551,6.955563118588743e-08
test_15552,2.239193444866004e-09
test_15553,0.9999990686599425
test_15554,0.05350153501299439
test_15555,0.8985395291877751
test_15556,0.9996697009613746
test_15557,2.3773264981931632e-12
test_15558,0.004012424976707681
test_15559,0.053728277299688765
test_15560,0.9915420207695425
test_15561,0.9999999999917836
test_15562,0.99998419642809
test_15563,0.9999999999999996
test_15564,0.0009656461058746751
test_15565,0.004872999270231934
test_15566,0.9999999999727087
test_15567,3.1806305567065364e-10
test_15568,0.9995647158103786
test_15569,3.520662005811103e-07
test_15570,0.999162321539077
test_15571,0.8766489621777503
test_15572,0.012411006721521147
test_15573,0.9999999994112014
test_15574,0.9976278048613874
test_15575,0.015254293762688678
test_15576,0.9969888543852802
test_15577,0.9605440337035108
test_15578,0.9999999998394284
test_15579,0.8132089621382896
test_15580,0.9999989900621674
test_15581,0.0011753565367097541
test_15582,0.7100383128418215
test_15583,5.801706933178306e-05
test_15584,8.02639938375459e-11
test_15585,0.9999996270257437
test_15586,0.999999668188071
test_15587,0.14484746542900306
test_15588,0.9662568291864455
test_15589,0.9999537666751649
test_15590,4.347066753264977e-13
test_15591,0.25737968040108644
test_15592,0.9974301925860878
test_15593,0.9999998379257922
test_15594,0.9371121550404657
test_15595,0.017774799115211425
test_15596,0.9999993705473208
test_15597,0.9957408274373851
test_15598,0.9726437130181171
test_15599,2.3279617504003392e-07
test_15600,0.13254701228202065
test_15601,0.9999999931998615
test_15602,5.159683873384949e-12
test_15603,0.0008850241889512932
test_15604,0.6024475947963855
test_15605,3.810108312300414e-05
test_15606,0.4375131391740872
test_15607,0.999698097519791
test_15608,0.36304543414301926
test_15609,0.9999999892846482
test_15610,0.599339252260481
test_15611,0.12758225825837863
test_15612,0.9999999999998959
test_15613,0.9828083129837952
test_15614,0.023327574779596946
test_15615,0.04953501035961224
test_15616,0.007870552267359604
test_15617,0.973802923295636
test_15618,0.003574479545687431
test_15619,0.9995150307242744
test_15620,0.0020770852906712984
test_15621,0.9999999999852984
test_15622,4.1545352560256017e-10
test_15623,0.05784035300733701
test_15624,0.00025565274387132823
test_15625,7.982204364032697e-05
test_15626,0.999912320252234
test_15627,0.9999999998967493
test_15628,0.3480304737595332
test_15629,2.3460550969234893e-08
test_15630,0.00026532829852749255
test_15631,0.7806584856609333
test_15632,0.5557482131317084
test_15633,0.7378898712886739
test_15634,5.640231924264175e-05
test_15635,0.0010234227215997703
test_15636,0.9999999992456441
test_15637,0.9999999972061213
test_15638,0.9999886809388738
test_15639,0.23850676057056536
test_15640,0.9999995366105178
test_15641,0.9597079737318903
test_15642,0.9999937875919707
test_15643,0.9999719386004478
test_15644,4.358221261974733e-06
test_15645,0.9997725846328811
test_15646,0.9999999999999276
test_15647,2.2972531010445212e-07
test_15648,0.5659759703368457
test_15649,0.0019908714121843574
test_15650,0.9999577017728776
test_15651,1.6518510007314104e-05
test_15652,0.9998772220571048
test_15653,1.8726805311795665e-09
test_15654,0.9999411053823305
test_15655,0.971892024406436
test_15656,0.8473145100233805
test_15657,0.19132875896354573
test_15658,0.8311718051901533
test_15659,0.04559127362060401
test_15660,0.5911369102665083
test_15661,0.0001466165799563265
test_15662,0.25142139001441766
test_15663,0.9999996626669101
test_15664,1.8207176754484884e-11
test_15665,0.9999756039408867
test_15666,0.9999999998150704
test_15667,2.386163540115838e-09
test_15668,0.9994639122495714
test_15669,0.9999999999477668
test_15670,0.04559597981141575
test_15671,0.7693764438580217
test_15672,0.9999999999999996
test_15673,2.9268159173034936e-11
test_15674,0.041406781799501746
test_15675,0.9989291777154964
test_15676,1.2291722082348773e-05
test_15677,1.4267938046662406e-08
test_15678,0.9999863532244265
test_15679,0.9999285914572937
test_15680,0.9999999999993578
test_15681,2.4327973954028027e-15
test_15682,0.0009044182383092278
test_15683,0.7154348020088876
test_15684,0.9772886968091954
test_15685,1.365332326185416e-07
test_15686,0.999999999812004
test_15687,0.7824720020037703
test_15688,0.9997840632535608
test_15689,0.2676888531237426
test_15690,0.4786238574783733
test_15691,4.27280435528299e-12
test_15692,3.4658696343047376e-10
test_15693,0.9997885939790825
test_15694,0.033264111198249846
test_15695,0.14379511132692313
test_15696,0.8759341272343587
test_15697,0.9782784867490565
test_15698,1.5499140449476446e-08
test_15699,0.9999999999848461
test_15700,1.2223485085338171e-05
test_15701,0.9833743312826885
test_15702,0.9999573967020905
test_15703,0.6874951644672596
test_15704,9.090711746173058e-05
test_15705,0.061907139068174556
test_15706,0.9999999998753455
test_15707,0.9999999604358905
test_15708,0.00218446341159468
test_15709,0.9999999957431478
test_15710,0.9999998627638008
test_15711,0.9995183455704166
test_15712,0.0025599312633415943
test_15713,0.9999999997731441
test_15714,0.2413034674352546
test_15715,0.9999999971728357
test_15716,4.002706039425578e-06
test_15717,2.9185058097433046e-05
test_15718,0.9998897355479066
test_15719,1.8349774475962268e-10
test_15720,0.999800882867536
test_15721,0.9999992686224677
test_15722,0.999999920292809
test_15723,0.9999997972486354
test_15724,0.9990456876930409
test_15725,0.6308672616241983
test_15726,0.9735687452437936
test_15727,0.44207603563956555
test_15728,0.19263400851714396
test_15729,0.050368760490948836
test_15730,0.05385282271801165
test_15731,0.4637011095972666
test_15732,0.9778517777445535
test_15733,0.9999999999994048
test_15734,0.003518202669526797
test_15735,4.575357730522957e-09
test_15736,1.2799365120041053e-06
test_15737,0.9963288594304547
test_15738,0.23951879628327802
test_15739,0.6601431996651965
test_15740,4.747787061341574e-06
test_15741,0.9999964827220165
test_15742,0.9994443523484015
test_15743,0.9999998850827487
test_15744,0.5127787030543144
test_15745,0.9999033315891344
test_15746,0.9999999999972284
test_15747,0.9999999929288079
test_15748,0.028538504153285276
test_15749,0.9999985144708192
test_15750,0.9999999959886785
test_15751,0.999951620465047
test_15752,0.15992791432144596
test_15753,0.9993238907765165
test_15754,1.844800071969383e-08
test_15755,0.9999999738303329
test_15756,5.4743084083431245e-05
test_15757,0.9999710957014842
test_15758,0.9999991181889791
test_15759,0.0019929258500100107
test_15760,0.9999988115956053
test_15761,0.7751263852878496
test_15762,0.7374527988399746
test_15763,0.4386145830619044
test_15764,0.989813330822914
test_15765,0.9999873057475221
test_15766,6.559577147932674e-06
test_15767,0.9973648746657264
test_15768,0.8285770654177941
test_15769,1.266813033752134e-06
test_15770,0.9818051667428414
test_15771,0.004954109333015443
test_15772,0.5259461173609996
test_15773,0.0057101271881111765
test_15774,0.9999999691003464
test_15775,0.9999999999821011
test_15776,1.0255141755512764e-09
test_15777,1.0425224506701628e-05
test_15778,9.730754494215849e-11
test_15779,0.00021572007045126098
test_15780,0.007744911547807931
test_15781,0.007115106269998615
test_15782,0.9972049428204
test_15783,0.9999012527048048
test_15784,0.0015878881007549462
test_15785,0.5194204297024347
test_15786,0.7187109303829395
test_15787,2.116561496067743e-09
test_15788,0.013409317476961894
test_15789,0.00031543978876464647
test_15790,0.9999427114420727
test_15791,5.05632792130285e-09
test_15792,0.9999999859617303
test_15793,0.9910614578236792
test_15794,0.9988813674591144
test_15795,8.933030906164536e-16
test_15796,0.001064288498057668
test_15797,0.0025864307015510536
test_15798,0.20170719512115748
test_15799,0.0006435956672456744
test_15800,0.998629067916756
test_15801,0.9995612728442994
test_15802,0.21655430162834693
test_15803,0.003717745476863879
test_15804,4.264356875703775e-07
test_15805,0.997911270786618
test_15806,2.490557792161908e-05
test_15807,0.9966524859981816
test_15808,0.8970969881221527
test_15809,0.9999999999210424
test_15810,4.706799028122865e-05
test_15811,0.9998727245281878
test_15812,0.2760537640513849
test_15813,0.999999353153666
test_15814,0.9450754477921629
test_15815,0.0013169239931081563
test_15816,0.9999987283791434
test_15817,0.5661276254188312
test_15818,8.140716987145126e-05
test_15819,0.9999772828298685
test_15820,1.0670535747557351e-11
test_15821,0.9998956328108014
test_15822,0.9063462637373119
test_15823,2.8808477773420263e-12
test_15824,0.9997834961268817
test_15825,7.88990104739096e-06
test_15826,1.352328419182453e-05
test_15827,0.9996871369871498
test_15828,0.9995698079318075
test_15829,0.990569638888193
test_15830,1.9149666005220687e-07
test_15831,3.255502956896319e-08
test_15832,0.9999999905939833
test_15833,0.9999941073349286
test_15834,0.08182857406532648
test_15835,0.055420656080928346
test_15836,0.9999301581540705
test_15837,0.9999999991408315
test_15838,6.294111893717495e-05
test_15839,0.9999339473892219
test_15840,0.8960334141082866
test_15841,0.00021660431325094815
test_15842,0.9998476998721993
test_15843,0.4909273983397871
test_15844,9.127097011565121e-06
test_15845,0.8014967725463159
test_15846,0.4695110477689862
test_15847,1.4457579681727657e-06
test_15848,0.0004156985916660413
test_15849,0.9999659049840173
test_15850,0.08094794780922476
test_15851,0.9999976529863059
test_15852,2.698696839164332e-06
test_15853,0.9999999592084319
test_15854,0.9196553122830691
test_15855,0.9999606913237142
test_15856,0.9705438481351403
test_15857,9.847111956192903e-12
test_15858,0.8683796429242641
test_15859,0.9999997078976538
test_15860,9.313422630277101e-10
test_15861,0.9999993807104371
test_15862,3.186290751199389e-10
test_15863,0.9999999999837688
test_15864,0.999980497052152
test_15865,0.999999988973725
test_15866,0.6305837546735462
test_15867,0.9999999999986063
test_15868,0.9066876200652256
test_15869,0.0005912653033560507
test_15870,1.7778855324942623e-12
test_15871,0.9999910323324308
test_15872,0.0017120801759900408
test_15873,8.035713123856476e-11
test_15874,0.4687347315772314
test_15875,1.5244072771769334e-07
test_15876,8.938907111522901e-08
test_15877,1.4662791831800515e-09
test_15878,0.999999320777399
test_15879,0.9753772367684207
test_15880,0.253962752954703
test_15881,2.283321655407468e-10
test_15882,0.9938662506110871
test_15883,1.772652677790186e-05
test_15884,0.9999999962978408
test_15885,0.7158810796248856
test_15886,0.030247382745470383
test_15887,0.9988675646004113
test_15888,0.7019706032382094
test_15889,0.7357982894403041
test_15890,0.08333857771033741
test_15891,0.8313324930127797
test_15892,0.5425053646221967
test_15893,0.009287107797436182
test_15894,1.286241794300059e-09
test_15895,0.998071063570272
test_15896,0.9096357111700241
test_15897,0.9581963008106749
test_15898,0.9999988518232423
test_15899,0.004126798979727333
test_15900,0.9999983707915464
test_15901,0.9160573250801107
test_15902,0.06955402945427207
test_15903,0.18562634775584386
test_15904,1.0783844658156508e-06
test_15905,0.9705527852363807
test_15906,2.3033198691418128e-08
test_15907,0.9999860093430992
test_15908,2.8602836427691716e-09
test_15909,0.9998066612471495
test_15910,0.9617978687126985
test_15911,0.17608347776481445
test_15912,0.9962957042263552
test_15913,0.9985035305591541
test_15914,0.999960698267648
test_15915,0.00010531636445604228
test_15916,0.0010877497168066614
test_15917,0.0022347791854437377
test_15918,4.2789571733738995e-08
test_15919,0.9999840411189131
test_15920,0.9997972329098248
test_15921,0.9997686221725441
test_15922,2.9453023353206042e-08
test_15923,0.98996561393829
test_15924,4.741290295780885e-06
test_15925,0.5913203413497137
test_15926,0.9999551723561404
test_15927,0.9999999998769776
test_15928,0.999994526773441
test_15929,0.9999918181052675
test_15930,0.2277318842539428
test_15931,0.003679747219548831
test_15932,0.9999998253585487
test_15933,0.9999989264722857
test_15934,8.385754442467278e-09
test_15935,0.9999999999064644
test_15936,0.5854932196491951
test_15937,0.9972913491558751
test_15938,0.9999999999875748
test_15939,0.9882690361445474
test_15940,0.9328062420601899
test_15941,0.9999685164001382
test_15942,9.034266876497692e-09
test_15943,0.9999638595038509
test_15944,0.011371214631287924
test_15945,0.9839034898429406
test_15946,0.17064892489250955
test_15947,0.07378820816901649
test_15948,0.994031234947232
test_15949,0.9717292934263038
test_15950,0.0006929676938748491
test_15951,1.0893701291214814e-12
test_15952,0.9999979711538858
test_15953,6.945737080081321e-07
test_15954,0.9999943264812515
test_15955,3.730034598927085e-13
test_15956,0.028931775319513183
test_15957,1.8006609943749769e-07
test_15958,0.7970906293446602
test_15959,0.9999934626853555
test_15960,0.6979087038681392
test_15961,0.999992862897124
test_15962,0.9999946827694768
test_15963,0.01141379317450683
test_15964,0.9994051208044963
test_15965,0.0001332779131359144
test_15966,0.9999993435146839
test_15967,0.0022588742700194236
test_15968,0.06323260760759686
test_15969,0.06609701180103525
test_15970,0.9945113632944045
test_15971,5.04568712480113e-07
test_15972,0.004334332865848306
test_15973,0.2351687433129724
test_15974,0.027058570652808044
test_15975,1.910270617483545e-05
test_15976,0.9624883680919625
test_15977,0.686713815209953
test_15978,0.9930904154950322
test_15979,0.6866275201668424
test_15980,0.19775266452488588
test_15981,0.9999992619692529
test_15982,7.664161561576921e-09
test_15983,0.9999999991202111
test_15984,0.9999893798570879
test_15985,4.2260014158262555e-15
test_15986,1.9708116351813677e-05
test_15987,4.97789904344517e-09
test_15988,0.9999999653585407
test_15989,5.7771356348261974e-05
test_15990,0.9098834471081652
test_15991,0.9999891978316519
test_15992,2.2706903464142308e-05
test_15993,0.9999811042065696
test_15994,1.3287771460098936e-11
test_15995,0.5889915544882229
test_15996,0.3635298122052473
test_15997,0.0012244299359345906
test_15998,0.18997579402022519
test_15999,0.9999999988342959
test_16000,8.715491606285883e-10
test_16001,2.046230415243639e-13
test_16002,4.7774960952817865e-11
test_16003,0.6586695159446165
test_16004,0.0002914708572196819
test_16005,0.00017378988570275114
test_16006,0.4994276111671885
test_16007,0.8810712152251263
test_16008,0.4805302792992161
test_16009,1.476010340009967e-07
test_16010,0.4048445659055746
test_16011,0.06099004336204353
test_16012,3.0702337177201e-08
test_16013,0.9999999576158107
test_16014,9.224360829150882e-07
test_16015,6.533415418351861e-05
test_16016,0.555469952145573
test_16017,6.961367081896492e-08
test_16018,0.9999999999990418
test_16019,1.4239814727127682e-10
test_16020,0.9998782410703934
test_16021,0.9999998493418338
test_16022,0.9997776213165177
test_16023,4.6396676156830586e-05
test_16024,1.0592386809698035e-07
test_16025,5.612183405325621e-09
test_16026,0.9996923130891109
test_16027,0.9999654093902874
test_16028,0.002114576925577823
test_16029,2.2113308006526812e-11
test_16030,1.2018907908793508e-05
test_16031,0.5013504695472157
test_16032,0.9952828685171333
test_16033,4.975691734374657e-06
test_16034,0.9999999987882877
test_16035,8.116546854155158e-09
test_16036,2.7407585989541607e-13
test_16037,1.781056402549336e-06
test_16038,3.043397837284714e-06
test_16039,0.08386818566609985
test_16040,7.587004043806387e-06
test_16041,0.9999999999960651
test_16042,0.8063913010225705
test_16043,0.9999999999999849
test_16044,0.9920843946305454
test_16045,0.9978421426749589
test_16046,2.418741343778736e-07
test_16047,0.9057580620742784
test_16048,0.9999971234598659
test_16049,1.660497879253319e-07
test_16050,0.9231394545986804
test_16051,0.9999977853194322
test_16052,4.570545966288246e-08
test_16053,0.912781870663343
test_16054,6.482640046003293e-10
test_16055,9.280079083305524e-08
test_16056,0.9421391326431123
test_16057,0.9999999730813631
test_16058,0.3260984446142517
test_16059,0.9999999254340788
test_16060,0.9999999999849275
test_16061,0.99999045619136
test_16062,2.4061442985905096e-08
test_16063,0.9499847768145577
test_16064,0.9999922024775345
test_16065,0.9999999999997311
test_16066,0.999999948090314
test_16067,0.9996512962177033
test_16068,8.212810843099703e-07
test_16069,0.32519221512353697
test_16070,0.205748616222807
test_16071,0.9899011012137926
test_16072,0.9999999975076636
test_16073,2.1691029116802225e-10
test_16074,0.09468544880220525
test_16075,0.9997136767199546
test_16076,0.5833048781905541
test_16077,0.9894549331292646
test_16078,0.9952178593680159
test_16079,0.8734767463820996
test_16080,0.9999999956543812
test_16081,0.997992958113795
test_16082,0.9999999783676605
test_16083,0.014335439786672058
test_16084,2.9674562849861483e-12
test_16085,6.422179076592755e-05
test_16086,0.9999992667978845
test_16087,0.9999998909119852
test_16088,0.9999998346550343
test_16089,0.0001351152756662647
test_16090,0.0004861502083590565
test_16091,0.6658585609274859
test_16092,1.3536232045588358e-08
test_16093,0.9200447579241086
test_16094,0.9999999922681447
test_16095,0.9977530115317417
test_16096,0.9999999996100779
test_16097,0.4862954326153798
test_16098,0.6442821053872164
test_16099,0.9678462774773466
test_16100,1.3591227153134727e-05
test_16101,0.00029257237680079424
test_16102,0.9999956019521263
test_16103,0.00010288679588465507
test_16104,0.027610427954755348
test_16105,0.12020894661572343
test_16106,0.9976030192880478
test_16107,0.915691194709244
test_16108,0.011959512884167836
test_16109,0.9999993617380378
test_16110,0.0003580986084612084
test_16111,0.8472901993916642
test_16112,0.9999998577170739
test_16113,0.9993976126221141
test_16114,0.9999985696424969
test_16115,3.186165038253917e-08
test_16116,0.2941602579371724
test_16117,0.9999998307915806
test_16118,0.9194963259611791
test_16119,0.9433810619098499
test_16120,2.3586360580619187e-10
test_16121,0.999955855567997
test_16122,8.386775158438066e-07
test_16123,0.9999999994688544
test_16124,0.7064987588103978
test_16125,0.9999475970471869
test_16126,0.6307951542933516
test_16127,0.999999871541449
test_16128,0.0005459068933567184
test_16129,0.17276467841366555
test_16130,0.9747546904198221
test_16131,0.040589628703814024
test_16132,0.9995989484519676
test_16133,6.487273442034092e-07
test_16134,0.9921907614327741
test_16135,0.9991573820764055
test_16136,0.9987600799329153
test_16137,0.9999999947378009
test_16138,0.9999829335635191
test_16139,0.9995594036174248
test_16140,0.003099659072762106
test_16141,0.00055248502522071
test_16142,0.005050459608917453
test_16143,0.8661727939471986
test_16144,0.8441046557527634
test_16145,7.867282358560128e-08
test_16146,1.2490519425149866e-12
test_16147,0.009340842590725125
test_16148,0.018655170862143872
test_16149,0.46716172148471974
test_16150,0.994834835363809
test_16151,0.9999900654583935
test_16152,1.3241147583031046e-05
test_16153,0.9999951603367576
test_16154,0.2501060804117467
test_16155,0.9999851224145934
test_16156,0.9999999998986244
test_16157,0.0005059989713817401
test_16158,1.3967187361845309e-09
test_16159,0.4492867503044835
test_16160,0.44008509784099725
test_16161,0.840037017992914
test_16162,0.9406857510783624
test_16163,1.1515031995773854e-05
test_16164,0.39415484290428215
test_16165,1.8636786542601987e-05
test_16166,1.1712142575931367e-14
test_16167,0.8639164613434135
test_16168,3.3530849216095054e-06
test_16169,0.9999999999663642
test_16170,0.9999069781927468
test_16171,0.0027822965963394063
test_16172,3.014040889662407e-05
test_16173,0.9832229869446134
test_16174,0.0006193243559880876
test_16175,0.9999999368442993
test_16176,1.8923557764775728e-06
test_16177,0.0048892263578927736
test_16178,6.361019907631707e-14
test_16179,6.117471088596423e-11
test_16180,0.0006123276482180849
test_16181,0.9999993622275214
test_16182,0.13307975903155295
test_16183,0.0005069748986520072
test_16184,0.9999999999996858
test_16185,0.9999988663614514
test_16186,0.003800265685232851
test_16187,0.006472119492035834
test_16188,0.0169821236334229
test_16189,0.9999999857192089
test_16190,0.3016728549560206
test_16191,0.16329531861222302
test_16192,0.9979584696017308
test_16193,0.9999833259440448
test_16194,0.02061652503803953
test_16195,0.9921116561629765
test_16196,0.019469147350116945
test_16197,0.9999635930393026
test_16198,5.383265517483668e-09
test_16199,0.4711049213815266
test_16200,0.01964408305303568
test_16201,1.324367547582534e-07
test_16202,0.9999909436454633
test_16203,0.9999437960575368
test_16204,0.9511477239607575
test_16205,0.9042184563515362
test_16206,0.9999999998567316
test_16207,0.9902309850162554
test_16208,1.7419313604695696e-09
test_16209,0.04169090812550874
test_16210,0.9999691673675545
test_16211,0.9999998961734669
test_16212,0.9999996069697777
test_16213,0.9616696861842721
test_16214,1.2142750526769634e-09
test_16215,0.3674424070087354
test_16216,0.9999996396053576
test_16217,1.4304910057544387e-09
test_16218,0.9999999996998631
test_16219,0.999999994658713
test_16220,0.9999996023546263
test_16221,0.934964127613513
test_16222,0.9984566902232364
test_16223,0.7819239913685669
test_16224,0.9996847746788882
test_16225,0.9993359365898654
test_16226,0.9502496182000253
test_16227,0.002133504803444571
test_16228,0.022967348379458876
test_16229,0.9577608344453392
test_16230,0.961255789172244
test_16231,0.9981165278350832
test_16232,0.0031699410367599422
test_16233,0.0036148512085765502
test_16234,0.4051511891949091
test_16235,0.9999999719371213
test_16236,7.764814242064816e-10
test_16237,0.9999769402086305
test_16238,0.008100772247301855
test_16239,0.045903854217834245
test_16240,0.9568309528332091
test_16241,2.7936770306965643e-06
test_16242,0.24824634361775647
test_16243,0.789550570110801
test_16244,0.03997008842322953
test_16245,0.9999464649792362
test_16246,0.9854148199660596
test_16247,2.154197393483745e-09
test_16248,0.9998511309780012
test_16249,7.277837415774206e-15
test_16250,0.9999999999994142
test_16251,0.9999999998461884
test_16252,0.0031636126983899345
test_16253,0.021656054306977618
test_16254,0.6049283422305552
test_16255,3.118646120141479e-08
test_16256,0.7535204748629944
test_16257,0.4459554247098844
test_16258,0.00047256575238578316
test_16259,0.9999846085312845
test_16260,0.07214210367940262
test_16261,0.9992049503509606
test_16262,0.9999999999999999
test_16263,0.1506516673633014
test_16264,0.0022027804434903288
test_16265,0.9999998425707771
test_16266,0.9999942965083746
test_16267,0.0003343520870486431
test_16268,0.99999999864278
test_16269,2.2068361363244162e-07
test_16270,0.9489347972298554
test_16271,0.999999999267063
test_16272,0.9999999999899101
test_16273,0.999999999967779
test_16274,0.9999999999981104
test_16275,8.660563234517756e-08
test_16276,2.623494296609126e-08
test_16277,0.9999999938083808
test_16278,3.0762551590237535e-06
test_16279,5.785516333316078e-09
test_16280,0.8580691896765682
test_16281,0.9844510536665434
test_16282,0.9999327410969017
test_16283,7.177358873846387e-10
test_16284,0.09404083787182639
test_16285,0.4408797734492095
test_16286,1.6894562014969896e-05
test_16287,0.9999999883814339
test_16288,1.4130126629268548e-11
test_16289,0.9792784446257613
test_16290,0.08644095344613201
test_16291,0.9998423009960857
test_16292,0.7937534011390246
test_16293,0.999999710517639
test_16294,1.1655629286127333e-05
test_16295,0.9999974115389445
test_16296,0.000481829359040478
test_16297,0.9999995175869618
test_16298,0.9994114817090008
test_16299,0.579844918311692
test_16300,1.1640834000142737e-06
test_16301,2.867404548104853e-06
test_16302,1.0019366269306569e-11
test_16303,0.9999993502313171
test_16304,0.0006576350118193128
test_16305,0.9999999983976396
test_16306,0.9916326892013385
test_16307,0.9999999999997546
test_16308,0.9994725583185804
test_16309,0.9999999174639996
test_16310,5.343218046251513e-07
test_16311,0.5849909946330815
test_16312,0.0009126256496538961
test_16313,3.0276325120083267e-05
test_16314,0.9714749143889334
test_16315,0.7056374851863563
test_16316,0.38703095700980594
test_16317,0.9982823918524977
test_16318,0.9995937953251517
test_16319,0.0010089211798409198
test_16320,0.9999999772040494
test_16321,0.8312084760162421
test_16322,0.005536758178734319
test_16323,0.12677367162360753
test_16324,0.9998320818469648
test_16325,0.2152374668170682
test_16326,0.9999430906788093
test_16327,0.00803929983968245
test_16328,0.0047391514053669445
test_16329,0.0004093789498082051
test_16330,0.9686031029560305
test_16331,7.180867515552967e-06
test_16332,0.9864205037151921
test_16333,1.3647099687481086e-10
test_16334,0.9999992923182799
test_16335,0.9999999999979743
test_16336,0.02430301266298466
test_16337,0.9180751167519545
test_16338,0.999970713844535
test_16339,0.9366336075037706
test_16340,0.8596448745528948
test_16341,0.9999999999994187
test_16342,0.9980963028686036
test_16343,0.9833656642641008
test_16344,0.9999741821365423
test_16345,0.0007040171560013947
test_16346,0.9387596286553742
test_16347,6.883219413968744e-08
test_16348,0.9999999965414179
test_16349,0.9999999999970056
test_16350,0.9940397975429252
test_16351,0.34292316468191825
test_16352,5.314972785512036e-10
test_16353,0.7377216687446804
test_16354,0.32548797387087536
test_16355,0.9999977090538865
test_16356,0.557241905843729
test_16357,0.5955993691434902
test_16358,2.305484779194669e-06
test_16359,0.9999067962424311
test_16360,0.006309037267758152
test_16361,1.0746035801119758e-07
test_16362,0.9999255276892363
test_16363,0.9990311278119398
test_16364,0.0109464589099226
test_16365,0.9999999976342775
test_16366,0.47818835584720426
test_16367,0.9999905269357977
test_16368,1.1129437729657741e-09
test_16369,1.364930498853818e-07
test_16370,0.0016718904378480823
test_16371,0.7780512395850523
test_16372,0.999999999999985
test_16373,0.9999928792335019
test_16374,0.3273261075416963
test_16375,0.9999999988506589
test_16376,0.9335549230083591
test_16377,0.9999999999872982
test_16378,0.16496927944810538
test_16379,1.5763056815004502e-08
test_16380,2.614780716126942e-05
test_16381,0.002237413236804572
test_16382,0.00023241466325746657
test_16383,0.602549737746806
test_16384,0.99999784506885
test_16385,1.2183610523940314e-12
test_16386,0.9984481685314706
test_16387,0.9994759488447265
test_16388,0.9301056683830082
test_16389,0.9999999714731573
test_16390,0.9999999999906221
test_16391,0.020248100975738984
test_16392,0.9999999883737619
test_16393,0.008760022062773942
test_16394,0.9632369736704766
test_16395,0.01549352007750732
test_16396,0.9999989192090453
test_16397,1.2757511394671025e-05
test_16398,0.9992223587340157
test_16399,3.651671771618903e-05
test_16400,4.8829096462376494e-05
test_16401,0.9999999198675875
test_16402,0.9999445386750208
test_16403,0.9964417563016366
test_16404,0.9999998403147101
test_16405,7.961910995565106e-07
test_16406,0.010882972143492027
test_16407,0.9999307474822596
test_16408,0.5125994620951158
test_16409,4.344519409862412e-08
test_16410,0.003007194158221043
test_16411,0.022825683733204157
test_16412,0.008701850252013917
test_16413,9.439224764889529e-12
test_16414,0.9257632757494314
test_16415,0.9999998993272567
test_16416,0.004807889609329428
test_16417,0.04206894454721219
test_16418,7.519583464996688e-08
test_16419,6.478794586930736e-07
test_16420,1.1941312297748894e-11
test_16421,0.9999999462445911
test_16422,0.9999999999686757
test_16423,0.9997486111552094
test_16424,0.6291432540131446
test_16425,0.07469839916906491
test_16426,0.025444523304363996
test_16427,0.19219198692902034
test_16428,7.24454717130174e-05
test_16429,0.9999405365002783
test_16430,0.9999992930884402
test_16431,0.9999183635108047
test_16432,0.00015162119020465466
test_16433,0.0003319715932526678
test_16434,1.477344983630066e-11
test_16435,8.928466181905829e-05
test_16436,5.3949646657229766e-06
test_16437,0.822741179066319
test_16438,0.9999999972801505
test_16439,0.9999999999980098
test_16440,0.9999999999994627
test_16441,1.0888676935789863e-05
test_16442,0.9845827114478607
test_16443,4.0268493043670415e-10
test_16444,0.9999334434919372
test_16445,0.5802422233423509
test_16446,1.2034623273209132e-18
test_16447,0.9920248177386811
test_16448,0.1959534133117029
test_16449,0.9999999980607011
test_16450,0.23572150553503132
test_16451,0.0056345723065208166
test_16452,2.8028640656310143e-07
test_16453,0.9964438451539588
test_16454,6.426410205641637e-14
test_16455,0.9932179550073974
test_16456,0.9265469604369749
test_16457,0.4836678762062623
test_16458,0.0014876965387715995
test_16459,0.03128539560506071
test_16460,3.17178745381401e-08
test_16461,0.9999999975841871
test_16462,0.690703552071795
test_16463,0.9999999998522293
test_16464,0.9999942271578872
test_16465,0.9999481968092265
test_16466,0.9731179543702069
test_16467,0.9998265590610315
test_16468,0.9998658532400175
test_16469,0.9999999999960735
test_16470,0.9999999999999374
test_16471,0.2553120356251917
test_16472,2.794391027626011e-06
test_16473,0.27453514310475813
test_16474,0.2882441457910009
test_16475,0.14326116839579148
test_16476,0.0002816471874301173
test_16477,4.66264201222667e-06
test_16478,0.999993697788228
test_16479,0.6588707993842426
test_16480,0.9836335855162885
test_16481,6.693484015965853e-05
test_16482,0.9947587335306856
test_16483,1.418262729264766e-11
test_16484,0.8447999157757912
test_16485,6.786515100813636e-05
test_16486,0.9958009573435878
test_16487,0.4666988952672268
test_16488,2.1294150601115988e-07
test_16489,4.297002302755129e-10
test_16490,0.8328812217001555
test_16491,0.31098454341666926
test_16492,2.672616464363319e-06
test_16493,3.7480432986968075e-06
test_16494,0.0011662891611653522
test_16495,0.32462457286313046
test_16496,0.35135687258767817
test_16497,2.815145182615847e-05
test_16498,2.235779296956144e-08
test_16499,0.1598816268513616
test_16500,0.0002113528927327707
test_16501,0.9921991697427393
test_16502,0.1446980108861867
test_16503,8.351974970813224e-05
test_16504,2.812720280163739e-08
test_16505,0.9999998943816817
test_16506,1.7531184556049873e-06
test_16507,0.9999666241665717
test_16508,0.9999972917206796
test_16509,0.0004516703777279994
test_16510,0.0123773524596931
test_16511,0.9999815513444685
test_16512,2.4698315650177455e-07
test_16513,3.04755019263173e-06
test_16514,3.264604612408848e-08
test_16515,0.9107197459660792
test_16516,0.9999998943618141
test_16517,2.1179695704027532e-09
test_16518,0.9999999927554374
test_16519,0.9999663475151752
test_16520,0.11198635609746921
test_16521,3.47477211646364e-05
test_16522,0.994190457000423
test_16523,0.9997778789196812
test_16524,0.343659258515137
test_16525,9.238694929236841e-06
test_16526,0.9955710410593634
test_16527,6.086657332495362e-05
test_16528,7.174035733233778e-05
test_16529,0.9990920062061428
test_16530,2.465335038000916e-06
test_16531,0.16329594057283237
test_16532,0.9999426508259308
test_16533,3.874836577756808e-05
test_16534,0.999999999740599
test_16535,0.9999976776080728
test_16536,0.00017581295546027117
test_16537,0.9350673858869527
test_16538,0.9999904959704883
test_16539,0.9999406856327331
test_16540,5.551073625685292e-09
test_16541,3.9168398755977905e-05
test_16542,0.99999999953973
test_16543,0.9993284833018612
test_16544,0.6510512744081891
test_16545,0.002578741997962543
test_16546,0.9999870083639019
test_16547,0.9988769208794464
test_16548,0.7884847071844745
test_16549,0.20148560641776994
test_16550,0.9999642703536057
test_16551,0.9999989366458042
test_16552,0.9987681213550949
test_16553,0.002761474883000038
test_16554,0.0006292840407180456
test_16555,0.041395586314670385
test_16556,0.9937356165011424
test_16557,0.9993255980336351
test_16558,0.9999739939076281
test_16559,0.7664154228412758
test_16560,0.007460752701422694
test_16561,0.9951043382372406
test_16562,0.009585009997046754
test_16563,9.630374872815744e-05
test_16564,0.9999888740607323
test_16565,0.9542978358403404
test_16566,2.659132589580679e-08
test_16567,0.9999999948945434
test_16568,0.9999990709216189
test_16569,0.0005236102765526026
test_16570,0.6206249684327565
test_16571,0.998807030200367
test_16572,0.2958549013606101
test_16573,0.001173868324245208
test_16574,5.658398006180363e-09
test_16575,0.017931204142294
test_16576,1.5403167164125892e-10
test_16577,2.757187775607996e-10
test_16578,0.9999849079631378
test_16579,0.023035963599647026
test_16580,7.170102498960822e-06
test_16581,1.74784847658117e-13
test_16582,0.9992193593021769
test_16583,0.9999998434695151
test_16584,0.8401480457647383
test_16585,6.524364698421548e-18
test_16586,0.41967357491888174
test_16587,0.9323143281074638
test_16588,1.2899077323538778e-08
test_16589,0.9995890237405318
test_16590,0.0005501557027464963
test_16591,0.999999890097599
test_16592,0.00038927608380414345
test_16593,0.35438086102453425
test_16594,3.457418900370383e-05
test_16595,0.7947490268230348
test_16596,0.09215402166780849
test_16597,0.9999999999371703
test_16598,0.9754321160983961
test_16599,0.3032476981215366
test_16600,0.9971632124177718
test_16601,3.8695283273978196e-05
test_16602,0.9959939770285531
test_16603,0.9158014351940249
test_16604,0.9999999950890632
test_16605,3.291308875652793e-05
test_16606,0.00804388591720135
test_16607,0.17447402137661983
test_16608,0.9999608437949494
test_16609,0.9999992733365408
test_16610,3.619112517153331e-07
test_16611,0.5123773304221673
test_16612,0.0002578618001468117
test_16613,0.9961230241298082
test_16614,0.836756827230454
test_16615,0.3554998059236046
test_16616,0.023407859784022784
test_16617,0.009745072175694543
test_16618,0.42140945928687656
test_16619,0.00013939190554855638
test_16620,0.999999904620264
test_16621,0.9999997517336665
test_16622,0.9999196728940001
test_16623,0.24318482939595037
test_16624,0.9999999999392504
test_16625,1.234189165746417e-10
test_16626,0.002347043134846959
test_16627,5.4903469269079086e-11
test_16628,4.0884387512144955e-09
test_16629,0.04205865989433024
test_16630,1.5279014500281025e-05
test_16631,3.3341697101343564e-07
test_16632,0.9999164651282513
test_16633,0.036103757111920654
test_16634,0.5607208317402401
test_16635,8.226712668748265e-05
test_16636,0.9827984229285998
test_16637,0.00024637420763195335
test_16638,0.9999999962727788
test_16639,0.9975076161451149
test_16640,0.9123374226362141
test_16641,0.5702707104620299
test_16642,0.9907278314524279
test_16643,0.9999999886685139
test_16644,0.9999999999086647
test_16645,0.9999961634483151
test_16646,0.9999999976402227
test_16647,0.551243417770054
test_16648,0.48022806698770426
test_16649,0.5240717922244759
test_16650,0.13630988267109284
test_16651,5.598977219140946e-12
test_16652,0.17531606962958013
test_16653,0.9046946514333419
test_16654,0.9999995530090611
test_16655,7.141158611204646e-06
test_16656,0.7157453135422238
test_16657,0.9999984998866844
test_16658,0.9999970094427214
test_16659,0.84799386273992
test_16660,0.999981461344714
test_16661,3.002969063323153e-14
test_16662,0.787972324643923
test_16663,0.07670527384594215
test_16664,0.9999889757115956
test_16665,0.01103418707177297
test_16666,0.9999999508914633
test_16667,0.0006342869646833222
test_16668,0.9999999999314467
test_16669,0.0015211908856743092
test_16670,0.0016576758949174869
test_16671,0.3324088504361805
test_16672,0.9999999999998239
test_16673,0.033925535770406065
test_16674,0.001378597793511114
test_16675,0.26570634461374865
test_16676,0.39536345990095306
test_16677,0.8072716674028475
test_16678,0.488764708074707
test_16679,0.059752166781838
test_16680,0.7243697911548765
test_16681,1.6289215264399065e-05
test_16682,0.9999998384093647
test_16683,0.46135950920543245
test_16684,0.022750805744927216
test_16685,1.9889381904518295e-07
test_16686,0.33165798145793185
test_16687,0.9994454677867286
test_16688,0.45037630178325383
test_16689,0.8974107629671926
test_16690,0.999999999212636
test_16691,8.740107467312911e-08
test_16692,0.9995864881456045
test_16693,3.5314234388850396e-08
test_16694,0.9999999995254514
test_16695,0.00023582801950166454
test_16696,1.0095899194850795e-09
test_16697,2.544410748385609e-11
test_16698,0.5961450446707741
test_16699,0.4142504473286336
test_16700,0.13392023825334087
test_16701,2.049705099652937e-08
test_16702,3.94995943156368e-08
test_16703,0.9999998267182734
test_16704,0.4203927558515814
test_16705,0.9999649376048783
test_16706,0.999998556496466
test_16707,0.6273574370488708
test_16708,0.9967510559921477
test_16709,0.999988486920894
test_16710,4.743348779325396e-05
test_16711,0.9990575186651045
test_16712,0.002570226137020275
test_16713,0.004567056566255552
test_16714,1.9239355230531036e-08
test_16715,0.0004556997960063267
test_16716,2.59011864197484e-09
test_16717,0.8430290209782878
test_16718,0.00017918841577328214
test_16719,0.9786368757035474
test_16720,5.984804726008746e-06
test_16721,0.9999445327063887
test_16722,0.9999817467368981
test_16723,0.9978968175117272
test_16724,0.0606586068176074
test_16725,0.28396241478368456
test_16726,0.00017980113914611246
test_16727,0.9788564524487035
test_16728,0.00015457211649451847
test_16729,0.584884577568302
test_16730,0.7996779461547234
test_16731,3.968432688386065e-05
test_16732,0.008845356393811605
test_16733,0.004253149714969823
test_16734,0.9977002913805251
test_16735,5.498958288321876e-05
test_16736,0.9966979487875498
test_16737,0.9999999644646151
test_16738,0.9999999999618465
test_16739,0.9999999973634617
test_16740,0.999999999586044
test_16741,5.455384603699794e-06
test_16742,8.56307609130991e-08
test_16743,2.424831239639688e-07
test_16744,0.9991104646711366
test_16745,0.4585802698795869
test_16746,0.7183106680514495
test_16747,0.7262964468723451
test_16748,0.99999795119826
test_16749,0.9769668470070265
test_16750,0.027329750013879318
test_16751,0.9999999986229883
test_16752,0.06647426917454126
test_16753,0.9999999999996588
test_16754,0.30227926392591586
test_16755,0.025464928579011576
test_16756,0.9999813472415044
test_16757,6.03496941452885e-11
test_16758,0.9986833236850191
test_16759,0.480672087895947
test_16760,0.9919784744918896
test_16761,0.999999995199772
test_16762,0.969246907490056
test_16763,0.9997636288698244
test_16764,0.0013611123131432891
test_16765,0.9981994655426633
test_16766,0.9999987402155207
test_16767,0.12921028141845547
test_16768,3.0071127466906234e-07
test_16769,0.878793607378937
test_16770,0.9994902243643293
test_16771,0.5559340511249594
test_16772,3.540508911925281e-09
test_16773,0.8423408934554284
test_16774,0.9994651612337921
test_16775,0.001875875389005182
test_16776,0.15544524635876175
test_16777,0.7321355675589092
test_16778,0.4909565225878084
test_16779,7.203163626402577e-10
test_16780,0.9986466133217121
test_16781,0.007492729754308718
test_16782,0.9999999996246594
test_16783,0.9918658681170336
test_16784,0.9999936092638546
test_16785,0.9970906220112413
test_16786,2.5698719552289306e-09
test_16787,0.8497722255312585
test_16788,0.40390535106811537
test_16789,0.9999999988520905
test_16790,0.8461660186510422
test_16791,1.53256903098077e-09
test_16792,0.9992005694956041
test_16793,3.007329167953918e-07
test_16794,0.999911451505439
test_16795,4.673245754727446e-07
test_16796,0.9988707327855142
test_16797,0.00926321208248623
test_16798,0.31508380959061877
test_16799,0.9999958259241332
test_16800,0.9941196844455925
test_16801,0.9999999948332754
test_16802,0.9999998880855303
test_16803,1.1424223366861428e-08
test_16804,0.9999998627341256
test_16805,0.9999999999978842
test_16806,0.9999999993341934
test_16807,0.9973957665636844
test_16808,8.619979807066815e-05
test_16809,0.0009205485083308548
test_16810,4.0916709699479495e-06
test_16811,0.9997930018132046
test_16812,7.324446426669255e-05
test_16813,1.903125978641641e-05
test_16814,0.9221629015143242
test_16815,0.9899898163417156
test_16816,1.4473440597533028e-12
test_16817,0.9999999998568958
test_16818,0.005895676323857662
test_16819,0.9984716262668547
test_16820,0.28987961310306487
test_16821,0.8173552063173211
test_16822,0.9999999998064617
test_16823,0.9997410257331122
test_16824,0.9999999960991599
test_16825,0.4315572197255152
test_16826,0.8920599406674565
test_16827,0.0005713963818502312
test_16828,8.337856498880942e-06
test_16829,0.002626821627540632
test_16830,0.09944566104855038
test_16831,0.9999945261349348
test_16832,0.982968903206888
test_16833,0.718281034542952
test_16834,0.4763559422250133
test_16835,0.9984997133786795
test_16836,0.0043258341957079175
test_16837,0.9999921092634625
test_16838,1.8978341680963488e-08
test_16839,0.3216668591574958
test_16840,0.9999983248583914
test_16841,0.9999181678785456
test_16842,0.6913267788902593
test_16843,3.462975972269725e-11
test_16844,0.9999728893150278
test_16845,1.818727148062121e-05
test_16846,1.8600114418937345e-08
test_16847,0.6373484060626062
test_16848,0.9999993845303172
test_16849,0.9999999965044652
test_16850,0.023277802998667173
test_16851,0.000991028891345157
test_16852,0.12273269373196918
test_16853,0.13774409221478257
test_16854,1.0129742270259613e-09
test_16855,7.492183207766098e-09
test_16856,0.8701328213996518
test_16857,0.9999929594221445
test_16858,0.998443929820158
test_16859,3.1874426556568914e-06
test_16860,0.9999972571177831
test_16861,0.6406390913189461
test_16862,0.0025815131456822854
test_16863,0.999999999999514
test_16864,0.9999823202851024
test_16865,0.05958630931992153
test_16866,0.035062673070661306
test_16867,0.7329974194064299
test_16868,0.9999999999261928
test_16869,0.6480048408043946
test_16870,0.9999998327888007
test_16871,0.9999533193270693
test_16872,0.9999999646522351
test_16873,3.2392993986749725e-05
test_16874,0.7957545895489189
test_16875,8.279854476484348e-06
test_16876,0.9922059618997365
test_16877,3.544327869472441e-05
test_16878,0.002456003353273564
test_16879,0.678791931476256
test_16880,0.998306564240742
test_16881,2.0205210809686894e-05
test_16882,0.3810104876530261
test_16883,0.9999999969509252
test_16884,0.999999975003969
test_16885,0.003929438063918366
test_16886,0.9999031151978938
test_16887,0.9999817548911843
test_16888,0.9511966712705326
test_16889,0.9984732699048959
test_16890,0.9999992419584173
test_16891,0.007673335888794229
test_16892,0.9999999885796182
test_16893,0.99957485068433
test_16894,0.9999086704368572
test_16895,0.12296306832332292
test_16896,0.9961770284251716
test_16897,0.006244074012828757
test_16898,0.00010643776935671593
test_16899,0.04199672533036129
test_16900,0.0033232787858795045
test_16901,0.0006799542159967803
test_16902,0.022314645246483692
test_16903,0.9999999999880798
test_16904,0.9999999999933329
test_16905,4.688480145639948e-06
test_16906,0.000203531109382181
test_16907,0.9999951591346055
test_16908,1.7357462284968361e-09
test_16909,0.9999999782917948
test_16910,0.0005011052659528146
test_16911,0.1186183687042415
test_16912,0.999995435644449
test_16913,0.23806134554141498
test_16914,1.829531521871645e-09
test_16915,0.9999981789542092
test_16916,0.9999999997178176
test_16917,7.433533718807305e-10
test_16918,0.9425145905199299
test_16919,3.723769902848478e-06
test_16920,0.9953609055556617
test_16921,0.999999997676478
test_16922,0.7614103735474382
test_16923,1.1401306566823371e-05
test_16924,0.7258234254872092
test_16925,0.0749715916377767
test_16926,2.932483400782682e-12
test_16927,0.1339976198317671
test_16928,0.00019462826152751982
test_16929,0.029869980866473553
test_16930,2.7900740873224657e-07
test_16931,0.8840319661909963
test_16932,5.434368081567576e-06
test_16933,0.986808990401569
test_16934,0.9970966981065321
test_16935,0.8049806143551699
test_16936,0.9990138681262589
test_16937,0.8756617692579279
test_16938,0.431198601878057
test_16939,0.9949125258914407
test_16940,0.9999999999966047
test_16941,0.9753017345339758
test_16942,0.9999999999831466
test_16943,0.9188179853848706
test_16944,1.0870207806700322e-06
test_16945,6.673954333994374e-13
test_16946,0.9770044138462575
test_16947,3.575755662693575e-14
test_16948,0.009830039151347766
test_16949,0.9999999155552538
test_16950,0.999999624466054
test_16951,0.9999995983044487
test_16952,0.9997755438912739
test_16953,0.9999741632446956
test_16954,5.198344500548736e-06
test_16955,0.6000380138619853
test_16956,7.193474174542018e-07
test_16957,0.003125234630272688
test_16958,0.9999987440680634
test_16959,0.10076484669081666
test_16960,0.9999999999999976
test_16961,0.00242060046354746
test_16962,0.05008253892719372
test_16963,0.9999992776219355
test_16964,6.125468836556257e-07
test_16965,0.9999258920133277
test_16966,6.100884198760281e-06
test_16967,0.2327285295740343
test_16968,1.024644321319285e-07
test_16969,0.9999998257622642
test_16970,0.038776861073493436
test_16971,0.9999930000588144
test_16972,0.29619564859920156
test_16973,0.9985473105495491
test_16974,0.8091464515230697
test_16975,0.03780731916317578
test_16976,5.8155204194338766e-05
test_16977,0.10178951775570479
test_16978,0.999864089184191
test_16979,0.6971611692116355
test_16980,0.9999995837972717
test_16981,0.9984806013838822
test_16982,1.9271858652039388e-10
test_16983,0.9999999998200202
test_16984,3.7656542268311206e-06
test_16985,4.4581798584721393e-10
test_16986,0.0008553419001295507
test_16987,5.221667090823903e-06
test_16988,7.441722283131013e-08
test_16989,8.532615555192231e-08
test_16990,0.001640211493777141
test_16991,0.00394714771553298
test_16992,0.9998945876303889
test_16993,1.0917268740604781e-05
test_16994,0.0022040470887309967
test_16995,0.15974034932279074
test_16996,0.16889765653362313
test_16997,0.9473394032349038
test_16998,3.331472798855048e-05
test_16999,0.9999940160451755
test_17000,0.9596851752651665
test_17001,0.9735742689517515
test_17002,0.966494206138969
test_17003,8.089662080176811e-11
test_17004,0.999898865801651
test_17005,0.7228540039069766
test_17006,0.9999996935558799
test_17007,0.898196782709029
test_17008,0.9534363199907829
test_17009,4.809599548158316e-07
test_17010,2.3307215650004793e-07
test_17011,0.1717319981615223
test_17012,0.9857383347167794
test_17013,0.2818493800632744
test_17014,2.360330716800137e-11
test_17015,0.3479116416667052
test_17016,0.9999999943838463
test_17017,0.7668769980243849
test_17018,0.3640864438999277
test_17019,2.5010390747172587e-15
test_17020,0.9985941424234978
test_17021,0.9999998945300707
test_17022,0.00018801820315698912
test_17023,3.6227010400104156e-05
test_17024,0.9989390760657456
test_17025,7.312608234235746e-08
test_17026,0.00031255053544656895
test_17027,0.9999999704274909
test_17028,0.9997389176273339
test_17029,0.5105246487399406
test_17030,0.999859581069686
test_17031,0.2875596640635452
test_17032,0.9999999999975075
test_17033,0.9615222879301274
test_17034,4.11205961739697e-07
test_17035,0.1206408352220855
test_17036,0.9999991871142551
test_17037,6.109369430497167e-06
test_17038,4.539777526337338e-05
test_17039,2.3203944165522653e-07
test_17040,0.020475424907645375
test_17041,0.2211590430171487
test_17042,1.4459065673641726e-05
test_17043,1.8112280887728016e-05
test_17044,0.052642495083046546
test_17045,0.0004434160794423984
test_17046,0.999999992712343
test_17047,0.7857708631623748
test_17048,0.27578475471095487
test_17049,0.9999836401963065
test_17050,0.13241857584758232
test_17051,0.9527617638152239
test_17052,0.00022967243352561714
test_17053,0.9999996961330284
test_17054,0.999586983815776
test_17055,0.0105830787574376
test_17056,0.9999994564878311
test_17057,0.9998795586312743
test_17058,4.447133440702266e-06
test_17059,3.5143996195390554e-09
test_17060,0.44322496794871813
test_17061,0.0010451008642186359
test_17062,0.9747734112642232
test_17063,0.9769930611988318
test_17064,1.660788959774772e-05
test_17065,0.9166053881662661
test_17066,1.4145322561614029e-08
test_17067,0.998025157067375
test_17068,1.222346679963753e-07
test_17069,0.8881018682454205
test_17070,2.084878392097853e-06
test_17071,0.9999993024507648
test_17072,0.9765758975687717
test_17073,0.09029670608348314
test_17074,0.9999010570214035
test_17075,0.9999945749875119
test_17076,1.7225935513936292e-12
test_17077,0.7509283611809077
test_17078,0.971889917210373
test_17079,0.9999985928360864
test_17080,0.9999999998401846
test_17081,5.748829703589913e-06
test_17082,0.9999999987513624
test_17083,0.9988823868352286
test_17084,3.900925913899149e-09
test_17085,0.00024400768002129939
test_17086,0.9999851894984797
test_17087,0.9334340643911405
test_17088,0.9999999956112093
test_17089,4.0393501968528605e-06
test_17090,0.05104314772921462
test_17091,2.4587662289625873e-06
test_17092,0.010765518942973583
test_17093,0.04907408056001849
test_17094,0.001123253314218348
test_17095,0.9999995413342196
test_17096,9.88163733423258e-07
test_17097,0.9999663453433483
test_17098,0.0019635454646993043
test_17099,0.9995529958709657
test_17100,1.2636949564416993e-09
test_17101,0.06432097303285828
test_17102,0.9999999999998291
test_17103,4.222301505633612e-06
test_17104,0.6381057467467681
test_17105,0.9999999994036234
test_17106,0.9999999999482395
test_17107,5.730967769644555e-07
test_17108,0.0005257058673386117
test_17109,0.9999999999558357
test_17110,0.9876061220720942
test_17111,0.5588777303334329
test_17112,0.9994525942974196
test_17113,0.9993710228566
test_17114,0.9999964567914426
test_17115,0.2244429151085851
test_17116,0.9249019613063878
test_17117,0.003754295619830381
test_17118,0.8875095243434239
test_17119,0.9993893718000921
test_17120,0.5910589863305762
test_17121,0.6799035308680643
test_17122,0.9999995367345862
test_17123,0.00017857563945421968
test_17124,3.0220411947543194e-05
test_17125,0.9920265414126478
test_17126,0.4589065024189314
test_17127,1.5937681494001733e-10
test_17128,7.285875300321814e-10
test_17129,0.9999999999738756
test_17130,0.9990929697943827
test_17131,0.07313619344576873
test_17132,0.6103165801051824
test_17133,0.0001338307394554513
test_17134,5.247691236989701e-13
test_17135,7.725641433264792e-08
test_17136,0.9999999997409901
test_17137,0.1203542956547059
test_17138,0.47686777142785797
test_17139,0.34783552062847806
test_17140,0.00031916819711915785
test_17141,0.9089943448379922
test_17142,0.9998688469597037
test_17143,0.9999999691150161
test_17144,0.011168935806574586
test_17145,5.810441474769726e-08
test_17146,0.9999997266353898
test_17147,0.9999983458493292
test_17148,1.763926252743417e-08
test_17149,0.5898795051245318
test_17150,1.99365090052615e-09
test_17151,0.9999999873889714
test_17152,0.0013519265817586654
test_17153,5.419830672233414e-07
test_17154,1.2934447837108268e-06
test_17155,1.2585450439232846e-11
test_17156,5.949478540862166e-06
test_17157,0.950107954134785
test_17158,0.8843739889108703
test_17159,3.051042718143113e-07
test_17160,0.9994961747533864
test_17161,0.999749512155107
test_17162,4.6183081484258924e-07
test_17163,0.6889671618609934
test_17164,0.9990553068218233
test_17165,0.9999146616409591
test_17166,7.433644977988576e-12
test_17167,0.289658201097058
test_17168,0.9876574042965669
test_17169,0.9999998275512164
test_17170,0.43375736198839066
test_17171,0.00011908343986013026
test_17172,0.5658002462649883
test_17173,0.9998136274799687
test_17174,0.9999368189591631
test_17175,0.014634744696894091
test_17176,0.1015296639443102
test_17177,0.9999011291056441
test_17178,0.9999969544305407
test_17179,0.9907322499891908
test_17180,0.9998551357194894
test_17181,0.9999997342623841
test_17182,0.4240302649391799
test_17183,0.7903873849271523
test_17184,0.25829511836326036
test_17185,0.9984209109029729
test_17186,0.9999999935028252
test_17187,0.9999999887876801
test_17188,3.0506360448845734e-08
test_17189,0.006733744752925348
test_17190,8.772432944381304e-08
test_17191,0.0005231042291235495
test_17192,0.40716323143632926
test_17193,2.4164723624613915e-05
test_17194,0.9965407675106014
test_17195,2.7824866603433333e-06
test_17196,0.13274011418513496
test_17197,0.14578689717099835
test_17198,5.394203338529079e-08
test_17199,1.2153775950907145e-06
test_17200,0.999999999766819
test_17201,0.10088716643058196
test_17202,8.182841887218048e-07
test_17203,0.9999499376138887
test_17204,0.9999999708664508
test_17205,0.020993539276662865
test_17206,0.9999992446849071
test_17207,1.226278703345326e-05
test_17208,0.9999999998819624
test_17209,0.12362765605698035
test_17210,0.5203383303208315
test_17211,0.00118796146274138
test_17212,0.9999999992775565
test_17213,0.28378069234827125
test_17214,0.9999997417432773
test_17215,0.9999999813165603
test_17216,1.3109802609125919e-07
test_17217,0.0007155067033344664
test_17218,1.2983726182921769e-09
test_17219,1.070849146515923e-06
test_17220,1.1495387027209171e-06
test_17221,3.905174591220252e-08
test_17222,0.9999806217253105
test_17223,0.0020365074758813247
test_17224,7.86459764342983e-08
test_17225,0.004245731357940713
test_17226,0.009029193532475433
test_17227,0.5490787654267149
test_17228,0.9999988300588061
test_17229,0.9999999999561774
test_17230,0.9999999997765948
test_17231,0.9990511788968296
test_17232,1.094488485017319e-09
test_17233,0.0032455241526569726
test_17234,0.0562844134475072
test_17235,0.9999981591386242
test_17236,0.00032497824586291175
test_17237,0.9976581229188505
test_17238,0.29671170655329543
test_17239,0.9803125273804425
test_17240,7.1033385039616545e-09
test_17241,1.3795662378187026e-07
test_17242,0.9999996645967437
test_17243,8.344699595373653e-08
test_17244,0.9999794507048545
test_17245,1.9101786050349856e-06
test_17246,0.08684626144501978
test_17247,1.0091636090789264e-05
test_17248,0.04451330006638257
test_17249,0.8963363311731856
test_17250,0.002953689911087103
test_17251,0.9999999999623577
test_17252,0.9998891904981406
test_17253,0.29410896802670367
test_17254,0.05939387382727316
test_17255,0.9999999573813444
test_17256,2.613154259996187e-05
test_17257,1.0621685516087726e-05
test_17258,0.2797578435376127
test_17259,0.9999982913311953
test_17260,0.00021228794372698273
test_17261,0.9990612796400125
test_17262,6.505713497564854e-11
test_17263,0.9999194527092348
test_17264,0.9999982339807136
test_17265,0.9999999998964388
test_17266,1.1349834361121776e-07
test_17267,0.48067502376007293
test_17268,0.41302892164552213
test_17269,0.003637211060214795
test_17270,0.9949442316970312
test_17271,4.9093182034423935e-08
test_17272,0.9506566308239679
test_17273,0.9534083206936008
test_17274,0.3975692199523131
test_17275,0.1352342048578687
test_17276,0.9987409563864169
test_17277,0.9737069075642473
test_17278,0.00037484965365838243
test_17279,0.02014557434979744
test_17280,0.5702308284763097
test_17281,1.7183874691170382e-06
test_17282,0.9994150094967562
test_17283,2.613442445094201e-05
test_17284,0.997395315661681
test_17285,0.9999997987807656
test_17286,0.9999999986612822
test_17287,3.041091389956436e-10
test_17288,0.9999999993629041
test_17289,0.04244599321940205
test_17290,0.0005728847111218601
test_17291,0.9708315662817326
test_17292,0.9999999998569195
test_17293,2.550841766653994e-05
test_17294,0.532672658197209
test_17295,0.3493291660422192
test_17296,0.9668369216843149
test_17297,0.9994830309700631
test_17298,0.0950060717049674
test_17299,0.9999917959132738
test_17300,0.14342379829302423
test_17301,0.9959355453368226
test_17302,5.274129008429223e-05
test_17303,1.5804707026789525e-10
test_17304,0.08070098902525175
test_17305,0.7829282655192018
test_17306,0.9360165103762904
test_17307,0.9710191788502165
test_17308,0.08689180616933256
test_17309,1.6690403526020563e-10
test_17310,0.979358523824747
test_17311,8.708362167282941e-06
test_17312,0.9988199780159359
test_17313,0.9634382671180153
test_17314,0.9997316614343776
test_17315,0.6173250089217341
test_17316,4.3328874301605807e-10
test_17317,0.9999999732505604
test_17318,0.4874847412594108
test_17319,0.9999971906311886
test_17320,0.9999999999924141
test_17321,0.9999965262685466
test_17322,0.0004811288229828032
test_17323,0.8467246859899779
test_17324,9.13443859723504e-11
test_17325,0.24024756214550705
test_17326,0.9374770520967747
test_17327,1.3582949990615693e-05
test_17328,0.8711577155885881
test_17329,6.459600599155757e-11
test_17330,4.557847589996904e-05
test_17331,0.9571703211277806
test_17332,0.9979424586555992
test_17333,0.9110780142893782
test_17334,0.0004510856742776045
test_17335,0.9999832028466709
test_17336,0.003062518147048765
test_17337,0.004755158664526735
test_17338,0.9999981876056279
test_17339,0.0007258694367087022
test_17340,0.00327520789763743
test_17341,2.11249689550002e-15
test_17342,0.005670667611619571
test_17343,9.191390327225542e-06
test_17344,0.999847955911788
test_17345,0.9947334473961005
test_17346,0.9524490983129693
test_17347,0.0017205926946838657
test_17348,0.9999708768293223
test_17349,6.4248836035123244e-09
test_17350,0.0017793179558869532
test_17351,0.9854437845612896
test_17352,0.9999999999960647
test_17353,0.9999999999995762
test_17354,0.9993017075503895
test_17355,3.546512006047165e-06
test_17356,0.046603726356506656
test_17357,0.9999893027101284
test_17358,0.03290848684138548
test_17359,0.9999999999999316
test_17360,0.999996615080774
test_17361,0.9999996861057063
test_17362,5.563367464411367e-05
test_17363,0.16024429224418998
test_17364,0.005269983361742285
test_17365,0.001090474495781762
test_17366,0.0015952084509797669
test_17367,0.9566375817383556
test_17368,0.00029751653416821633
test_17369,0.9152373529040418
test_17370,0.9999998671621085
test_17371,0.9999994346642167
test_17372,0.3990755171922735
test_17373,8.557334904191823e-05
test_17374,0.9999999994499346
test_17375,0.0114630785202961
test_17376,0.9985349041423518
test_17377,1.007530294943457e-06
test_17378,0.02300285814591509
test_17379,0.999999992061989
test_17380,0.9999999522797601
test_17381,2.0159179810015113e-09
test_17382,0.7609668566994976
test_17383,0.9913507639481425
test_17384,2.429801799981413e-09
test_17385,8.867587035424674e-07
test_17386,1.2670087152973249e-11
test_17387,0.9349552198879876
test_17388,2.6783151322536863e-13
test_17389,4.083134727130216e-09
test_17390,2.275241426863407e-12
test_17391,0.18920540259145474
test_17392,3.117459582549759e-11
test_17393,0.5288934759247181
test_17394,1.354788464089001e-06
test_17395,8.645773465668066e-06
test_17396,0.9984079812362969
test_17397,0.0016154846036188493
test_17398,0.9997648655844052
test_17399,0.6027694385763624
test_17400,5.066373431277033e-09
test_17401,0.999999982844602
test_17402,0.9999580637631509
test_17403,0.9486335487226616
test_17404,0.9997301560083687
test_17405,0.9976807671178205
test_17406,1.0785832146069326e-06
test_17407,0.9992252699481217
test_17408,6.232517982266492e-05
test_17409,0.9982216233230379
test_17410,0.9999999999996296
test_17411,0.9999999748256285
test_17412,0.1310301141651694
test_17413,0.9976541821738207
test_17414,0.015061415869662045
test_17415,0.005964096991226572
test_17416,0.9965900764895903
test_17417,0.9999998566563768
test_17418,0.014320604470912872
test_17419,1.2063433299228486e-07
test_17420,0.9999999989592654
test_17421,0.9946010638787428
test_17422,0.9999997489650476
test_17423,0.9464635779668527
test_17424,0.9999305854903205
test_17425,0.8481320442559769
test_17426,0.999917982334624
test_17427,0.9981952364678852
test_17428,0.0017500769782790222
test_17429,0.3737746410696981
test_17430,0.9970406670526581
test_17431,0.00023295156817124824
test_17432,0.014889424287367666
test_17433,0.23153260159670425
test_17434,0.7245253350900857
test_17435,0.8213359238910809
test_17436,9.196695276884131e-10
test_17437,0.9999920261855102
test_17438,0.9999894453295237
test_17439,5.623120134529643e-05
test_17440,7.997580653256818e-10
test_17441,0.9999978966487056
test_17442,8.617543413450545e-12
test_17443,0.9999999919198398
test_17444,8.308767729402215e-05
test_17445,2.1961701832372586e-08
test_17446,0.9857114947110402
test_17447,0.00025117065589990573
test_17448,0.5802252516411465
test_17449,0.9999612914202547
test_17450,0.99986247535602
test_17451,0.00020933154964173002
test_17452,0.006528578761271949
test_17453,0.9999999987788369
test_17454,0.9999999967154665
test_17455,3.3670125030081436e-05
test_17456,0.03531449900792048
test_17457,0.9997383428382729
test_17458,2.13313247048773e-08
test_17459,0.7577908312593911
test_17460,0.47821906926022406
test_17461,0.9950661207397848
test_17462,0.14431542338088743
test_17463,0.0006680493399855738
test_17464,5.389607302733023e-08
test_17465,1.0799630997423446e-09
test_17466,0.3577747967728395
test_17467,1.0
test_17468,1.0
test_17469,0.0027205966667054695
test_17470,0.7268753942248192
test_17471,0.999999436497716
test_17472,0.9968848480491284
test_17473,0.9999999994740247
test_17474,0.9999999998920157
test_17475,0.0029610273370548777
test_17476,0.9999136622773802
test_17477,0.01360106432756994
test_17478,0.0005788828924211045
test_17479,0.0001245181887204168
test_17480,0.9998029845673808
test_17481,0.27385790171579866
test_17482,0.883400297605496
test_17483,1.6445816380565063e-07
test_17484,9.413485338537932e-06
test_17485,0.9482696484838574
test_17486,0.0003545794380228839
test_17487,0.4824397495773427
test_17488,0.010580656736801686
test_17489,0.9999875036549752
test_17490,7.097247364625335e-06
test_17491,0.9999264223499174
test_17492,1.0613738614227693e-09
test_17493,0.9998483968248344
test_17494,0.07192076996465056
test_17495,0.15451547950372738
test_17496,0.13202057134798695
test_17497,0.00023850500129368973
test_17498,0.0015888764691520975
test_17499,0.9999380192147993
test_17500,8.094434887781501e-05
test_17501,0.6110103889540589
test_17502,3.4577932654839736e-06
test_17503,0.9998162271658234
test_17504,0.013098929350352758
test_17505,0.0008272547397842009
test_17506,8.116049628290724e-07
test_17507,0.9999589524963692
test_17508,0.9999999969043911
test_17509,0.9999998338778711
test_17510,4.6244242523224294e-11
test_17511,0.9998487891478641
test_17512,0.5908123044210387
test_17513,0.8291996793070335
test_17514,0.9999982394239981
test_17515,0.9999982406363865
test_17516,3.475320443063581e-07
test_17517,0.38620884235547226
test_17518,0.049043232461992645
test_17519,6.764207543269372e-08
test_17520,0.09261071065988498
test_17521,0.9999999999908428
test_17522,0.8112660387050814
test_17523,8.959355532180617e-06
test_17524,0.9898674993966157
test_17525,0.9999955528080213
test_17526,0.9999999014511712
test_17527,0.038528669206306966
test_17528,0.9999999954680701
test_17529,0.00101104422302204
test_17530,0.9999999999863026
test_17531,0.0006445990256077004
test_17532,4.125471360254574e-08
test_17533,0.9999997139888723
test_17534,0.4088139066604157
test_17535,0.9959376368460122
test_17536,0.9672423413543789
test_17537,0.5988209206918553
test_17538,0.9927518476431524
test_17539,6.67913457617081e-10
test_17540,0.012506079087253546
test_17541,0.9999540236089633
test_17542,0.9999999811068188
test_17543,0.9956921319350955
test_17544,0.0021111303323630677
test_17545,0.9999999460883461
test_17546,0.9999994274547312
test_17547,0.0017670564514717468
test_17548,0.9973495014660714
test_17549,0.0019548087620320734
test_17550,0.7709037460178421
test_17551,0.0002398295899863999
test_17552,0.9999999999999962
test_17553,8.638673806552175e-07
test_17554,0.9999998356787243
test_17555,5.550832613326532e-07
test_17556,0.0006187998845697604
test_17557,0.999819396033077
test_17558,0.9999997551150464
test_17559,0.9999999998334842
test_17560,0.11236690889733326
test_17561,0.14391461939110406
test_17562,5.887791283329173e-07
test_17563,1.4573014861278184e-10
test_17564,2.0115231813977715e-05
test_17565,9.720272007318157e-09
test_17566,0.00015655770687943827
test_17567,0.9661662150289856
test_17568,0.742521868483369
test_17569,0.03273166384510526
test_17570,0.5790729396147128
test_17571,0.00036159516020895204
test_17572,0.9999999936042707
test_17573,0.7585734253582694
test_17574,1.8967895235924294e-14
test_17575,0.0038717370359652057
test_17576,0.999572352469863
test_17577,0.9999997294322414
test_17578,2.7452914515482997e-08
test_17579,0.029661425467551277
test_17580,0.7129467461879044
test_17581,0.040982184575377355
test_17582,0.9868743506998021
test_17583,0.8225113265674522
test_17584,0.7811538459179952
test_17585,0.9966219919692401
test_17586,1.8513603089964965e-05
test_17587,0.0014400602582068996
test_17588,1.3662318767020465e-06
test_17589,0.9999996857298492
test_17590,0.0001632655188624851
test_17591,0.9999451725130317
test_17592,0.42044629211109613
test_17593,0.9999999999967046
test_17594,1.6931604413448486e-06
test_17595,0.9999425523330083
test_17596,0.9996761108778514
test_17597,0.972410698056557
test_17598,0.6186614439002305
test_17599,0.9999998361334264
test_17600,0.3097073293031659
test_17601,0.04987556484656658
test_17602,0.6856850098083076
test_17603,0.07919034360476773
test_17604,0.00022540268772357417
test_17605,7.898747811791586e-11
test_17606,9.619535418287634e-05
test_17607,0.00011484696987372779
test_17608,1.0552863960782528e-06
test_17609,0.9999999258964432
test_17610,0.23757318352536627
test_17611,0.9955271191179025
test_17612,0.6952217580524509
test_17613,0.009318293861623514
test_17614,0.9999999992019342
test_17615,1.616941021075024e-06
test_17616,0.9998464017681185
test_17617,5.554186639213373e-09
test_17618,7.3109206315205e-05
test_17619,0.998693302336157
test_17620,0.996312446561014
test_17621,2.2536487021210354e-09
test_17622,0.0008793288432555485
test_17623,0.619000032708086
test_17624,0.9998193107646574
test_17625,0.9999999984888563
test_17626,1.834130326255634e-06
test_17627,1.7986439524541098e-08
test_17628,0.9999999999688876
test_17629,0.9932453392956406
test_17630,0.973970315641735
test_17631,0.8930362571725419
test_17632,0.1527373673812234
test_17633,0.9999999999756473
test_17634,8.683729207789235e-10
test_17635,0.7544913338578572
test_17636,0.0012768279058212749
test_17637,0.34496577434695325
test_17638,0.7564985317908445
test_17639,0.994664323220509
test_17640,0.9854231837458348
test_17641,0.002236222584427507
test_17642,0.9806450572682015
test_17643,7.548466365837819e-10
test_17644,0.8256557353991903
test_17645,0.9999999999421022
test_17646,0.7656593730837837
test_17647,9.35913729654037e-12
test_17648,0.6532892470587095
test_17649,0.00016973464970707059
test_17650,0.001576130485928697
test_17651,0.45892022944261585
test_17652,0.002780768452962826
test_17653,0.17560174839523277
test_17654,2.0859133334965122e-11
test_17655,2.8883202124385427e-05
test_17656,0.9999999226629015
test_17657,0.9761148305018938
test_17658,0.00010447892264761121
test_17659,6.387053949033734e-06
test_17660,0.9999939442763296
test_17661,0.9927469926569511
test_17662,0.06416842850789616
test_17663,0.9999999970988461
test_17664,1.0052423490312546e-06
test_17665,8.034153586359672e-05
test_17666,0.01697649855594099
test_17667,0.9999961111332928
test_17668,0.010804087249700398
test_17669,0.5639911988801307
test_17670,3.292493480541217e-13
test_17671,4.955292984896199e-06
test_17672,0.9999999994091935
test_17673,0.09279657522316512
test_17674,0.00014860728548582322
test_17675,0.9999999856412424
test_17676,0.9999310490847322
test_17677,0.9999916757081693
test_17678,1.806208996552999e-05
test_17679,0.9835889580669663
test_17680,0.00043117969932706285
test_17681,0.21351309318907688
test_17682,0.9665818253523
test_17683,0.989055090571248
test_17684,0.9999999802472261
test_17685,0.9998691769984394
test_17686,3.0948241730076545e-10
test_17687,8.483134351278566e-06
test_17688,1.0870039761527485e-12
test_17689,0.9999997849775633
test_17690,0.20206189963308072
test_17691,0.4881394309913461
test_17692,0.9999993847270938
test_17693,0.539843238034063
test_17694,0.9773226183872725
test_17695,0.9999998899448942
test_17696,0.9999999999959347
test_17697,0.9991098411490231
test_17698,1.4916880862026908e-08
test_17699,0.00022392327712438434
test_17700,0.018386615146612544
test_17701,0.9988597480728854
test_17702,0.03932616020778666
test_17703,0.00018484798418898563
test_17704,0.0006640188465022921
test_17705,1.3862816831394778e-07
test_17706,0.3341869845314052
test_17707,0.0006788034636027803
test_17708,0.9993027363017902
test_17709,0.6131388925888565
test_17710,0.8756696614330783
test_17711,0.029391266963422258
test_17712,0.36235124897181903
test_17713,7.393645428801766e-06
test_17714,0.00021317366377067914
test_17715,0.6233725073038947
test_17716,0.0036843756282153466
test_17717,0.9999999984416439
test_17718,0.1596685761482339
test_17719,1.2033887997136843e-10
test_17720,0.008197578168785542
test_17721,0.8746751952827283
test_17722,5.93129176891639e-10
test_17723,0.8409783099591353
test_17724,0.9999627848362063
test_17725,3.369805383784218e-08
test_17726,0.9967158083784082
test_17727,0.8621745864154895
test_17728,0.6249286122142999
test_17729,0.991555722907314
test_17730,0.9999999940618329
test_17731,3.7532432970670424e-05
test_17732,0.9999890707566721
test_17733,0.9999999999968812
test_17734,7.894579946389747e-06
test_17735,0.8284116290831138
test_17736,0.9999999921086725
test_17737,0.0023682517176721644
test_17738,0.6400171416102014
test_17739,0.9968498190365327
test_17740,1.440526212871985e-07
test_17741,0.9999999999357245
test_17742,1.849038951539298e-07
test_17743,0.9983896482346162
test_17744,0.9999999537313451
test_17745,1.7714818406212272e-06
test_17746,9.60756223568851e-06
test_17747,0.00045168815769954505
test_17748,0.9973522450692174
test_17749,0.9999999997667673
test_17750,0.0006064650114562425
test_17751,0.7664617963146646
test_17752,1.4270447559788343e-08
test_17753,0.6763684843076424
test_17754,1.4763204639003873e-05
test_17755,0.9999999997320179
test_17756,4.1369136584232145e-07
test_17757,0.5967584032712063
test_17758,2.4318725853259373e-14
test_17759,0.9999999962076063
test_17760,0.5638850815426668
test_17761,0.5980951544157364
test_17762,0.04395557087107434
test_17763,1.9472812653648956e-05
test_17764,0.21052594387535653
test_17765,0.999873946147612
test_17766,0.010029492401865998
test_17767,0.29144776372509607
test_17768,0.9999977736686322
test_17769,2.207857554086205e-07
test_17770,0.988643051495639
test_17771,0.7567641211321745
test_17772,0.8898050115484779
test_17773,0.003004560572112034
test_17774,2.8059705212850377e-09
test_17775,0.05583336996187535
test_17776,0.9999969077232522
test_17777,1.3354586300597964e-05
test_17778,0.00842522132674914
test_17779,9.704041319952262e-06
test_17780,0.9999999987575761
test_17781,2.2350341039059322e-05
test_17782,0.9999999124778505
test_17783,1.9761610646280417e-11
test_17784,0.9999989981072588
test_17785,0.9999999995017019
test_17786,0.34128612588496066
test_17787,0.9609999781221041
test_17788,0.9999941971937459
test_17789,1.1118529870451081e-07
test_17790,1.4092096819329597e-07
test_17791,0.9999000230763266
test_17792,3.7585276515617566e-05
test_17793,4.3577362821119536e-05
test_17794,0.013239041742942433
test_17795,0.0019258368564275584
test_17796,3.7970953114788215e-05
test_17797,0.9999999996957678
test_17798,0.0003587308442914049
test_17799,1.6714146654354414e-05
test_17800,0.39165826784655655
test_17801,8.144505047250313e-05
test_17802,0.44942393728335395
test_17803,0.006107958077206704
test_17804,0.9998618407149853
test_17805,0.5047991399841667
test_17806,0.9984096234108641
test_17807,0.002575720385477263
test_17808,0.07502615777830841
test_17809,6.528366608799532e-08
test_17810,0.13709722971086932
test_17811,0.3397036781077803
test_17812,0.0006253628280324616
test_17813,0.9302826524223153
test_17814,0.7478578824481217
test_17815,0.9636812185920678
test_17816,0.9998927628491837
test_17817,0.9998883878353908
test_17818,0.01861225165534415
test_17819,0.9999907585260834
test_17820,1.5448925084137254e-06
test_17821,0.9999623034086653
test_17822,1.4315659720072656e-11
test_17823,2.703954853263712e-08
test_17824,0.8351068099190802
test_17825,0.002659483579653654
test_17826,0.9961774793765006
test_17827,0.4613927698168865
test_17828,0.999987720077936
test_17829,0.8289623605639493
test_17830,0.9998848863765417
test_17831,0.00016497460497918572
test_17832,0.006200641514344793
test_17833,0.7886907919022592
test_17834,0.02882418949752545
test_17835,0.9999988152754045
test_17836,0.999999677408181
test_17837,0.9999999716413082
test_17838,0.9999963606031355
test_17839,0.9998329523573013
test_17840,0.988944436756124
test_17841,0.9999999999016214
test_17842,0.9903555085363165
test_17843,1.6696412381385208e-07
test_17844,0.0032458199661663713
test_17845,0.7654217466265709
test_17846,7.088320215276316e-07
test_17847,0.9202317588123881
test_17848,0.999887306456547
test_17849,2.327241962524577e-06
test_17850,0.030630795233127266
test_17851,0.16501511258077795
test_17852,0.9951674380487818
test_17853,0.9818477118857658
test_17854,9.168851244942071e-07
test_17855,1.0649275673284654e-07
test_17856,0.9999999872437941
test_17857,1.6545402437515081e-07
test_17858,0.9999879723065817
test_17859,0.9999997420844609
test_17860,2.1769475300705265e-05
test_17861,0.9979291543672582
test_17862,0.9999999999954108
test_17863,0.0003032874047299639
test_17864,0.00027240036693014947
test_17865,0.9997057031096217
test_17866,4.207538645045271e-08
test_17867,0.5248976651521269
test_17868,0.40280467396164404
test_17869,0.0016664404910734219
test_17870,0.9999999535288854
test_17871,0.7483140878317325
test_17872,0.03685295837839011
test_17873,0.9999999984844008
test_17874,1.1696415448042583e-09
test_17875,0.9992096173060527
test_17876,2.0509029008381447e-06
test_17877,0.0037785307088584186
test_17878,0.6029415786257827
test_17879,0.999994491068566
test_17880,0.0005226898251795468
test_17881,0.8573918110954358
test_17882,0.24060843879645818
test_17883,0.772992756755027
test_17884,0.6172024664974918
test_17885,0.9999712510035268
test_17886,1.8017143989096342e-10
test_17887,0.9999999999999877
test_17888,0.008499616750314071
test_17889,0.9999999283270089
test_17890,0.9999999675990674
test_17891,0.9821701753993424
test_17892,0.9999986013654996
test_17893,0.9998314753633852
test_17894,0.9999608261193536
test_17895,0.1097623445117042
test_17896,0.9999999999999784
test_17897,0.005232133744790755
test_17898,0.9404680259622136
test_17899,0.0003109630502322642
test_17900,0.9999960663578935
test_17901,3.521412158650545e-07
test_17902,0.5706512368251757
test_17903,0.9999999989496459
test_17904,0.9999992644650657
test_17905,0.49663811110042827
test_17906,0.9999999999999761
test_17907,0.9698384332059569
test_17908,0.2752228073930185
test_17909,0.9999824519773162
test_17910,1.14056999817568e-12
test_17911,1.2730346967959287e-06
test_17912,0.9999875578005282
test_17913,0.2064122922509244
test_17914,0.08544464613404298
test_17915,0.9992029632260027
test_17916,1.6454245123443857e-05
test_17917,0.0018524211913952618
test_17918,2.1543667488962885e-08
test_17919,1.2941040611817947e-06
test_17920,0.00021051630966103995
test_17921,0.999927304392612
test_17922,0.9896592054434118
test_17923,0.9999873806783979
test_17924,0.00112135711922201
test_17925,0.05903794418739848
test_17926,4.017511211935479e-08
test_17927,0.3570122369826221
test_17928,0.9999999964792815
test_17929,0.8399247147433634
test_17930,0.9999999566181521
test_17931,0.9995298820266114
test_17932,0.03085140447199873
test_17933,0.9999999117559006
test_17934,0.006161767026612101
test_17935,0.5043180612754417
test_17936,0.9998316796325832
test_17937,4.972570383078903e-09
test_17938,1.382424331356838e-07
test_17939,0.9996220459692675
test_17940,0.9999999998307032
test_17941,0.4114650517761378
test_17942,0.9999999999999469
test_17943,0.9998703940176676
test_17944,0.9999999999999987
test_17945,1.2956029079779408e-05
test_17946,0.11381350413401789
test_17947,0.19288488501378256
test_17948,0.014910639807588721
test_17949,0.7036864839354156
test_17950,0.9999983511147734
test_17951,0.002535524396065061
test_17952,0.04883116811848571
test_17953,0.9999941624867238
test_17954,0.45376126485857254
test_17955,1.5812547807829945e-05
test_17956,0.9999999776945703
test_17957,1.7459838044256912e-08
test_17958,3.2867685420905395e-07
test_17959,1.3714886912877088e-07
test_17960,8.274734172080407e-08
test_17961,6.927273487099554e-06
test_17962,3.233016304577207e-05
test_17963,0.9976116622238558
test_17964,0.23271808396739518
test_17965,0.9999999999597777
test_17966,0.9975524356075087
test_17967,3.7030477753615773e-09
test_17968,0.17378313347572846
test_17969,7.348486192218995e-09
test_17970,5.071829953814152e-08
test_17971,0.99794449335264
test_17972,0.007639666995232692
test_17973,0.9980978480964331
test_17974,0.6349041102980915
test_17975,2.442208296961983e-07
test_17976,0.9999999599030226
test_17977,6.16528592398916e-06
test_17978,0.9999949018969102
test_17979,0.7885236171621188
test_17980,0.06400970332471503
test_17981,0.8355582185223647
test_17982,0.9993787395673778
test_17983,0.8655944983452315
test_17984,0.02594073313874469
test_17985,0.5180510367618901
test_17986,0.0007259880830200391
test_17987,0.9999999756925062
test_17988,0.9999998425172372
test_17989,0.9999456723022639
test_17990,0.18017243103008312
test_17991,0.9999999473127397
test_17992,0.9856010892289083
test_17993,0.00012508088409371457
test_17994,0.052131568062613286
test_17995,0.3631482618885146
test_17996,0.999999983098422
test_17997,3.08174462416957e-05
test_17998,0.0774053863142577
test_17999,0.9998821191795375
test_18000,0.620404308063407
test_18001,0.034031894992893164
test_18002,0.9999999712763694
test_18003,0.9999999988842491
test_18004,0.2712449696100821
test_18005,0.913643019395744
test_18006,0.018513808970527464
test_18007,0.8754974862866647
test_18008,0.9988103519105026
test_18009,0.9995648036450915
test_18010,2.2936618941234794e-07
test_18011,0.9999998360540882
test_18012,5.855322503899476e-09
test_18013,0.9743711647798835
test_18014,1.9670422481517247e-06
test_18015,1.0288311336243458e-06
test_18016,0.0008003930606610425
test_18017,9.795816090814188e-06
test_18018,6.434958320810022e-05
test_18019,2.9735177100564036e-09
test_18020,0.8749958925102175
test_18021,0.35383937928110826
test_18022,0.9999999121247618
test_18023,0.9984523648355301
test_18024,1.2804322305769629e-12
test_18025,0.000420816306614081
test_18026,0.9308032465514187
test_18027,0.005217352370894011
test_18028,0.9999999977666549
test_18029,0.4888406189600109
test_18030,0.9996609926642791
test_18031,0.8913862301199984
test_18032,0.00366368364295676
test_18033,0.9999999806163149
test_18034,0.9999994773536022
test_18035,0.00014809132268499346
test_18036,0.9801874387515568
test_18037,3.931292068994782e-06
test_18038,0.45006760568852067
test_18039,0.9598690555537985
test_18040,0.9999991095624075
test_18041,0.9999999999780613
test_18042,0.9999264368391025
test_18043,0.00018676541331585653
test_18044,0.9999999999991761
test_18045,0.016959005074562484
test_18046,0.9999999967881635
test_18047,0.07248428181563149
test_18048,3.122494339694718e-05
test_18049,0.9999996928930948
test_18050,0.9998388826009241
test_18051,5.552406995933316e-10
test_18052,0.36668697384365323
test_18053,0.3165984591459985
test_18054,8.765351242235467e-06
test_18055,0.9915506024211052
test_18056,0.0008052203337500633
test_18057,0.11764490342676444
test_18058,0.6855666338612126
test_18059,0.0580560597883419
test_18060,0.9761996967909377
test_18061,0.9855240806065169
test_18062,0.9999999999561526
test_18063,0.28236099203197096
test_18064,0.9654046936028533
test_18065,0.842035911495018
test_18066,0.0001059608636623688
test_18067,0.9996274774951253
test_18068,0.999957855683775
test_18069,0.6398064123210228
test_18070,0.9999649960732064
test_18071,1.0592772896352749e-10
test_18072,0.9040157465682324
test_18073,0.31821446392582764
test_18074,0.021331462314804275
test_18075,0.9999999999970595
test_18076,0.9998705827418839
test_18077,1.4359268693352695e-08
test_18078,0.9959531135858417
test_18079,0.9999909592597793
test_18080,0.9999999984748018
test_18081,0.999654862101086
test_18082,0.9999997393190584
test_18083,0.9698180594261612
test_18084,0.999992317004064
test_18085,0.06288340705255883
test_18086,0.9999734597300491
test_18087,1.6117649325476422e-05
test_18088,0.9999989032288747
test_18089,0.00012030830335415259
test_18090,4.785929251309359e-10
test_18091,0.9999889673197793
test_18092,0.999999523134862
test_18093,0.9999093631658302
test_18094,0.3208269525403208
test_18095,0.9850200705707928
test_18096,0.792339813060873
test_18097,0.9970622714440345
test_18098,0.9999999992659395
test_18099,0.9999999999973301
test_18100,0.19374836927937883
test_18101,3.074352806604415e-08
test_18102,0.9999785636023251
test_18103,3.0043491828655687e-05
test_18104,0.6259713024454561
test_18105,0.997521129438333
test_18106,0.1996487206698474
test_18107,0.9976365600495061
test_18108,0.06177014549298091
test_18109,1.8110767625079354e-05
test_18110,0.9157786827228325
test_18111,0.5843162323473245
test_18112,0.4613564884585739
test_18113,0.6299065259569072
test_18114,0.9794488519752105
test_18115,0.9999181616621606
test_18116,0.9999945374819439
test_18117,2.788635446332777e-08
test_18118,0.09746659711412109
test_18119,0.0006362579032314299
test_18120,2.5393909384404974e-10
test_18121,0.2819468147658032
test_18122,0.0036309442921632178
test_18123,0.9991012232756098
test_18124,3.5132382710311783e-09
test_18125,0.9999833207558928
test_18126,0.9999523049377653
test_18127,5.352865264777119e-10
test_18128,4.6853482537412377e-07
test_18129,4.2717462865510186e-10
test_18130,1.4272473004023235e-07
test_18131,0.862042105215352
test_18132,1.1933499849643634e-05
test_18133,2.858336201500993e-05
test_18134,1.8503200355195423e-06
test_18135,0.9720839201718088
test_18136,0.040194872654631036
test_18137,1.2466849958192174e-06
test_18138,0.9999850852820911
test_18139,3.978103384937209e-10
test_18140,1.0517875846528339e-11
test_18141,0.42596012257813426
test_18142,1.0289525537410455e-05
test_18143,0.9938203435811369
test_18144,0.0056826144503650386
test_18145,0.9874420128695521
test_18146,0.9995397540848114
test_18147,0.0005787285779102473
test_18148,0.24648153183393814
test_18149,0.9992360912864329
test_18150,0.998516949068063
test_18151,0.9726681210105841
test_18152,0.9999997177158382
test_18153,0.0007620495872861735
test_18154,0.9689052320183404
test_18155,0.9999999037637436
test_18156,0.002394823829351125
test_18157,0.0012299604306022544
test_18158,0.977969594407297
test_18159,0.032090641700989145
test_18160,0.9988868120269119
test_18161,0.9689175721771444
test_18162,0.49494918901334184
test_18163,1.0903224560728682e-10
test_18164,0.9990031828085622
test_18165,0.1028446210826635
test_18166,0.002776769179783093
test_18167,0.9999958402859217
test_18168,0.9999998817186049
test_18169,0.538793300779017
test_18170,0.9999991218534956
test_18171,0.5645136651698242
test_18172,0.9997694388137068
test_18173,0.99999999153802
test_18174,0.9999682947907771
test_18175,0.0017721241608258918
test_18176,0.9999949929261203
test_18177,0.9999999999998245
test_18178,0.9870504171622569
test_18179,0.9992515696019977
test_18180,0.000108215555225631
test_18181,0.6101786700684095
test_18182,0.9999999281493841
test_18183,0.923859598369325
test_18184,0.9926412741429111
test_18185,0.9988566383299426
test_18186,2.5915091571191824e-10
test_18187,0.00026972060714420783
test_18188,0.5409045054900191
test_18189,0.00010771638535873475
test_18190,0.99787500237953
test_18191,0.9995217436708164
test_18192,0.9999999883633103
test_18193,0.9551227436267663
test_18194,0.14915094494661374
test_18195,0.9957409585024701
test_18196,0.8205382290697081
test_18197,0.8783720901243333
test_18198,0.13314967541771308
test_18199,0.9999998944271189
test_18200,0.00011473248528522799
test_18201,0.9999953797380372
test_18202,0.9988628786336446
test_18203,0.9999951284290824
test_18204,0.9997255341510156
test_18205,0.6416233849514258
test_18206,0.011237826739946107
test_18207,0.9999999980374432
test_18208,0.18591013030814046
test_18209,0.9999999999999087
test_18210,0.9482262870953042
test_18211,0.021479245357079194
test_18212,5.422815399937356e-07
test_18213,0.17757201036389078
test_18214,7.0131642875794304e-06
test_18215,0.7531805916917431
test_18216,0.14604279742577006
test_18217,0.003767802059360988
test_18218,0.9999999999779514
test_18219,7.85844353361771e-09
test_18220,0.9867231967636867
test_18221,0.0753002636492957
test_18222,5.435977825853016e-08
test_18223,1.7552110950535163e-09
test_18224,0.9999999999695328
test_18225,0.999999898632199
test_18226,0.9989257207778447
test_18227,0.8528785413064586
test_18228,0.9999430438962404
test_18229,0.10004819682322347
test_18230,0.9999999984366695
test_18231,0.45049704301919874
test_18232,0.8066134835684027
test_18233,0.9999999999941283
test_18234,0.004359575206519727
test_18235,0.9955246767243836
test_18236,0.0015092912474169052
test_18237,0.0012431499151832677
test_18238,0.6707819130165651
test_18239,0.9963791706103493
test_18240,0.6981540478976576
test_18241,0.4545848952880311
test_18242,8.964228076778719e-09
test_18243,4.98927242644076e-06
test_18244,0.9974799720507754
test_18245,0.9999977845656699
test_18246,0.9999992214568466
test_18247,0.6992670946068874
test_18248,0.9999926705750506
test_18249,0.11268418390234995
test_18250,1.9415103733150616e-09
test_18251,4.8095483904720696e-05
test_18252,0.9707619298937263
test_18253,0.9997335003671668
test_18254,2.075958298855532e-07
test_18255,0.0004956877538977245
test_18256,0.003751287060236495
test_18257,1.4125046836997975e-08
test_18258,0.6236855104043414
test_18259,0.001441050428493285
test_18260,0.999209727088596
test_18261,0.5468990998287684
test_18262,0.0007185293497436191
test_18263,0.9990531077448317
test_18264,7.0158129524622625e-06
test_18265,0.001024591636856319
test_18266,8.232519603144902e-09
test_18267,0.9999999999981433
test_18268,0.998457983907913
test_18269,3.729592924123987e-09
test_18270,0.9999999016670821
test_18271,1.3399026512069468e-09
test_18272,0.00012583756379517023
test_18273,0.2035316547385909
test_18274,1.583632811040887e-07
test_18275,5.8633817365018224e-05
test_18276,4.8296252975664964e-08
test_18277,0.00013527232382140405
test_18278,8.99488138713046e-12
test_18279,0.9561406892816606
test_18280,0.9999995287232333
test_18281,6.68223847567325e-05
test_18282,0.7809700354797268
test_18283,0.12986821357287087
test_18284,0.8639875391534669
test_18285,0.9999999985216954
test_18286,0.4568575929487309
test_18287,0.005812216064676138
test_18288,6.158409851823391e-08
test_18289,0.9974652540744389
test_18290,0.9939453822294324
test_18291,6.2314158020235565e-06
test_18292,0.07312964346205203
test_18293,0.9900191241023901
test_18294,0.7756200422764538
test_18295,0.9999999972479054
test_18296,0.00011483169254955862
test_18297,0.0020668731588507367
test_18298,0.9425509025249129
test_18299,2.2787978926145934e-09
test_18300,0.17746817025570394
test_18301,0.011498631148203703
test_18302,0.01002397645356247
test_18303,0.010196989575503622
test_18304,1.397817704174465e-05
test_18305,0.999991393371485
test_18306,1.5743788532843853e-06
test_18307,2.7485581622012845e-08
test_18308,4.8099382332741e-06
test_18309,0.9913950789353162
test_18310,0.9999999507894841
test_18311,2.327834525571072e-08
test_18312,0.0011770737273659887
test_18313,0.9999999999798757
test_18314,0.6012470296238763
test_18315,0.00024114518753447906
test_18316,0.8306498903302695
test_18317,2.3060124862191878e-05
test_18318,0.9727474174783017
test_18319,0.02039845521068221
test_18320,0.9271486365782975
test_18321,3.2704252432723344e-07
test_18322,0.9999280689688322
test_18323,0.5995852701455613
test_18324,0.6368128217062909
test_18325,0.5904846514866604
test_18326,0.9999989819664844
test_18327,0.22214332403593373
test_18328,0.23645067553430243
test_18329,0.9999991772476624
test_18330,4.3839125806688484e-05
test_18331,0.9999999999986552
test_18332,0.43220116059603747
test_18333,5.8470030889000634e-05
test_18334,0.9999984842375339
test_18335,0.043211763423192766
test_18336,0.00016086912434508176
test_18337,0.9999995214218997
test_18338,0.5772704447418533
test_18339,0.006030398303007093
test_18340,0.9999998155567431
test_18341,1.4666266611183416e-06
test_18342,1.4962442875191655e-08
test_18343,0.9999887414155108
test_18344,0.9999999446503159
test_18345,4.871626615560289e-11
test_18346,6.107037143747129e-06
test_18347,0.9938083533156516
test_18348,1.5155385093351446e-06
test_18349,0.00042978423591356256
test_18350,0.9876401865224542
test_18351,1.837015837151283e-08
test_18352,0.14102024447292974
test_18353,0.0461892413498673
test_18354,0.07891660683709731
test_18355,0.8115458483822634
test_18356,0.2521641278680498
test_18357,0.9999999996528662
test_18358,2.430705094187085e-09
test_18359,9.523641378041695e-08
test_18360,0.9999999999993794
test_18361,0.9999994078124798
test_18362,0.5253989681612912
test_18363,0.9999987947076567
test_18364,0.09948281216424969
test_18365,0.9855856013846925
test_18366,0.8539130768764384
test_18367,0.2384990577883373
test_18368,0.9999998551907396
test_18369,0.9999946110311617
test_18370,0.9999996515465803
test_18371,0.1649006415309952
test_18372,0.5712350574741014
test_18373,0.05738554159537455
test_18374,0.9999999904067938
test_18375,0.9999999982753062
test_18376,0.013019481610719127
test_18377,0.9463170641182
test_18378,0.22693215949420767
test_18379,0.6656540953649625
test_18380,0.015273443941167295
test_18381,0.9994509858675646
test_18382,0.16498987490314246
test_18383,0.9999984963822859
test_18384,0.0362027318440266
test_18385,0.99994519596127
test_18386,0.9999944934936842
test_18387,0.8428739821840002
test_18388,0.9995787604338762
test_18389,0.9463714728916324
test_18390,0.9999999668851456
test_18391,6.568045560895536e-08
test_18392,0.9991079133993276
test_18393,0.7959392708984833
test_18394,1.5690729257307847e-07
test_18395,0.0005227856923989296
test_18396,0.3970072793355555
test_18397,0.9999893256373418
test_18398,0.3456019171549496
test_18399,0.9997283570293839
test_18400,0.015451857158577165
test_18401,0.9645208129813495
test_18402,0.9999697248795456
test_18403,0.9997296314637212
test_18404,0.9781725827041537
test_18405,0.0014725687506081967
test_18406,0.8255150866399881
test_18407,0.946652433787149
test_18408,0.9999999914773976
test_18409,0.0020280714882952664
test_18410,0.9999999988770506
test_18411,0.7861092644923868
test_18412,0.9999999977080187
test_18413,0.9986759974303052
test_18414,2.63848238749097e-10
test_18415,1.958671862440088e-11
test_18416,0.9999999999603884
test_18417,1.1659599442901976e-07
test_18418,0.516974612713123
test_18419,0.9999999700087587
test_18420,0.45923440563158485
test_18421,0.8468656749094865
test_18422,0.9011316198492848
test_18423,0.9999999988804704
test_18424,0.999999999678324
test_18425,0.0020735381206220893
test_18426,0.9999999999999634
test_18427,0.9839769885268808
test_18428,0.011096971035507623
test_18429,3.215467920398437e-06
test_18430,0.9993012376610277
test_18431,0.9996964010273081
test_18432,0.0005101442635683008
test_18433,0.9999998665772981
test_18434,0.9994266679896497
test_18435,0.9960873930500901
test_18436,0.4802102516295284
test_18437,0.26593501388422636
test_18438,9.514381698413915e-13
test_18439,0.9999999999667423
test_18440,0.008163201441971732
test_18441,0.4263417244339285
test_18442,0.9999999999198268
test_18443,0.002914623273825334
test_18444,3.104856933422454e-12
test_18445,0.9999996469053077
test_18446,0.9930659627603914
test_18447,2.687466381987199e-05
test_18448,7.381159054639574e-05
test_18449,1.1529339960529055e-08
test_18450,0.4814163809631412
test_18451,0.2742173788245486
test_18452,0.20196312894235435
test_18453,0.9999996960711415
test_18454,0.007378385102061478
test_18455,0.9999629759175628
test_18456,0.008761153178689479
test_18457,2.8394782824790146e-07
test_18458,0.9999999999973798
test_18459,0.9999977604165233
test_18460,0.9998260694397987
test_18461,0.9999953759630411
test_18462,0.9433990171965241
test_18463,0.6631017055372017
test_18464,0.9997029196384515
test_18465,2.3544062919565487e-07
test_18466,0.9997252903163867
test_18467,0.856595138241965
test_18468,0.002882491010940208
test_18469,0.00011013529771565866
test_18470,0.38430877191189
test_18471,0.9999342627716561
test_18472,5.952139775357511e-06
test_18473,0.9999999303939999
test_18474,0.15138492093480532
test_18475,0.032290937215224066
test_18476,0.9999979869280033
test_18477,0.0005789134186772592
test_18478,0.040530080351294163
test_18479,0.9999866705059548
test_18480,0.9183060123198398
test_18481,0.08664046065384945
test_18482,0.0002663730867819219
test_18483,0.9908684056487632
test_18484,0.9577112104306081
test_18485,0.9999981254722567
test_18486,1.5643176440545778e-07
test_18487,0.00025854964692894353
test_18488,0.854553545147531
test_18489,0.023345590131667267
test_18490,0.9991081083370438
test_18491,2.415026888310197e-06
test_18492,5.447120933889162e-09
test_18493,0.0005163344986584996
test_18494,5.274075332288448e-06
test_18495,0.9999615766100811
test_18496,0.43693047786145395
test_18497,0.9999998246786885
test_18498,0.9999999999929566
test_18499,2.8148938988833966e-10
test_18500,0.02038101553683731
test_18501,0.9999904335064049
test_18502,0.9727914331607324
test_18503,1.431098144476545e-11
test_18504,0.8920210738602725
test_18505,0.0012244681446371198
test_18506,0.999999998607559
test_18507,0.9999999998940172
test_18508,6.207419306489794e-12
test_18509,0.9999998701168922
test_18510,0.8502197598458411
test_18511,0.1361077102429324
test_18512,0.8792707340455338
test_18513,7.157390341193401e-06
test_18514,0.977832517672148
test_18515,0.01985459434598752
test_18516,0.9999999999699956
test_18517,0.7035686871654723
test_18518,0.43441335414392457
test_18519,0.99999999999946
test_18520,0.03655335330985634
test_18521,4.0949825299675825e-10
test_18522,0.0012260058378796021
test_18523,0.9995060424859954
test_18524,0.10784490632666155
test_18525,0.07903452739864364
test_18526,0.998060720012923
test_18527,5.3012997109257386e-08
test_18528,0.001986210164451159
test_18529,0.9999999999896283
test_18530,0.9999853695933374
test_18531,0.9999995891539994
test_18532,8.46128869987995e-10
test_18533,0.9995377216689855
test_18534,1.3731877126334935e-06
test_18535,6.132814287566829e-09
test_18536,0.9634102709438623
test_18537,0.9536316509847047
test_18538,0.999999999226608
test_18539,0.6727680025993401
test_18540,0.5453195129214657
test_18541,0.5558718219527441
test_18542,0.0017348878708522508
test_18543,0.9999782393522687
test_18544,0.27967947403209137
test_18545,0.999999999324247
test_18546,1.0
test_18547,0.9999994206172453
test_18548,0.9999915093303833
test_18549,0.7629482346755823
test_18550,0.9999883021696598
test_18551,0.9899689309490396
test_18552,0.0001788773671927897
test_18553,5.103774793688959e-06
test_18554,0.9851648999884897
test_18555,0.7873344409733273
test_18556,0.9687279570354577
test_18557,0.1931731594463565
test_18558,0.5679124750173137
test_18559,0.9999992131806953
test_18560,1.495124811325658e-10
test_18561,0.0005175101856893824
test_18562,0.9999973277616812
test_18563,0.9999965275239127
test_18564,2.688827134729047e-07
test_18565,0.9832352910589105
test_18566,0.3368961002535391
test_18567,0.9999796701906638
test_18568,0.9758935044727308
test_18569,0.9987670111621489
test_18570,1.5939833872360052e-08
test_18571,6.044815580870944e-08
test_18572,0.005769370954373536
test_18573,0.9983953886755897
test_18574,0.9997101005124891
test_18575,3.5059284452386236e-08
test_18576,7.152732829689965e-06
test_18577,0.001641695660871994
test_18578,0.7038259312831661
test_18579,0.9999999999990474
test_18580,0.061051167699282
test_18581,7.118666535055338e-07
test_18582,0.9941600988412573
test_18583,0.020837472155665497
test_18584,0.0024566239490521526
test_18585,0.0010691124249768817
test_18586,0.9999999877120669
test_18587,0.9853578518613633
test_18588,0.9999998727542059
test_18589,0.2601167300509707
test_18590,0.9999999642189166
test_18591,0.004682275641498457
test_18592,1.762582161760827e-08
test_18593,7.495770697899509e-07
test_18594,2.5946593274545038e-09
test_18595,0.9999709944645481
test_18596,0.9997890496952992
test_18597,0.9999501341553727
test_18598,0.9999999380873237
test_18599,0.9999829875539159
test_18600,0.9333750625800488
test_18601,0.9991443898600758
test_18602,0.9999996060983276
test_18603,0.9993742728482954
test_18604,0.8637465577065853
test_18605,8.236878285604167e-06
test_18606,0.9999810522918637
test_18607,0.999999997878747
test_18608,0.00030012105810463166
test_18609,6.036108900477881e-08
test_18610,0.4154406062585092
test_18611,0.9901587630258002
test_18612,0.9999999999943573
test_18613,0.7666405037868187
test_18614,4.691433919696337e-11
test_18615,0.9997698743667018
test_18616,0.00030497051549767195
test_18617,0.999998300846875
test_18618,0.029058700447846357
test_18619,0.9948498972953088
test_18620,0.9998765667051772
test_18621,0.9831837897140476
test_18622,0.2851345959331631
test_18623,0.9843238387573696
test_18624,0.39431301895451915
test_18625,0.9918876086196184
test_18626,0.022073837922044634
test_18627,0.6994837532802772
test_18628,0.00037679895369430226
test_18629,1.3910023126980316e-06
test_18630,0.9999314617541919
test_18631,0.0014488958186354
test_18632,6.5100375174942335e-06
test_18633,1.3299087907672256e-07
test_18634,0.9999999356237339
test_18635,0.9993424994739939
test_18636,7.49888931979722e-13
test_18637,0.9931784229423599
test_18638,4.960314185486331e-05
test_18639,0.9999999987302876
test_18640,0.9999999832615953
test_18641,0.4448663156925862
test_18642,0.05810460846067985
test_18643,1.6985480198204083e-06
test_18644,1.1807129443613554e-07
test_18645,0.000106367836546094
test_18646,0.9148094587440938
test_18647,0.25832446520722707
test_18648,0.9999353773398472
test_18649,0.08012804102478467
test_18650,1.742163644998933e-10
test_18651,0.9999999999525746
test_18652,1.6807199589774572e-06
test_18653,1.1286916934485112e-08
test_18654,0.003500423119024632
test_18655,0.9999720260946575
test_18656,0.49253632046521295
test_18657,7.765688165395482e-07
test_18658,0.0010994969563494683
test_18659,0.658966932840667
test_18660,0.9757554505309867
test_18661,0.00016391339011864872
test_18662,0.0005228471804632354
test_18663,0.517409720956485
test_18664,0.9999444480440662
test_18665,0.021423250331939578
test_18666,0.9586922124207022
test_18667,0.8904805059715324
test_18668,0.9999999673022997
test_18669,0.9997602184166069
test_18670,0.0004099390572880593
test_18671,3.884603092179362e-05
test_18672,0.0020957087765392556
test_18673,0.9499038048504014
test_18674,0.0001417744396724753
test_18675,0.7861690585863008
test_18676,0.9999746247856264
test_18677,1.0693186359598166e-08
test_18678,6.598705674120365e-14
test_18679,0.9999999942478621
test_18680,0.9999260301224289
test_18681,0.8704207209131871
test_18682,0.9999820319653632
test_18683,0.9999945219478901
test_18684,0.9984038553910148
test_18685,0.8081198080496451
test_18686,0.9589224320390803
test_18687,0.9998782915121318
test_18688,6.324622636539636e-08
test_18689,0.9930219650442996
test_18690,0.9999988751790845
test_18691,0.999986791302156
test_18692,0.013528319891999726
test_18693,0.9999982484088955
test_18694,0.030798697867169936
test_18695,0.9999996742623228
test_18696,0.9999668152651865
test_18697,4.316068847261874e-09
test_18698,5.042521215993679e-09
test_18699,0.43435325675714
test_18700,0.9712843515806868
test_18701,0.4776142788143826
test_18702,2.071659219578362e-08
test_18703,5.439815615749252e-09
test_18704,0.9903661750505923
test_18705,0.08358944855610471
test_18706,0.9999996498685919
test_18707,3.261107543435082e-08
test_18708,1.1511826929390517e-10
test_18709,0.9999999998821949
test_18710,0.9997448453764032
test_18711,0.9995578472676991
test_18712,0.001422869217379746
test_18713,0.999998197568303
test_18714,0.009040170208481024
test_18715,0.9996503196473168
test_18716,0.9566709947425789
test_18717,0.005292288646552001
test_18718,0.5032942652399851
test_18719,0.9999999835917261
test_18720,7.4260940402005235e-06
test_18721,0.956655249291301
test_18722,0.013857426949679447
test_18723,6.883980979285058e-05
test_18724,0.9999999998469649
test_18725,0.9966076156254129
test_18726,0.8269819252694919
test_18727,0.9999998001788362
test_18728,0.9999860426144125
test_18729,0.8060571989388252
test_18730,7.417279362025047e-09
test_18731,0.9989961411322289
test_18732,1.4317290609776277e-09
test_18733,0.999999999997721
test_18734,0.9999018800550459
test_18735,0.009193681329773846
test_18736,0.9999993314547406
test_18737,0.9999999999965467
test_18738,9.06177657285111e-08
test_18739,0.901932984507885
test_18740,0.0020432417521473634
test_18741,0.5281041571921216
test_18742,0.007156117172123685
test_18743,0.9998238727506026
test_18744,0.9999909786992233
test_18745,0.999980088038271
test_18746,0.999999999999962
test_18747,0.00015717919457576419
test_18748,0.9993360384482186
test_18749,0.9999999998167008
test_18750,0.002474697480663675
test_18751,0.887202305343312
test_18752,6.78841053770815e-10
test_18753,0.999990448231836
test_18754,0.988071207712488
test_18755,0.4388423596915797
test_18756,0.1918750804862899
test_18757,0.49408839379443703
test_18758,3.5066209806391215e-11
test_18759,0.999916402158563
test_18760,0.00010586861852999409
test_18761,0.9999937234649408
test_18762,0.6903845717250758
test_18763,0.999979565097475
test_18764,0.7864489991231287
test_18765,0.0005975071564919553
test_18766,1.6247994303865834e-12
test_18767,0.9999999531449943
test_18768,0.0024850870043986247
test_18769,3.4602287440887634e-08
test_18770,0.4467359489414701
test_18771,0.006764992891518792
test_18772,5.421937806867301e-05
test_18773,0.6663533249836395
test_18774,2.258733769301235e-06
test_18775,6.948852882792244e-10
test_18776,0.0022023261281036367
test_18777,2.0680300526598838e-07
test_18778,0.9999999951855632
test_18779,0.6200297799700629
test_18780,0.4998898059671435
test_18781,0.1893891175806883
test_18782,0.9999999985710771
test_18783,0.00011058356250830654
test_18784,5.976228755907516e-08
test_18785,0.4535551385827305
test_18786,6.483543342395421e-08
test_18787,0.9999895870649402
test_18788,0.9985096296590631
test_18789,1.1727163464990803e-06
test_18790,3.8426141177879176e-05
test_18791,2.797479745937156e-07
test_18792,0.999936249447922
test_18793,5.7795766046349316e-11
test_18794,0.9993740583516703
test_18795,0.0001647428112684146
test_18796,0.9988716225877167
test_18797,0.999222507066018
test_18798,1.5833867326710993e-05
test_18799,0.9964275159651649
test_18800,0.21577710548946966
test_18801,0.9995966016766069
test_18802,0.9999970664153455
test_18803,0.9210391285743469
test_18804,0.0003219309306449644
test_18805,0.47207509308690765
test_18806,0.999999989015538
test_18807,0.07285332420904582
test_18808,0.018835202675603246
test_18809,8.445266349653549e-05
test_18810,0.0029287855308006575
test_18811,0.5835671196980949
test_18812,3.2104061732146886e-06
test_18813,0.9999996340072501
test_18814,0.8363063968311092
test_18815,2.102341734585304e-08
test_18816,0.9663077894450142
test_18817,4.6407973996003754e-07
test_18818,0.8251755043736131
test_18819,0.9997291202841064
test_18820,0.5920751693261576
test_18821,0.9999999948626961
test_18822,0.9992153079836558
test_18823,0.9999999995087978
test_18824,3.51772392250423e-12
test_18825,0.9031082797734127
test_18826,1.6242788986331423e-10
test_18827,1.2828786913689322e-07
test_18828,0.00011864225040831891
test_18829,9.36283671255382e-05
test_18830,4.449416653929583e-11
test_18831,0.995926988976707
test_18832,0.00017355890156744446
test_18833,0.06072315403403042
test_18834,0.9551993058244231
test_18835,0.9999999910320005
test_18836,0.9844373946727918
test_18837,0.9999652249824025
test_18838,6.7711940332225e-06
test_18839,0.9999268812130873
test_18840,0.9999999570166673
test_18841,0.000480804487009343
test_18842,0.0006128700941653737
test_18843,0.8322044103828831
test_18844,1.0309739759359266e-05
test_18845,0.9972455523835899
test_18846,0.9993796886221682
test_18847,0.00777370996270598
test_18848,0.9999228835049234
test_18849,0.2539601761310345
test_18850,4.5374897310165456e-12
test_18851,0.9999999999640321
test_18852,4.442272975450871e-08
test_18853,0.5294052383584775
test_18854,0.8710279311678949
test_18855,1.1428795107998474e-08
test_18856,0.01674128889652942
test_18857,0.0017582842384705742
test_18858,0.9999999990024413
test_18859,0.0740968367005812
test_18860,0.9362520703910274
test_18861,0.026688166235466874
test_18862,3.780378489072604e-08
test_18863,7.462934326676991e-07
test_18864,0.9999998338528735
test_18865,3.4713742636370393e-12
test_18866,2.4542877634132045e-12
test_18867,0.9999999988975419
test_18868,0.00011067312518662634
test_18869,0.8836426595911013
test_18870,0.999999976025703
test_18871,5.177239718186198e-05
test_18872,0.9999999949091138
test_18873,0.6512841124641235
test_18874,0.6764249296533569
test_18875,0.9999999963279025
test_18876,0.9999998424752646
test_18877,0.18752150696476313
test_18878,0.9995677017847366
test_18879,5.874046747470099e-07
test_18880,0.7953143889453484
test_18881,0.9999998041722005
test_18882,8.802467218078127e-12
test_18883,0.5456725284801232
test_18884,3.313640109317194e-06
test_18885,0.010715096028225431
test_18886,0.8075470689977229
test_18887,0.8677877907498244
test_18888,9.841690810802472e-05
test_18889,2.209401325243535e-11
test_18890,0.0001540999489041083
test_18891,1.8255019258809802e-11
test_18892,0.9999999860875223
test_18893,0.8760543846779629
test_18894,0.9999999997505529
test_18895,0.9961724139564754
test_18896,0.9241011945329107
test_18897,0.6970989529005278
test_18898,0.9999999951372311
test_18899,2.1725948293796928e-05
test_18900,0.739453121504933
test_18901,0.9999999999129046
test_18902,0.9984007677200311
test_18903,5.104683114713779e-10
test_18904,0.8606488894304765
test_18905,0.14005353212463717
test_18906,0.5019863649528644
test_18907,2.3715500315143406e-05
test_18908,0.9999993164452594
test_18909,0.9999171913231613
test_18910,0.00038783067519034903
test_18911,0.0007111874910842178
test_18912,0.9999590778699108
test_18913,0.028753285505553308
test_18914,2.646516769711291e-07
test_18915,0.2146133906858821
test_18916,2.5290766662908278e-05
test_18917,4.52590909421461e-08
test_18918,0.999999890884894
test_18919,0.959955711747213
test_18920,1.134292025795346e-05
test_18921,0.9984516504469458
test_18922,5.934266828617592e-07
test_18923,0.9756432233859765
test_18924,6.0522735901225764e-06
test_18925,9.372243343100266e-07
test_18926,5.11675790485981e-06
test_18927,0.9999780495098521
test_18928,5.490954275876255e-10
test_18929,0.15436432790836738
test_18930,0.9999918394873791
test_18931,0.9999922400878796
test_18932,9.347621332381109e-05
test_18933,0.11218199296693727
test_18934,0.9999999999993127
test_18935,0.2997768212524242
test_18936,7.26447436874822e-08
test_18937,0.9999956170311352
test_18938,0.010844617864147775
test_18939,0.6306140923232936
test_18940,0.0007091082706809785
test_18941,0.999999996662615
test_18942,3.0023804031724253e-05
test_18943,1.659699423530447e-11
test_18944,0.0003821532664443533
test_18945,0.9999999999848773
test_18946,7.825110276179931e-08
test_18947,0.9999999997343954
test_18948,0.49206470193111534
test_18949,0.8387266901765136
test_18950,0.012101779768540141
test_18951,7.1082781463297655e-06
test_18952,0.9999999999983196
test_18953,0.7416763341921585
test_18954,0.99999945574783
test_18955,1.274116452051844e-09
test_18956,0.0023660034916401632
test_18957,0.99415738577577
test_18958,0.9999694874817501
test_18959,4.7938543787152115e-05
test_18960,0.41812261865042766
test_18961,0.5132518596312321
test_18962,3.045870915421923e-09
test_18963,9.61980390685881e-10
test_18964,0.0007480035527746836
test_18965,6.01411844243252e-05
test_18966,0.9456527442403274
test_18967,0.9999999999999987
test_18968,0.9320095052091247
test_18969,0.9999254450470692
test_18970,8.907011273991668e-14
test_18971,0.9994547743655209
test_18972,0.0024444375579376755
test_18973,0.9989192071767505
test_18974,0.9999999999999992
test_18975,0.9999764394759929
test_18976,0.9999998367264085
test_18977,0.9999961885053814
test_18978,0.999771698055108
test_18979,0.9999997406401677
test_18980,0.9999736897958511
test_18981,0.0006598031256430863
test_18982,0.022754645559461
test_18983,0.9999999990822188
test_18984,0.9850103918857162
test_18985,0.00016806222171548434
test_18986,0.02635687822884223
test_18987,0.9999657149323026
test_18988,3.2568885998486235e-08
test_18989,0.9999429234311037
test_18990,0.9989221504764543
test_18991,0.9999999999141949
test_18992,0.006660531196747186
test_18993,0.999999482851007
test_18994,0.9769008112913575
test_18995,0.9999999999999589
test_18996,5.068598103468445e-10
test_18997,0.011243684124313938
test_18998,0.9999999999999967
test_18999,1.9578816110496002e-07
test_19000,0.9999684607953494
test_19001,0.03472493322532817
test_19002,0.0007964172059021957
test_19003,1.2188110362597694e-10
test_19004,0.9588321823837629
test_19005,5.004127066937989e-08
test_19006,0.9999993115927377
test_19007,0.02312018821856373
test_19008,0.3862121060631195
test_19009,4.2083643331431155e-11
test_19010,0.9981621191540504
test_19011,0.9999999999999982
test_19012,0.06647689152721152
test_19013,0.013585549084883398
test_19014,0.9999999556576035
test_19015,0.001028827716979428
test_19016,0.9999946792043806
test_19017,2.5329394134744026e-13
test_19018,3.936037254640139e-06
test_19019,0.9744224112702402
test_19020,0.23362854594941845
test_19021,1.3955258130416089e-09
test_19022,2.0531462699692692e-07
test_19023,1.156772934802021e-05
test_19024,0.664725837800447
test_19025,0.9975196286227427
test_19026,0.9928817588462034
test_19027,9.969441397630708e-06
test_19028,0.5297198741847251
test_19029,0.999999999792979
test_19030,1.255847016413536e-07
test_19031,0.9999997511165226
test_19032,0.020156596932958945
test_19033,0.9999532650349824
test_19034,0.852553921229115
test_19035,2.978165117941699e-09
test_19036,0.28263889614937854
test_19037,0.9999968331748672
test_19038,7.14737942617281e-09
test_19039,4.387461701717522e-06
test_19040,0.995531763640878
test_19041,0.3196062526504516
test_19042,0.9999993187605583
test_19043,0.9999994604604143
test_19044,0.0025453955273662537
test_19045,5.255125139914634e-10
test_19046,0.8131745340383539
test_19047,0.6548196806541556
test_19048,0.9999907406926616
test_19049,0.999999504874676
test_19050,0.999999910738142
test_19051,5.6934505239210374e-05
test_19052,0.2590245905096532
test_19053,0.7392984568185168
test_19054,4.1008203835253693e-05
test_19055,0.9999999999937492
test_19056,0.501797931450238
test_19057,0.9999268520050397
test_19058,1.9487291763940706e-07
test_19059,9.036204780592914e-06
test_19060,3.5484387980310585e-09
test_19061,0.9903627203586411
test_19062,0.023166696009102147
test_19063,0.9965457649482261
test_19064,0.01839326351850329
test_19065,0.007775439716084772
test_19066,0.024672929474234502
test_19067,0.6928345517375273
test_19068,0.9996656965163122
test_19069,2.983778043381762e-06
test_19070,0.7038383881155252
test_19071,0.7068607350186937
test_19072,3.403790642530505e-08
test_19073,0.9999999999999944
test_19074,0.9999997255904131
test_19075,0.9995671544567534
test_19076,0.9999999998459692
test_19077,4.407032328803951e-06
test_19078,0.13105103715521338
test_19079,0.3757647195047632
test_19080,0.012308870266711616
test_19081,0.9999999161092037
test_19082,0.5214777853214858
test_19083,0.9999994985506728
test_19084,0.997036462749876
test_19085,0.04045077503826014
test_19086,1.816356116233445e-10
test_19087,3.596758089984867e-09
test_19088,0.0016099251265730688
test_19089,0.9999999981650799
test_19090,2.8053540236674416e-08
test_19091,0.999999999991467
test_19092,0.9967262200042004
test_19093,0.002904010148818791
test_19094,1.147695241334076e-07
test_19095,2.5750702743083632e-08
test_19096,0.9998905662806723
test_19097,8.435523392450433e-05
test_19098,0.9397821191500262
test_19099,0.9999978905231381
test_19100,2.5506116087475454e-05
test_19101,0.9970358145040006
test_19102,0.00012044193473956496
test_19103,0.0020260408169144204
test_19104,0.03845818214692869
test_19105,0.9999601065340596
test_19106,0.0008419179371593987
test_19107,0.9999998702814332
test_19108,0.006933553412203317
test_19109,4.3736811585950535e-11
test_19110,0.08779314848415984
test_19111,1.4660929463567048e-11
test_19112,0.999999999998346
test_19113,0.16386480803765824
test_19114,0.0005503836137753472
test_19115,5.360655528896861e-10
test_19116,0.9999993425402516
test_19117,0.1259475392256724
test_19118,2.0029767194003614e-07
test_19119,0.9997250898972905
test_19120,0.0275576929920935
test_19121,0.9999990099960576
test_19122,0.9643701081711131
test_19123,0.9999985757148125
test_19124,9.610457430464676e-06
test_19125,0.9999931648440474
test_19126,0.9789438832542905
test_19127,1.6137883560234105e-12
test_19128,0.2116461429381981
test_19129,0.0003203643553048461
test_19130,0.9999997035185004
test_19131,0.8917874738303359
test_19132,0.008427694354220742
test_19133,0.016756467072344388
test_19134,0.9999999909887561
test_19135,4.078548994101603e-08
test_19136,0.8999712931175037
test_19137,0.9999581593398753
test_19138,8.452331225174755e-12
test_19139,0.05867640696380722
test_19140,0.9999996029408329
test_19141,0.0007737084589263712
test_19142,0.9989692426991784
test_19143,2.882076626096131e-11
test_19144,0.9996436017517076
test_19145,0.9999999945354117
test_19146,0.9222613101076168
test_19147,0.9998619034618831
test_19148,0.9999999660296288
test_19149,0.9049851912011556
test_19150,3.2858377952995595e-06
test_19151,1.5570935689171193e-07
test_19152,0.9348286706652451
test_19153,0.9862734915627618
test_19154,0.13075844789006447
test_19155,0.9999999966490223
test_19156,0.3223416778083311
test_19157,0.9999963232568907
test_19158,0.9144633721315716
test_19159,0.9999068751311653
test_19160,1.901580344580159e-09
test_19161,0.0004140194507645948
test_19162,0.00014652822836677665
test_19163,0.9999999998578151
test_19164,1.179007214579483e-11
test_19165,0.00013474892985536213
test_19166,0.9999999999797227
test_19167,0.8094246187792071
test_19168,0.9992608465985816
test_19169,1.8717822360870195e-13
test_19170,0.9999997123292783
test_19171,0.9999531753217779
test_19172,0.5621310745479946
test_19173,0.9999931975875853
test_19174,2.5318779960065374e-09
test_19175,0.679752071858573
test_19176,0.015533459638358305
test_19177,0.9999982532875606
test_19178,0.960671095881638
test_19179,0.357343477413243
test_19180,7.816450203666355e-05
test_19181,0.28420905191185614
test_19182,2.021356919356112e-13
test_19183,0.9996088622730773
test_19184,0.9778383383529988
test_19185,1.2513600058853878e-07
test_19186,0.9398903373470615
test_19187,0.9998082731527225
test_19188,0.7873892039679387
test_19189,0.7714665598757993
test_19190,0.5852355195599934
test_19191,2.885843749400845e-08
test_19192,0.9999605440881785
test_19193,0.007940235720753357
test_19194,0.0005921892181242087
test_19195,2.4347574751271972e-08
test_19196,0.9995846088179257
test_19197,0.11407626632968361
test_19198,0.9988977211953256
test_19199,2.5313990168007272e-11
test_19200,0.9765740238369804
test_19201,0.6081840436969157
test_19202,0.9994851504851122
test_19203,0.9999999998483262
test_19204,0.9982799749401648
test_19205,0.42310426893926784
test_19206,0.3594380578797606
test_19207,0.009360701122925153
test_19208,0.9999999507126747
test_19209,0.9999999844886611
test_19210,0.003130252346025601
test_19211,1.8694067677681738e-11
test_19212,0.9999999940855688
test_19213,0.8704681226924458
test_19214,0.033009891321154713
test_19215,0.6121057428661929
test_19216,1.5064246076359624e-06
test_19217,0.9999999999833372
test_19218,0.2736825303801194
test_19219,0.01243701145400502
test_19220,0.10218048080878357
test_19221,0.00022621810516297342
test_19222,0.9798212493416762
test_19223,0.9999997716695659
test_19224,2.2962535428531702e-11
test_19225,1.7828331272459727e-10
test_19226,0.992012927691453
test_19227,3.781099639872463e-06
test_19228,0.9999998955555349
test_19229,1.0556740243308434e-06
test_19230,0.1699997206804649
test_19231,0.9588559026363819
test_19232,0.9999999177929331
test_19233,0.9999884576996029
test_19234,4.990957959594427e-14
test_19235,0.00019318779794284607
test_19236,1.8090106944658183e-13
test_19237,4.241884996889792e-09
test_19238,0.004984041378841465
test_19239,4.178761159891521e-09
test_19240,0.9988623457214136
test_19241,0.8923070264345676
test_19242,0.8816267289643647
test_19243,0.9999833316849507
test_19244,0.8237480241561023
test_19245,0.999974249008864
test_19246,0.9999999958396968
test_19247,0.001653151301101766
test_19248,0.9999999999999996
test_19249,6.18014431156588e-10
test_19250,0.9999998203200189
test_19251,0.7841426525204775
test_19252,2.0110175640134968e-08
test_19253,0.00900098671343783
test_19254,0.9999937448679431
test_19255,0.9999762222947643
test_19256,0.9806594128403273
test_19257,3.801732627592175e-07
test_19258,9.146508689512332e-05
test_19259,8.80496696505819e-06
test_19260,0.05017770314038916
test_19261,0.780236029726237
test_19262,0.7735592110326244
test_19263,0.43569016633970126
test_19264,0.00034688440154021026
test_19265,0.6856912486187381
test_19266,0.006308757632896895
test_19267,0.9996150582054057
test_19268,0.9999995581970751
test_19269,0.008028735787170168
test_19270,0.021650212758328246
test_19271,5.20172437428014e-07
test_19272,0.9999984493273518
test_19273,0.9430781669740561
test_19274,5.552735534457434e-06
test_19275,0.9999999987974109
test_19276,0.9993483940450918
test_19277,1.3589668775452498e-07
test_19278,4.7799265515299886e-05
test_19279,0.6080543359481333
test_19280,0.8112355628206473
test_19281,0.9999973339669579
test_19282,2.7850787792389887e-06
test_19283,0.474473076271559
test_19284,0.6940003398252838
test_19285,0.9999988049100808
test_19286,1.7666715666531464e-09
test_19287,0.9999965530471442
test_19288,0.006274731831961916
test_19289,0.012345203622338334
test_19290,0.9999999998029452
test_19291,6.034807251112196e-06
test_19292,0.4644916572756307
test_19293,0.01272692121952054
test_19294,0.9999999877846066
test_19295,0.9999999987761709
test_19296,0.9519238656519724
test_19297,1.8457588135933043e-09
test_19298,0.992747142160913
test_19299,0.3620805498228242
test_19300,2.673646576187034e-06
test_19301,0.488244422829516
test_19302,8.441366363563173e-08
test_19303,0.9999999980713038
test_19304,0.9999999998875759
test_19305,0.0008568484980457827
test_19306,0.9999997381652526
test_19307,0.9999999990361089
test_19308,0.9999362207787754
test_19309,0.1716353485055056
test_19310,3.623216992539651e-14
test_19311,1.4246131162794754e-06
test_19312,3.992368288468218e-05
test_19313,0.0005565520791837306
test_19314,0.023654663549323617
test_19315,0.9999990635222319
test_19316,0.9999999999440685
test_19317,9.76384374602012e-06
test_19318,0.9999920997014728
test_19319,3.692591347677419e-10
test_19320,0.9912007437299963
test_19321,0.2986815962679491
test_19322,0.00012318149882321132
test_19323,0.9999999974679292
test_19324,1.0572512329897285e-07
test_19325,9.386478674906619e-06
test_19326,2.8996427080153575e-05
test_19327,0.9758936449857901
test_19328,8.116237066942051e-11
test_19329,0.554456237684264
test_19330,0.9853176718205097
test_19331,2.509664764397822e-06
test_19332,0.9999999991280296
test_19333,1.9995497750739675e-06
test_19334,2.7795063367115755e-05
test_19335,6.751342042960038e-07
test_19336,6.19269570729253e-05
test_19337,1.7091610429324085e-07
test_19338,0.9997206564209493
test_19339,0.00039339292700261503
test_19340,0.9999999999978528
test_19341,0.61375693649677
test_19342,0.9999771080942885
test_19343,0.9920528174285047
test_19344,4.072619199090816e-11
test_19345,0.9999999997067752
test_19346,0.011921640902805964
test_19347,0.2938591826526314
test_19348,0.02224841532675266
test_19349,1.155103998861112e-12
test_19350,2.362311970856245e-07
test_19351,8.864880191604051e-13
test_19352,0.9415101213275308
test_19353,1.7552919493585972e-06
test_19354,0.9999889172538775
test_19355,0.08928819417354854
test_19356,0.2916226928173754
test_19357,0.9381114829315041
test_19358,0.9158337360873856
test_19359,0.999999935562163
test_19360,2.335315858940336e-05
test_19361,5.7334877290753664e-05
test_19362,1.9747800793154245e-06
test_19363,1.4836215097608372e-06
test_19364,0.9999399497691217
test_19365,0.0382428014330454
test_19366,0.10144274914796027
test_19367,0.6004878027784796
test_19368,0.998332927661954
test_19369,0.8946682699984851
test_19370,0.2652873255026126
test_19371,0.034921905487460055
test_19372,0.04700174624345956
test_19373,0.4085018151105789
test_19374,0.9999043837247543
test_19375,0.9691278943284621
test_19376,0.9999999999968199
test_19377,0.999999999945214
test_19378,0.9488112262431387
test_19379,2.416960193919198e-09
test_19380,0.9999969043858397
test_19381,0.9974810652027447
test_19382,2.2157350054857086e-07
test_19383,0.9999756613559899
test_19384,0.9959874805124465
test_19385,0.9999999995573825
test_19386,0.9999951849575223
test_19387,0.0002462231377918136
test_19388,0.8971413411733506
test_19389,0.8037762274449214
test_19390,0.9999999777924921
test_19391,0.9997959186834622
test_19392,0.004186433318132073
test_19393,0.9005160087281934
test_19394,0.9999978118993491
test_19395,3.7336408306532447e-10
test_19396,0.999999966696141
test_19397,0.007699969222682262
test_19398,0.6436579336290926
test_19399,2.51307110629596e-05
test_19400,9.32702883253254e-06
test_19401,0.999130726590187
test_19402,6.338211329097263e-07
test_19403,1.930828410647235e-05
test_19404,2.662710638590397e-06
test_19405,0.9999999998772402
test_19406,0.9999999999998499
test_19407,0.07457961887105154
test_19408,0.24578757920282784
test_19409,6.603014444036492e-10
test_19410,0.035316012365063855
test_19411,6.392894267582418e-06
test_19412,0.02151718742602697
test_19413,0.9995626073381353
test_19414,0.0019030605798456093
test_19415,2.3893729155276735e-05
test_19416,0.9999493542752244
test_19417,0.6298855024492358
test_19418,2.6807981438819068e-14
test_19419,0.9741687909758483
test_19420,0.0007340340768506599
test_19421,0.9999995834130722
test_19422,0.6025262764840944
test_19423,0.9264620034763567
test_19424,0.14110800474458027
test_19425,3.6097535149242797e-06
test_19426,4.754803261496725e-06
test_19427,0.02039944230090265
test_19428,0.9996777397147127
test_19429,0.9789965472647465
test_19430,0.8046986285857587
test_19431,0.9999999999999988
test_19432,0.9698377415424393
test_19433,2.1847932147847115e-12
test_19434,0.9991173074767806
test_19435,0.9999999999294338
test_19436,0.9984408574067181
test_19437,0.9886137433588009
test_19438,2.0104001329074935e-05
test_19439,0.9971857680178426
test_19440,0.000549521335338178
test_19441,0.999966884729965
test_19442,0.9582279438172825
test_19443,0.002951657644761769
test_19444,2.6761589269764708e-05
test_19445,0.00013710405236710738
test_19446,0.999885847719158
test_19447,0.00010796223462928275
test_19448,0.9349536041974718
test_19449,0.9999997273059164
test_19450,0.999996241651895
test_19451,0.9996153139286698
test_19452,0.9999828381427591
test_19453,0.5951531160042822
test_19454,0.9999999951606982
test_19455,0.896463272685314
test_19456,3.6890320154092613e-06
test_19457,0.9999997715795851
test_19458,0.58937659311416
test_19459,0.9998443988422966
test_19460,1.9198578541281257e-08
test_19461,7.778957186344418e-12
test_19462,0.9999998130213592
test_19463,0.4570325344692728
test_19464,0.031034771310222007
test_19465,6.467852726721949e-09
test_19466,0.4168942638861813
test_19467,0.9999999155119179
test_19468,0.9999988620703391
test_19469,0.9999817508668913
test_19470,0.0010468458450607016
test_19471,9.267703559432447e-10
test_19472,0.9985277938942265
test_19473,0.9999999999992427
test_19474,0.925322070695616
test_19475,0.999999926140912
test_19476,0.9999993458190285
test_19477,0.0009251317928792983
test_19478,0.02188806091293752
test_19479,1.0
test_19480,0.9999999392773452
test_19481,0.9529781155649857
test_19482,3.5744770990293014e-05
test_19483,0.9539575068484683
test_19484,0.997067975374865
test_19485,0.9974228595784655
test_19486,0.03689143483223666
test_19487,0.6784970205985155
test_19488,0.990016205396828
test_19489,0.4320084457485883
test_19490,1.0476391757825795e-09
test_19491,0.3397237169991893
test_19492,0.06848271663697343
test_19493,0.9999999987812007
test_19494,0.999999977404748
test_19495,0.9999987270512192
test_19496,0.9944635318734389
test_19497,0.010343917161676965
test_19498,0.9999999765284817
test_19499,0.9999241108886794
test_19500,5.911994214206848e-06
test_19501,0.7654784204498468
test_19502,0.002608496760504628
test_19503,0.9184839231286217
test_19504,3.515675831864993e-08
test_19505,0.9993591864807397
test_19506,0.5989256738422106
test_19507,0.9999318888181066
test_19508,0.9999247963384632
test_19509,0.9423850253565949
test_19510,0.9997621439766627
test_19511,0.6978330105789632
test_19512,0.27144516928945783
test_19513,0.43055707020992184
test_19514,0.6171545809502689
test_19515,2.8961432794821604e-05
test_19516,0.9681985645985222
test_19517,0.40764945227594784
test_19518,0.998281135031603
test_19519,0.9999994201294516
test_19520,4.24125534867153e-09
test_19521,0.3894630654735543
test_19522,0.0021625922697619347
test_19523,0.9969710060467302
test_19524,0.20280022687627203
test_19525,2.3795834059709952e-11
test_19526,1.779876895075081e-10
test_19527,0.574174834321607
test_19528,0.0034717649038123063
test_19529,0.1078398729534032
test_19530,0.013716200080711205
test_19531,0.18803867353520629
test_19532,0.5448378610610908
test_19533,0.14790301585413645
test_19534,0.9999990579198123
test_19535,0.0002351418518776162
test_19536,0.8564318218151036
test_19537,0.9999993727389194
test_19538,0.9847428135306688
test_19539,0.9999999762448375
test_19540,2.8754151615130603e-05
test_19541,0.44740432926238405
test_19542,0.6894838514883626
test_19543,2.3651502449668685e-05
test_19544,0.9999999949846681
test_19545,0.9994753789092252
test_19546,0.9999999940808869
test_19547,1.440686880615879e-09
test_19548,0.9999207494276328
test_19549,1.4921522153707938e-15
test_19550,1.9709902656557564e-06
test_19551,0.6328256029891196
test_19552,0.9841314924452362
test_19553,7.934658961692198e-06
test_19554,1.324102363284241e-07
test_19555,0.9997900836774181
test_19556,2.7567015572513614e-05
test_19557,0.0015005464486272523
test_19558,0.035861792113060356
test_19559,5.17201486235341e-06
test_19560,0.9999970942181526
test_19561,0.9999993102985532
test_19562,0.7749386535553063
test_19563,0.9999990513560608
test_19564,1.1631310063215904e-06
test_19565,1.5696651194900354e-06
test_19566,0.18927552347318005
test_19567,0.8349625286398786
test_19568,4.2611664647055325e-05
test_19569,0.033156999782171744
test_19570,0.8961807213834545
test_19571,0.22814360531250885
test_19572,0.9999993688463873
test_19573,0.9715170432999072
test_19574,6.16934625996296e-05
test_19575,0.0005404722967310157
test_19576,0.9999951310446324
test_19577,0.9999999317478033
test_19578,0.9885767842852942
test_19579,8.926160441972573e-09
test_19580,6.896355203944909e-10
test_19581,0.3271304742326163
test_19582,0.9960157208274443
test_19583,1.0341555289489386e-07
test_19584,0.011557359724631172
test_19585,0.9999999832666897
test_19586,0.8754534874550263
test_19587,0.2822438375952879
test_19588,0.9999992625900314
test_19589,4.6954303526407505e-11
test_19590,0.999995057463307
test_19591,0.99996234190404
test_19592,0.5692490453637244
test_19593,0.8893678677428001
test_19594,8.476956017897691e-05
test_19595,0.0016347838982365807
test_19596,0.9994859262365826
test_19597,9.574070566838663e-10
test_19598,0.0015957080200546638
test_19599,0.8703085366420387
test_19600,0.007270137498408517
test_19601,8.261443552517748e-12
test_19602,0.0007421130678520922
test_19603,0.9999998531735992
test_19604,0.9895353830713198
test_19605,4.6576745038178215e-05
test_19606,0.999841957142736
test_19607,5.51679703067493e-06
test_19608,0.03615066461513787
test_19609,0.9491881524634349
test_19610,0.9999500841738513
test_19611,0.9999811961400294
test_19612,0.008267391540958359
test_19613,0.9999591044647627
test_19614,0.19087714323158322
test_19615,0.9999993242765967
test_19616,1.653382064292109e-09
test_19617,0.5011972896312249
test_19618,0.8104318056374757
test_19619,0.9999994676677639
test_19620,0.8842575951416463
test_19621,8.52708127575072e-11
test_19622,0.0018302150622573796
test_19623,2.981971816335158e-05
test_19624,1.7024047046817028e-07
test_19625,0.9997976149770447
test_19626,6.288003834856118e-11
test_19627,9.045254762961442e-10
test_19628,0.9999999993230149
test_19629,0.0006053077479974165
test_19630,0.9999999968333755
test_19631,0.9284320518015157
test_19632,0.8408672198173215
test_19633,0.9999929003408099
test_19634,0.8060244105043727
test_19635,0.9999999957234889
test_19636,0.9868223842188084
test_19637,2.9824772548681593e-10
test_19638,0.9999987757839295
test_19639,3.058264968152761e-06
test_19640,1.3452895851364705e-11
test_19641,0.6222247369341625
test_19642,1.4410779978128703e-05
test_19643,8.355819941201927e-12
test_19644,7.289892299386853e-12
test_19645,0.39523951979383043
test_19646,0.08837876658798406
test_19647,0.9999999984021735
test_19648,1.4430054906810246e-05
test_19649,0.1856700575385004
test_19650,0.017510482518939784
test_19651,1.2343004449032353e-05
test_19652,6.477092274680268e-05
test_19653,0.33767181549767755
test_19654,2.7167532074314725e-08
test_19655,0.07707494003749257
test_19656,9.101390704467261e-10
test_19657,0.008209872430417358
test_19658,0.1328882506479856
test_19659,0.9745555961153964
test_19660,0.9958424887396934
test_19661,0.021558996729409172
test_19662,0.9999674266753851
test_19663,0.3303092755804684
test_19664,0.9996115840487487
test_19665,0.9978489127990963
test_19666,0.9616722219538474
test_19667,0.9999659614678696
test_19668,0.029439898495674376
test_19669,0.29443171925817935
test_19670,0.9999954866122502
test_19671,1.801788166621343e-05
test_19672,0.9983239844825798
test_19673,0.041195241441421844
test_19674,0.10112799928981327
test_19675,0.5621381810463965
test_19676,0.9999984904820043
test_19677,0.9999999988587753
test_19678,0.0005581723425906031
test_19679,0.0923271711210261
test_19680,0.9988996236720344
test_19681,0.22463556707669086
test_19682,0.15832979384090365
test_19683,0.999976989573103
test_19684,1.7824016513771386e-05
test_19685,0.9998693153443992
test_19686,0.9995430085140092
test_19687,0.002233858602093062
test_19688,0.6216459203112499
test_19689,0.9999999759146785
test_19690,0.29534248394713974
test_19691,0.9999922098318694
test_19692,0.8877722991345519
test_19693,0.7393774145089518
test_19694,0.9863570890609543
test_19695,0.400337113671814
test_19696,0.9999999999998591
test_19697,8.808633960062043e-07
test_19698,0.988991063573762
test_19699,0.999999972957198
test_19700,0.31315284984500713
test_19701,1.5227424104494784e-05
test_19702,0.08730014198200534
test_19703,1.1440869572267159e-15
test_19704,0.9893791733500115
test_19705,8.880473490043853e-05
test_19706,0.031246344429343365
test_19707,0.999999913344513
test_19708,0.2743287342113747
test_19709,0.0003096349025538946
test_19710,0.9997803354333801
test_19711,0.1644241218225494
test_19712,0.9550884438770801
test_19713,0.9999999986824282
test_19714,1.87924183413897e-11
test_19715,0.19875017254961574
test_19716,1.2372809778889485e-05
test_19717,0.9999107179926594
test_19718,0.8917769990662564
test_19719,0.9999999944569216
test_19720,0.9999999999870153
test_19721,0.9999947586301803
test_19722,5.0826817039287535e-05
test_19723,0.99992583360856
test_19724,1.698598583210096e-06
test_19725,0.9996714100840224
test_19726,0.9995589413149834
test_19727,3.13791503851375e-05
test_19728,0.9624737677331152
test_19729,0.004136779134301119
test_19730,1.9371165227202943e-05
test_19731,0.17577188564508045
test_19732,0.9999999999870938
test_19733,5.728269928630904e-10
test_19734,0.22764586446541096
test_19735,0.9866518448677704
test_19736,0.6829095985845024
test_19737,0.0032846718375726964
test_19738,0.9998807726079546
test_19739,3.392043001251658e-13
test_19740,0.9999999993442958
test_19741,0.9999999557015
test_19742,4.61521703350728e-12
test_19743,8.123764652902898e-10
test_19744,0.9938997460269059
test_19745,0.9849562418972488
test_19746,1.7575744403371615e-07
test_19747,0.20806676957915848
test_19748,0.04236901553019877
test_19749,0.5010435751962402
test_19750,0.9999999900260808
test_19751,1.682824302752327e-05
test_19752,0.9999826888698395
test_19753,1.9734202515680412e-10
test_19754,6.796852373445992e-05
test_19755,0.9928646174503002
test_19756,0.920811627256658
test_19757,0.9999996553968239
test_19758,0.0008745270001702763
test_19759,0.9987138447277818
test_19760,0.9979950683169181
test_19761,0.06162807182191387
test_19762,0.0001459517189954852
test_19763,0.021857407486907378
test_19764,0.15418278364613672
test_19765,0.9999990775554932
test_19766,3.9133288770174886e-05
test_19767,0.00034574964084995824
test_19768,0.0001018724555967132
test_19769,0.07574300736911216
test_19770,6.764915539382358e-05
test_19771,0.9994057929779401
test_19772,0.9995709609600013
test_19773,5.0066146968847155e-12
test_19774,8.485680257598854e-08
test_19775,0.010163610567154877
test_19776,0.9999931785627096
test_19777,3.3838190290287525e-05
test_19778,0.9973857629544323
test_19779,0.5870826396588071
test_19780,0.9924969856262766
test_19781,0.00011152318324999936
test_19782,0.9999820921325175
test_19783,0.0008939645574871779
test_19784,0.9999999999354954
test_19785,0.6114129650500102
test_19786,0.9999000301669161
test_19787,1.399347806544611e-08
test_19788,0.9999911717826182
test_19789,0.5420369663332658
test_19790,0.9999786879386663
test_19791,0.20083737852609618
test_19792,0.9505127212787907
test_19793,1.5417296625298644e-09
test_19794,1.7359261048618794e-09
test_19795,8.129197992348583e-06
test_19796,0.0026754062585688876
test_19797,0.8035268014948315
test_19798,3.3272099615625335e-05
test_19799,0.9998671891163868
test_19800,3.185288240511207e-12
test_19801,6.091106972549506e-10
test_19802,0.00015126744037410262
test_19803,0.9999998518290363
test_19804,0.9150584955701824
test_19805,3.2819262289594766e-10
test_19806,0.0011110453963981643
test_19807,0.9999946549068723
test_19808,1.5310915756944554e-07
test_19809,0.0022494249421944382
test_19810,0.7969604740088603
test_19811,0.9929165495496122
test_19812,0.27820275801408845
test_19813,0.8005112051223815
test_19814,0.9362291301279682
test_19815,8.775460317782421e-08
test_19816,0.5944981300969744
test_19817,0.9999572845114253
test_19818,0.004369226687137623
test_19819,0.9998831207834282
test_19820,0.00852266054537248
test_19821,0.9964330683159488
test_19822,0.9994213915566329
test_19823,0.6373031684958668
test_19824,0.9691847347440349
test_19825,0.999999175693276
test_19826,2.4371075048063473e-07
test_19827,0.9996887681750845
test_19828,1.3467788724186867e-05
test_19829,0.00019417135896904913
test_19830,0.9863131552233758
test_19831,5.740458921382599e-05
test_19832,0.9992184343230335
test_19833,0.385611010701283
test_19834,0.0030497453808186374
test_19835,0.5048914985098009
test_19836,3.739437759007187e-09
test_19837,0.9528931487599547
test_19838,0.9999999999999999
test_19839,0.033500100448827265
test_19840,0.865860641288817
test_19841,0.0010246902913844892
test_19842,0.00053775261067045
test_19843,0.0001095303395667098
test_19844,9.69461576281883e-07
test_19845,0.0030681750714775602
test_19846,0.9999999200433035
test_19847,0.9989471157635628
test_19848,0.5495494021854386
test_19849,0.16028212167371791
test_19850,0.9991829053566701
test_19851,0.03922324342522472
test_19852,0.0005107644343375133
test_19853,0.00018273303243677421
test_19854,0.9512180063234896
test_19855,0.5930428172340931
test_19856,0.989819742029069
test_19857,0.36323222538016886
test_19858,0.714485158241229
test_19859,0.9309158320979707
test_19860,6.234292617197647e-08
test_19861,0.024255367558382656
test_19862,6.746343711816152e-07
test_19863,0.992792369333279
test_19864,1.8545918624972114e-12
test_19865,0.46114860346077996
test_19866,1.3549524490644092e-10
test_19867,0.9999999999715989
test_19868,0.7357967427955544
test_19869,3.0031295922865555e-05
test_19870,0.036925835784636436
test_19871,0.9999999999913958
test_19872,0.9999999312364267
test_19873,0.999998867173035
test_19874,2.648262823015138e-07
test_19875,0.0019383038129342728
test_19876,4.120267630919234e-10
test_19877,0.9579374411658126
test_19878,0.5663395962321787
test_19879,0.991273913116304
test_19880,0.7743559392423154
test_19881,0.00462188935061226
test_19882,0.9994152370192445
test_19883,0.3648290212569699
test_19884,0.25498980270165233
test_19885,0.9978018967047797
test_19886,0.9999962938293144
test_19887,0.9999924503115685
test_19888,0.0009823071322384706
test_19889,0.9814943436877567
test_19890,0.999999731585336
test_19891,0.09616738158627286
test_19892,0.9731250163446297
test_19893,0.7738484279857867
test_19894,0.0010616972972775287
test_19895,0.9998939104398895
test_19896,5.1831679567741605e-08
test_19897,0.3821696638661618
test_19898,2.1680159914263014e-07
test_19899,3.708857313907232e-11
test_19900,0.9986412676685075
test_19901,0.0003183636834277251
test_19902,0.9998499043745395
test_19903,0.8873149446834636
test_19904,0.9999999999572359
test_19905,0.43100433345517686
test_19906,0.16663009049241967
test_19907,0.16880386476636802
test_19908,0.5226073687877043
test_19909,2.686253586358636e-05
test_19910,1.846541452401834e-06
test_19911,0.0506940001935771
test_19912,0.39487286097164664
test_19913,0.9999999970077416
test_19914,0.0033325756921898154
test_19915,0.00023699515856810444
test_19916,0.003085665817934338
test_19917,1.3133309843641549e-05
test_19918,0.12776537977292718
test_19919,0.0018914274164075577
test_19920,0.880314333075531
test_19921,0.990839443665461
test_19922,0.9999973218284501
test_19923,0.9999999988540136
test_19924,8.903247407772139e-06
test_19925,0.9293682063753448
test_19926,0.009689066584708283
test_19927,0.6535753969066784
test_19928,3.7776784954308965e-06
test_19929,0.9999999819704422
test_19930,0.10703840530899071
test_19931,0.9999999998408657
test_19932,0.9983727026615872
test_19933,4.606715218330365e-15
test_19934,0.9999999929470648
test_19935,4.028104471929072e-08
test_19936,0.9999999863285307
test_19937,0.9999999974314502
test_19938,0.9999390097636435
test_19939,0.2771629047970657
test_19940,0.0014492277965286132
test_19941,0.03552979668764247
test_19942,3.6954414012629144e-07
test_19943,0.5927896370765995
test_19944,0.9999999923779366
test_19945,1.720059456742749e-05
test_19946,1.1005234446325213e-09
test_19947,1.7434258860307524e-05
test_19948,0.9999999995707665
test_19949,4.530182774414377e-06
test_19950,0.6170282798547753
test_19951,0.9995116603105465
test_19952,0.9951766074443276
test_19953,1.2178486436986513e-07
test_19954,0.012555096135652224
test_19955,0.164504986636466
test_19956,3.8231087087168546e-09
test_19957,0.0006699683614145055
test_19958,0.6537767202689521
test_19959,0.9870856459221875
test_19960,0.011986261398797835
test_19961,0.9999907187273456
test_19962,1.0275291372735427e-10
test_19963,3.625830233583375e-05
test_19964,0.746938451516594
test_19965,0.0024292796602584134
test_19966,0.9999999975133651
test_19967,0.6680947502874443
test_19968,0.9142282287802681
test_19969,0.222423720148503
test_19970,0.10454963486732219
test_19971,0.3305110643651886
test_19972,0.14901105527140585
test_19973,0.9999999628773886
test_19974,0.9998556226467343
test_19975,4.745517604703491e-10
test_19976,0.998305050056941
test_19977,2.1016170042348545e-10
test_19978,0.002088282068822277
test_19979,1.0283924896177117e-05
test_19980,0.48885063176940546
test_19981,0.9999939283435234
test_19982,0.9999963400906848
test_19983,0.9995941548804134
test_19984,0.9035108695102732
test_19985,5.417685568805749e-06
test_19986,0.45221763341968235
test_19987,0.9997291834302617
test_19988,0.9997574280065076
test_19989,1.8921291762325037e-07
test_19990,0.5830551663939272
test_19991,0.9999850498568218
test_19992,5.9160155335620376e-09
test_19993,0.5022497006943637
test_19994,0.3935590772342409
test_19995,0.7096617680025509
test_19996,0.002394597336568275
test_19997,1.0103851855057558e-06
test_19998,4.474430554215525e-05
test_19999,0.03256057693068945
